datetime,GHI,DNI,DHI,Temperature,Wind Speed,Relative Humidity
2020-01-01 07:00:00,17,23,15,25.5,3.3000000000000003,75.27
2020-01-01 07:30:00,94,111,74,26.3,3.7,71.88
2020-01-01 08:00:00,201,258,128,27.200000000000003,4.0,67.89
2020-01-01 08:30:00,302,351,167,28.4,4.3,63.370000000000005
2020-01-01 09:00:00,414,501,174,29.5,4.6000000000000005,56.16
2020-01-01 09:30:00,509,561,194,30.6,4.6000000000000005,52.74
2020-01-01 10:00:00,598,628,198,31.6,4.6000000000000005,46.84
2020-01-01 10:30:00,667,661,206,32.5,4.4,44.48
2020-01-01 11:00:00,731,716,197,33.300000000000004,4.2,42.16
2020-01-01 11:30:00,771,731,201,33.800000000000004,4.0,40.96
2020-01-01 12:00:00,662,367,369,34.300000000000004,3.8,40.21
2020-01-01 12:30:00,601,251,400,34.5,3.7,39.76
2020-01-01 13:00:00,614,292,384,34.800000000000004,3.5,39.56
2020-01-01 13:30:00,605,323,359,34.800000000000004,3.5,39.52
2020-01-01 14:00:00,543,277,344,34.800000000000004,3.4000000000000004,40.02
2020-01-01 14:30:00,512,319,301,34.6,3.3000000000000003,40.42
2020-01-01 15:00:00,418,242,274,34.4,3.3000000000000003,41.35
2020-01-01 15:30:00,354,246,227,34.0,3.2,42.27
2020-01-01 16:00:00,326,413,151,33.5,3.1,43.92
2020-01-01 16:30:00,196,202,131,32.800000000000004,2.7,45.72
2020-01-01 17:00:00,119,165,83,32.1,2.3000000000000003,48.59
2020-01-01 17:30:00,48,90,38,31.1,1.9,51.42
2020-01-02 07:00:00,31,144,22,25.3,3.8,74.16
2020-01-02 07:30:00,120,381,54,26.6,4.1000000000000005,68.69
2020-01-02 08:00:00,229,551,74,27.8,4.4,63.89
2020-01-02 08:30:00,340,654,90,29.1,4.4,59.26
2020-01-02 09:00:00,448,733,98,30.4,4.3,54.89
2020-01-02 09:30:00,547,783,106,31.4,4.2,51.86
2020-01-02 10:00:00,557,528,221,32.300000000000004,4.0,49.23
2020-01-02 10:30:00,602,469,274,32.9,3.9,47.6
2020-01-02 11:00:00,761,839,135,33.5,3.8,46.1
2020-01-02 11:30:00,682,470,316,33.800000000000004,3.7,45.29
2020-01-02 12:00:00,821,844,147,34.1,3.6,44.47
2020-01-02 12:30:00,700,459,332,34.2,3.6,44.18
2020-01-02 13:00:00,713,522,301,34.300000000000004,3.5,43.83
2020-01-02 13:30:00,767,778,174,34.300000000000004,3.4000000000000004,43.83
2020-01-02 14:00:00,616,437,301,34.300000000000004,3.4000000000000004,43.54
2020-01-02 14:30:00,616,626,200,34.1,3.3000000000000003,44.03
2020-01-02 15:00:00,570,696,154,33.800000000000004,3.2,44.47
2020-01-02 15:30:00,421,449,189,33.5,3.1,45.22
2020-01-02 16:00:00,329,414,152,33.1,3.0,45.88
2020-01-02 16:30:00,239,393,110,32.5,2.5,47.45
2020-01-02 17:00:00,132,236,80,31.8,2.0,49.86
2020-01-02 17:30:00,53,128,39,30.9,1.5,52.52
2020-01-03 07:00:00,21,0,21,24.9,3.2,69.57000000000001
2020-01-03 07:30:00,123,428,50,26.200000000000003,3.5,64.49
2020-01-03 08:00:00,231,584,68,27.6,3.8,61.24
2020-01-03 08:30:00,342,685,81,29.3,3.7,55.5
2020-01-03 09:00:00,449,749,91,30.9,3.7,50.78
2020-01-03 09:30:00,548,798,100,31.9,3.5,47.99
2020-01-03 10:00:00,617,733,151,32.9,3.2,45.8
2020-01-03 10:30:00,690,763,158,33.5,3.1,44.25
2020-01-03 11:00:00,746,776,167,34.0,2.9000000000000004,43.31
2020-01-03 11:30:00,787,790,171,34.4,2.8000000000000003,42.32
2020-01-03 12:00:00,810,799,172,34.7,2.7,41.45
2020-01-03 12:30:00,814,801,172,34.9,2.6,40.95
2020-01-03 13:00:00,788,739,204,35.0,2.5,40.56
2020-01-03 13:30:00,666,469,308,35.1,2.5,40.3
2020-01-03 14:00:00,622,453,294,35.1,2.4000000000000004,40.18
2020-01-03 14:30:00,550,401,282,34.800000000000004,2.4000000000000004,40.81
2020-01-03 15:00:00,560,642,176,34.6,2.4000000000000004,41.33
2020-01-03 15:30:00,469,592,162,34.1,2.4000000000000004,42.49
2020-01-03 16:00:00,367,519,145,33.7,2.3000000000000003,43.4
2020-01-03 16:30:00,239,384,113,32.9,2.0,45.38
2020-01-03 17:00:00,134,241,81,32.1,1.8,48.69
2020-01-03 17:30:00,59,138,44,31.1,1.5,51.52
2020-01-04 07:00:00,22,69,18,25.1,2.1,72.59
2020-01-04 07:30:00,104,239,63,26.5,2.6,66.84
2020-01-04 08:00:00,206,379,101,27.9,3.1,59.120000000000005
2020-01-04 08:30:00,313,483,129,29.200000000000003,3.4000000000000004,54.84
2020-01-04 09:00:00,418,562,150,30.5,3.7,50.06
2020-01-04 09:30:00,517,620,168,31.4,3.7,47.57
2020-01-04 10:00:00,603,662,182,32.4,3.6,45.09
2020-01-04 10:30:00,676,694,191,33.1,3.4000000000000004,43.31
2020-01-04 11:00:00,732,710,202,33.7,3.2,42.86
2020-01-04 11:30:00,774,724,209,34.2,3.0,41.65
2020-01-04 12:00:00,794,722,218,34.6,2.8000000000000003,41.16
2020-01-04 12:30:00,801,723,221,34.9,2.6,40.44
2020-01-04 13:00:00,792,745,203,35.1,2.4000000000000004,39.95
2020-01-04 13:30:00,760,733,199,35.1,2.3000000000000003,39.95
2020-01-04 14:00:00,708,707,197,35.1,2.2,39.74
2020-01-04 14:30:00,643,679,188,34.9,2.1,40.18
2020-01-04 15:00:00,563,642,177,34.7,2.0,40.54
2020-01-04 15:30:00,471,592,163,34.300000000000004,2.0,41.45
2020-01-04 16:00:00,375,562,133,33.9,2.0,42.29
2020-01-04 16:30:00,268,471,112,33.1,1.8,44.22
2020-01-04 17:00:00,161,348,83,32.2,1.6,48.21
2020-01-04 17:30:00,64,175,44,31.200000000000003,1.5,51.07
2020-01-05 07:00:00,24,80,19,25.200000000000003,3.4000000000000004,73.01
2020-01-05 07:30:00,108,275,62,26.4,3.9,68.02
2020-01-05 08:00:00,213,432,93,27.700000000000003,4.4,57.07
2020-01-05 08:30:00,322,540,117,28.8,4.3,53.54
2020-01-05 09:00:00,430,628,131,29.9,4.2,47.37
2020-01-05 09:30:00,528,684,144,30.9,3.9,44.75
2020-01-05 10:00:00,606,681,173,32.0,3.6,41.09
2020-01-05 10:30:00,682,713,184,32.7,3.3000000000000003,39.47
2020-01-05 11:00:00,741,741,188,33.4,3.0,39.02
2020-01-05 11:30:00,781,755,192,33.9,2.7,37.91
2020-01-05 12:00:00,807,772,189,34.5,2.5,37.45
2020-01-05 12:30:00,812,774,189,34.7,2.3000000000000003,37.04
2020-01-05 13:00:00,798,767,189,35.0,2.2,36.34
2020-01-05 13:30:00,766,756,186,35.1,2.1,36.1
2020-01-05 14:00:00,717,745,176,35.2,2.0,35.56
2020-01-05 14:30:00,651,719,169,35.1,1.9,35.75
2020-01-05 15:00:00,572,687,157,34.9,1.9,36.05
2020-01-05 15:30:00,479,638,145,34.5,1.9,36.85
2020-01-05 16:00:00,378,566,132,34.1,1.8,37.72
2020-01-05 16:30:00,270,475,111,33.2,1.6,39.66
2020-01-05 17:00:00,162,343,84,32.2,1.3,44.39
2020-01-05 17:30:00,64,173,44,31.200000000000003,1.3,47.01
2020-01-06 07:00:00,20,58,17,24.700000000000003,2.1,78.29
2020-01-06 07:30:00,102,228,64,26.1,2.3000000000000003,72.13
2020-01-06 08:00:00,205,373,101,27.5,2.6,62.51
2020-01-06 08:30:00,312,480,130,28.700000000000003,2.7,58.31
2020-01-06 09:00:00,419,564,151,30.0,2.8000000000000003,51.4
2020-01-06 09:30:00,517,623,167,31.0,2.8000000000000003,48.55
2020-01-06 10:00:00,616,722,156,32.1,2.8000000000000003,44.07
2020-01-06 10:30:00,692,755,165,32.800000000000004,2.6,42.33
2020-01-06 11:00:00,755,788,166,33.6,2.5,40.16
2020-01-06 11:30:00,797,802,170,34.1,2.4000000000000004,39.02
2020-01-06 12:00:00,826,826,164,34.7,2.3000000000000003,37.15
2020-01-06 12:30:00,832,828,165,35.0,2.2,36.54
2020-01-06 13:00:00,808,791,180,35.300000000000004,2.1,34.72
2020-01-06 13:30:00,777,780,177,35.4,2.0,34.5
2020-01-06 14:00:00,731,776,167,35.6,1.9,33.02
2020-01-06 14:30:00,665,751,160,35.4,1.9,33.35
2020-01-06 15:00:00,587,724,149,35.300000000000004,1.8,32.93
2020-01-06 15:30:00,493,677,138,34.9,1.8,33.660000000000004
2020-01-06 16:00:00,391,621,121,34.5,1.8,34.230000000000004
2020-01-06 16:30:00,281,532,103,33.4,1.4,36.38
2020-01-06 17:00:00,172,413,77,32.300000000000004,1.1,42.07
2020-01-06 17:30:00,70,231,43,31.0,1.1,45.32
2020-01-07 07:00:00,24,90,19,24.8,1.4,80.62
2020-01-07 07:30:00,108,298,59,26.3,1.6,73.86
2020-01-07 08:00:00,213,448,90,27.8,1.8,64.04
2020-01-07 08:30:00,323,556,113,29.200000000000003,2.0,59.06
2020-01-07 09:00:00,430,630,131,30.700000000000003,2.2,49.3
2020-01-07 09:30:00,530,687,144,31.700000000000003,2.2,46.58
2020-01-07 10:00:00,608,677,177,32.7,2.3000000000000003,41.48
2020-01-07 10:30:00,682,710,187,33.4,2.2,39.89
2020-01-07 11:00:00,742,735,193,34.1,2.2,37.07
2020-01-07 11:30:00,784,750,198,34.6,2.2,36.02
2020-01-07 12:00:00,809,760,199,35.0,2.2,34.13
2020-01-07 12:30:00,814,762,200,35.300000000000004,2.1,33.54
2020-01-07 13:00:00,800,751,202,35.6,2.1,31.96
2020-01-07 13:30:00,768,740,198,35.6,2.1,31.96
2020-01-07 14:00:00,720,727,190,35.7,2.1,31.11
2020-01-07 14:30:00,657,700,184,35.5,2.1,31.46
2020-01-07 15:00:00,577,667,172,35.300000000000004,2.1,31.52
2020-01-07 15:30:00,483,616,158,34.9,2.1,32.22
2020-01-07 16:00:00,381,552,139,34.4,2.0,33.160000000000004
2020-01-07 16:30:00,273,464,116,33.300000000000004,1.7000000000000002,35.25
2020-01-07 17:00:00,166,347,85,32.2,1.3,40.62
2020-01-07 17:30:00,66,185,44,30.9,1.3,43.76
2020-01-08 07:00:00,18,50,15,25.200000000000003,2.0,71.44
2020-01-08 07:30:00,96,204,62,26.3,2.3000000000000003,66.95
2020-01-08 08:00:00,195,336,103,27.5,2.5,60.22
2020-01-08 08:30:00,302,439,136,28.8,2.7,55.85
2020-01-08 09:00:00,404,511,162,30.0,3.0,50.91
2020-01-08 09:30:00,500,570,181,31.0,3.1,48.09
2020-01-08 10:00:00,578,572,214,32.0,3.3000000000000003,46.37
2020-01-08 10:30:00,650,606,227,32.800000000000004,3.2,44.29
2020-01-08 11:00:00,710,642,230,33.6,3.2,43.66
2020-01-08 11:30:00,751,658,236,34.2,3.1,42.19
2020-01-08 12:00:00,777,676,234,34.800000000000004,3.0,41.03
2020-01-08 12:30:00,786,678,238,35.1,2.9000000000000004,40.31
2020-01-08 13:00:00,765,637,256,35.4,2.8000000000000003,39.53
2020-01-08 13:30:00,735,626,252,35.5,2.7,39.31
2020-01-08 14:00:00,687,605,244,35.5,2.5,39.07
2020-01-08 14:30:00,623,576,233,35.300000000000004,2.4000000000000004,39.5
2020-01-08 15:00:00,547,532,223,35.1,2.3000000000000003,39.84
2020-01-08 15:30:00,403,349,218,34.6,2.1,40.96
2020-01-08 16:00:00,358,406,180,34.2,1.9,41.63
2020-01-08 16:30:00,255,323,145,33.4,1.5,43.57
2020-01-08 17:00:00,151,212,101,32.6,1.1,47.26
2020-01-08 17:30:00,57,93,46,31.8,1.0,49.43
2020-01-09 07:00:00,17,42,15,26.8,2.1,67.4
2020-01-09 07:30:00,96,188,65,28.1,2.4000000000000004,62.48
2020-01-09 08:00:00,200,355,103,29.4,2.6,53.0
2020-01-09 08:30:00,304,460,130,30.8,2.7,48.93
2020-01-09 09:00:00,412,562,145,32.1,2.8000000000000003,43.55
2020-01-09 09:30:00,509,621,161,33.0,2.7,41.41
2020-01-09 10:00:00,594,651,179,33.9,2.7,39.8
2020-01-09 10:30:00,667,684,189,34.6,2.6,38.25
2020-01-09 11:00:00,728,717,191,35.300000000000004,2.5,37.43
2020-01-09 11:30:00,770,732,195,35.7,2.3000000000000003,36.58
2020-01-09 12:00:00,795,742,198,36.1,2.2,36.16
2020-01-09 12:30:00,801,745,198,36.3,2.0,35.730000000000004
2020-01-09 13:00:00,783,704,219,36.6,1.9,35.08
2020-01-09 13:30:00,752,693,216,36.6,1.8,35.08
2020-01-09 14:00:00,704,674,210,36.7,1.7000000000000002,34.67
2020-01-09 14:30:00,640,647,201,36.4,1.6,35.24
2020-01-09 15:00:00,561,602,192,36.2,1.6,35.67
2020-01-09 15:30:00,403,341,221,35.7,1.6,36.66
2020-01-09 16:00:00,371,475,161,35.300000000000004,1.5,37.66
2020-01-09 16:30:00,235,307,129,34.5,1.2000000000000002,39.35
2020-01-09 17:00:00,138,208,89,33.6,1.0,43.89
2020-01-09 17:30:00,58,107,45,32.7,0.9,46.15
2020-01-10 07:00:00,19,59,16,26.700000000000003,1.4,71.32000000000001
2020-01-10 07:30:00,98,233,60,28.0,1.5,66.11
2020-01-10 08:00:00,202,393,94,29.4,1.7000000000000002,57.95
2020-01-10 08:30:00,309,500,120,30.700000000000003,1.8,53.8
2020-01-10 09:00:00,416,591,136,32.1,2.0,47.83
2020-01-10 09:30:00,514,648,151,33.0,2.0,45.48
2020-01-10 10:00:00,581,581,211,33.9,2.0,42.59
2020-01-10 10:30:00,603,466,277,34.6,2.0,40.93
2020-01-10 11:00:00,607,349,346,35.300000000000004,1.9,38.73
2020-01-10 11:30:00,644,353,367,35.800000000000004,1.8,37.65
2020-01-10 12:00:00,653,331,386,36.2,1.6,36.29
2020-01-10 12:30:00,488,103,405,36.4,1.5,35.9
2020-01-10 13:00:00,479,101,398,36.6,1.4,35.32
2020-01-10 13:30:00,564,226,389,36.5,1.3,35.480000000000004
2020-01-10 14:00:00,595,350,337,36.4,1.3,35.83
2020-01-10 14:30:00,566,406,289,36.2,1.3,36.22
2020-01-10 15:00:00,470,324,271,36.0,1.2000000000000002,36.95
2020-01-10 15:30:00,375,260,236,35.5,1.2000000000000002,37.97
2020-01-10 16:00:00,354,342,202,35.0,1.2000000000000002,39.75
2020-01-10 16:30:00,111,0,111,34.2,1.2000000000000002,41.54
2020-01-10 17:00:00,149,176,106,33.4,1.2000000000000002,47.23
2020-01-10 17:30:00,55,76,45,32.5,1.4,49.72
2020-01-11 07:00:00,11,20,10,27.200000000000003,1.1,79.29
2020-01-11 07:30:00,71,66,60,28.1,1.2000000000000002,75.32000000000001
2020-01-11 08:00:00,142,120,109,29.1,1.4,68.65
2020-01-11 08:30:00,244,238,154,30.200000000000003,1.4,64.46000000000001
2020-01-11 09:00:00,353,345,189,31.3,1.5,57.95
2020-01-11 09:30:00,374,206,258,32.2,1.4,55.08
2020-01-11 10:00:00,507,365,274,33.1,1.4,50.44
2020-01-11 10:30:00,575,383,307,33.9,1.3,48.2
2020-01-11 11:00:00,598,327,352,34.6,1.2000000000000002,44.19
2020-01-11 11:30:00,641,346,369,35.1,1.1,42.95
2020-01-11 12:00:00,682,378,377,35.6,1.0,40.24
2020-01-11 12:30:00,663,338,388,35.800000000000004,1.0,39.81
2020-01-11 13:00:00,637,307,390,36.0,1.0,38.42
2020-01-11 13:30:00,569,232,389,36.1,1.0,38.17
2020-01-11 14:00:00,320,29,299,36.1,1.0,37.59
2020-01-11 14:30:00,512,277,322,35.9,1.1,38.0
2020-01-11 15:00:00,462,300,277,35.6,1.1,38.29
2020-01-11 15:30:00,275,72,237,35.1,1.1,39.39
2020-01-11 16:00:00,327,336,177,34.6,1.2000000000000002,40.75
2020-01-11 16:30:00,245,337,128,33.800000000000004,1.1,42.59
2020-01-11 17:00:00,161,241,103,33.1,1.0,48.82
2020-01-11 17:30:00,65,113,50,32.300000000000004,1.3,51.11
2020-01-12 07:00:00,20,70,16,26.200000000000003,0.8,89.14
2020-01-12 07:30:00,101,264,58,27.0,0.9,85.14
2020-01-12 08:00:00,206,430,88,27.8,1.1,78.94
2020-01-12 08:30:00,315,539,111,29.1,1.1,73.23
2020-01-12 09:00:00,424,632,124,30.4,1.1,63.5
2020-01-12 09:30:00,526,690,139,31.3,1.1,60.33
2020-01-12 10:00:00,595,604,210,32.300000000000004,1.1,54.61
2020-01-12 10:30:00,670,640,222,33.0,1.1,52.46
2020-01-12 11:00:00,731,672,226,33.6,1.2000000000000002,48.870000000000005
2020-01-12 11:30:00,775,690,232,34.1,1.2000000000000002,47.48
2020-01-12 12:00:00,803,708,231,34.6,1.3,44.9
2020-01-12 12:30:00,810,710,232,34.800000000000004,1.4,44.41
2020-01-12 13:00:00,785,635,274,35.0,1.5,42.9
2020-01-12 13:30:00,548,198,394,35.1,1.6,42.63
2020-01-12 14:00:00,554,262,360,35.2,1.7000000000000002,41.54
2020-01-12 14:30:00,526,303,318,35.0,1.8,41.96
2020-01-12 15:00:00,570,565,221,34.9,1.9,41.53
2020-01-12 15:30:00,479,514,202,34.4,1.9,42.7
2020-01-12 16:00:00,380,455,176,34.0,2.0,43.79
2020-01-12 16:30:00,274,370,145,33.1,1.9,46.05
2020-01-12 17:00:00,168,263,104,32.2,1.8,52.09
2020-01-12 17:30:00,70,129,53,31.3,2.0,54.81
2020-01-13 07:30:00,36,0,36,27.200000000000003,1.7000000000000002,82.0
2020-01-13 08:00:00,77,0,77,28.200000000000003,2.1,74.56
2020-01-13 08:30:00,127,0,127,29.4,2.4000000000000004,69.58
2020-01-13 09:00:00,413,545,155,30.6,2.8000000000000003,61.04
2020-01-13 09:30:00,512,605,172,31.3,3.0,58.66
2020-01-13 10:00:00,577,532,238,32.0,3.1,54.61
2020-01-13 10:30:00,434,130,343,32.6,3.0,52.8
2020-01-13 11:00:00,716,608,258,33.1,2.9000000000000004,49.5
2020-01-13 11:30:00,759,625,265,33.5,2.7,48.41
2020-01-13 12:00:00,354,29,330,33.9,2.5,45.72
2020-01-13 12:30:00,597,223,415,34.1,2.4000000000000004,45.17
2020-01-13 13:00:00,771,595,292,34.300000000000004,2.2,43.78
2020-01-13 13:30:00,648,368,360,34.300000000000004,2.1,43.73
2020-01-13 14:00:00,558,266,360,34.300000000000004,2.0,43.13
2020-01-13 14:30:00,180,2,178,34.1,2.0,43.61
2020-01-13 15:00:00,222,12,215,33.9,2.0,43.83
2020-01-13 15:30:00,328,145,249,33.300000000000004,2.0,45.32
2020-01-13 16:00:00,367,351,208,32.800000000000004,2.0,46.96
2020-01-13 16:30:00,266,274,170,32.1,1.9,48.9
2020-01-13 17:00:00,160,178,117,31.3,1.8,54.1
2020-01-13 17:30:00,63,79,52,30.4,1.9,56.94
2020-01-14 08:00:00,190,279,114,28.3,2.0,71.2
2020-01-14 08:30:00,73,0,73,29.4,2.1,66.83
2020-01-14 09:00:00,339,300,197,30.4,2.2,60.01
2020-01-14 09:30:00,418,311,243,31.200000000000003,2.2,57.34
2020-01-14 10:00:00,499,341,281,32.0,2.3000000000000003,52.620000000000005
2020-01-14 10:30:00,644,505,289,32.5,2.2,51.17
2020-01-14 11:00:00,703,526,307,33.1,2.1,47.71
2020-01-14 11:30:00,746,544,316,33.5,2.0,46.66
2020-01-14 12:00:00,767,536,332,34.0,1.9,43.9
2020-01-14 12:30:00,774,539,334,34.2,1.8,43.42
2020-01-14 13:00:00,767,554,320,34.4,1.7000000000000002,42.01
2020-01-14 13:30:00,566,219,394,34.4,1.7000000000000002,41.97
2020-01-14 14:00:00,405,73,350,34.4,1.6,41.37
2020-01-14 14:30:00,626,478,296,34.2,1.7000000000000002,41.83
2020-01-14 15:00:00,324,69,281,34.0,1.7000000000000002,41.9
2020-01-14 15:30:00,461,387,250,33.5,1.8,43.09
2020-01-14 16:00:00,361,320,216,33.1,1.8,43.97
2020-01-14 16:30:00,259,249,170,32.300000000000004,1.8,45.98
2020-01-14 17:00:00,153,160,113,31.4,1.7000000000000002,51.6
2020-01-14 17:30:00,58,71,48,30.5,1.8,54.31
2020-01-15 07:00:00,14,33,12,25.700000000000003,1.7000000000000002,85.84
2020-01-15 07:30:00,91,163,65,26.9,1.8,80.0
2020-01-15 08:00:00,194,296,114,28.1,1.9,71.46000000000001
2020-01-15 08:30:00,302,397,152,29.200000000000003,1.8,67.13
2020-01-15 09:00:00,409,486,178,30.3,1.7000000000000002,59.3
2020-01-15 09:30:00,46,0,46,31.200000000000003,1.6,56.34
2020-01-15 10:00:00,580,507,256,32.1,1.5,50.29
2020-01-15 10:30:00,655,542,273,32.7,1.4,48.620000000000005
2020-01-15 11:00:00,410,72,356,33.300000000000004,1.4,45.56
2020-01-15 11:30:00,759,570,308,33.7,1.3,44.51
2020-01-15 12:00:00,522,134,413,34.1,1.3,42.34
2020-01-15 12:30:00,790,575,319,34.300000000000004,1.3,41.83
2020-01-15 13:00:00,786,601,298,34.6,1.2000000000000002,40.33
2020-01-15 13:30:00,756,590,293,34.6,1.2000000000000002,40.33
2020-01-15 14:00:00,581,302,356,34.7,1.2000000000000002,39.17
2020-01-15 14:30:00,649,553,266,34.5,1.3,39.61
2020-01-15 15:00:00,571,515,248,34.300000000000004,1.4,39.41
2020-01-15 15:30:00,481,467,226,33.9,1.5,40.29
2020-01-15 16:00:00,381,402,197,33.4,1.5,41.19
2020-01-15 16:30:00,275,323,160,32.5,1.5,43.31
2020-01-15 17:00:00,168,233,109,31.6,1.4,49.54
2020-01-15 17:30:00,69,117,53,30.6,1.6,52.43
2020-01-16 07:00:00,15,42,13,25.5,0.8,84.84
2020-01-16 07:30:00,92,190,62,26.8,0.8,78.59
2020-01-16 08:00:00,196,331,106,28.1,0.8,68.13
2020-01-16 08:30:00,305,436,140,29.4,1.0,63.27
2020-01-16 09:00:00,413,523,164,30.700000000000003,1.1,53.7
2020-01-16 09:30:00,513,584,184,31.6,1.2000000000000002,51.03
2020-01-16 10:00:00,589,566,227,32.6,1.4,45.49
2020-01-16 10:30:00,668,601,244,33.300000000000004,1.4,43.7
2020-01-16 11:00:00,726,617,260,33.9,1.5,40.51
2020-01-16 11:30:00,770,634,268,34.4,1.5,39.41
2020-01-16 12:00:00,796,639,275,34.800000000000004,1.5,37.45
2020-01-16 12:30:00,803,642,276,35.0,1.5,37.0
2020-01-16 13:00:00,787,616,287,35.2,1.5,35.730000000000004
2020-01-16 13:30:00,758,605,282,35.2,1.5,35.7
2020-01-16 14:00:00,555,250,367,35.2,1.5,35.11
2020-01-16 14:30:00,647,558,259,35.0,1.5,35.5
2020-01-16 15:00:00,568,516,244,34.800000000000004,1.6,35.72
2020-01-16 15:30:00,479,468,221,34.300000000000004,1.6,36.72
2020-01-16 16:00:00,377,396,195,33.800000000000004,1.7000000000000002,38.05
2020-01-16 16:30:00,272,319,157,32.800000000000004,1.7000000000000002,40.27
2020-01-16 17:00:00,165,222,109,31.8,1.7000000000000002,47.49
2020-01-16 17:30:00,67,111,52,30.700000000000003,1.9,50.54
2020-01-17 07:00:00,12,30,11,25.5,1.3,85.58
2020-01-17 07:30:00,87,152,62,26.700000000000003,1.1,79.82000000000001
2020-01-17 08:00:00,189,281,113,28.0,0.8,70.06
2020-01-17 08:30:00,296,380,153,29.4,0.9,64.62
2020-01-17 09:00:00,402,460,183,30.9,0.9,55.57
2020-01-17 09:30:00,501,520,208,31.8,1.2000000000000002,52.81
2020-01-17 10:00:00,581,532,240,32.800000000000004,1.4,48.3
2020-01-17 10:30:00,660,567,260,33.4,1.5,46.71
2020-01-17 11:00:00,715,569,284,34.0,1.6,43.72
2020-01-17 11:30:00,763,587,297,34.5,1.5,42.48
2020-01-17 12:00:00,780,557,325,34.9,1.5,40.24
2020-01-17 12:30:00,788,560,326,35.1,1.4,39.76
2020-01-17 13:00:00,647,306,397,35.2,1.3,38.72
2020-01-17 13:30:00,752,547,320,35.300000000000004,1.2000000000000002,38.51
2020-01-17 14:00:00,704,515,317,35.4,1.2000000000000002,37.89
2020-01-17 14:30:00,642,488,302,35.2,1.2000000000000002,38.31
2020-01-17 15:00:00,565,448,282,35.0,1.2000000000000002,38.74
2020-01-17 15:30:00,301,94,250,34.5,1.2000000000000002,39.83
2020-01-17 16:00:00,375,333,222,34.1,1.2000000000000002,41.14
2020-01-17 16:30:00,271,261,176,33.300000000000004,1.2000000000000002,43.01
2020-01-17 17:00:00,163,169,120,32.5,1.1,48.3
2020-01-17 17:30:00,65,78,54,31.6,1.3,50.82
2020-01-18 07:00:00,11,24,10,25.8,1.6,79.83
2020-01-18 07:30:00,82,131,61,27.1,1.7000000000000002,73.96000000000001
2020-01-18 08:00:00,184,255,115,28.3,1.8,65.49
2020-01-18 08:30:00,290,350,158,29.6,1.8,60.83
2020-01-18 09:00:00,398,443,187,30.8,1.8,54.95
2020-01-18 09:30:00,496,503,212,31.8,1.8,51.88
2020-01-18 10:00:00,587,564,225,32.9,1.7000000000000002,47.76
2020-01-18 10:30:00,663,600,239,33.6,1.7000000000000002,45.93
2020-01-18 11:00:00,724,624,250,34.4,1.7000000000000002,42.57
2020-01-18 11:30:00,768,642,257,34.9,1.7000000000000002,41.41
2020-01-18 12:00:00,795,653,260,35.4,1.6,38.93
2020-01-18 12:30:00,804,658,262,35.6,1.6,38.47
2020-01-18 13:00:00,770,554,318,35.9,1.6,36.59
2020-01-18 13:30:00,740,542,311,35.9,1.6,36.55
2020-01-18 14:00:00,694,522,301,35.9,1.6,35.78
2020-01-18 14:30:00,633,495,286,35.7,1.6,36.14
2020-01-18 15:00:00,556,457,267,35.5,1.7000000000000002,36.23
2020-01-18 15:30:00,468,411,240,35.0,1.7000000000000002,37.24
2020-01-18 16:00:00,368,342,209,34.5,1.7000000000000002,38.2
2020-01-18 16:30:00,264,270,165,33.5,1.6,40.42
2020-01-18 17:00:00,158,181,111,32.6,1.4,46.01
2020-01-18 17:30:00,63,89,50,31.5,1.6,48.95
2020-01-19 07:30:00,73,93,58,27.1,1.8,78.88
2020-01-19 08:00:00,173,193,121,28.1,2.0,69.73
2020-01-19 08:30:00,277,276,173,29.3,2.2,65.06
2020-01-19 09:00:00,386,375,207,30.4,2.4000000000000004,57.17
2020-01-19 09:30:00,483,433,238,31.3,2.4000000000000004,54.32
2020-01-19 10:00:00,556,433,278,32.2,2.4000000000000004,48.42
2020-01-19 10:30:00,630,467,299,33.0,2.4000000000000004,46.3
2020-01-19 11:00:00,693,509,307,33.800000000000004,2.3000000000000003,42.36
2020-01-19 11:30:00,737,526,317,34.300000000000004,2.2,41.21
2020-01-19 12:00:00,764,542,319,34.9,2.2,38.36
2020-01-19 12:30:00,773,546,322,35.2,2.1,37.73
2020-01-19 13:00:00,752,498,344,35.5,2.0,35.7
2020-01-19 13:30:00,725,488,337,35.6,2.0,35.47
2020-01-19 14:00:00,682,476,322,35.7,1.9,34.32
2020-01-19 14:30:00,621,450,305,35.5,1.8,34.7
2020-01-19 15:00:00,548,424,279,35.4,1.8,34.29
2020-01-19 15:30:00,456,379,245,35.0,1.8,35.050000000000004
2020-01-19 16:00:00,361,330,207,34.5,1.8,36.17
2020-01-19 16:30:00,259,262,163,33.5,1.5,38.27
2020-01-19 17:00:00,158,189,109,32.5,1.2000000000000002,43.83
2020-01-19 17:30:00,64,96,49,31.3,1.3,46.89
2020-01-20 08:00:00,11,0,11,27.3,2.5,72.42
2020-01-20 08:30:00,25,0,25,28.4,2.5,67.94
2020-01-20 09:00:00,171,8,167,29.5,2.4000000000000004,60.88
2020-01-20 09:30:00,198,9,193,30.5,2.4000000000000004,57.49
2020-01-20 10:00:00,238,14,229,31.6,2.3000000000000003,51.04
2020-01-20 10:30:00,504,223,346,32.5,2.1,48.47
2020-01-20 11:00:00,708,576,270,33.300000000000004,2.0,44.47
2020-01-20 11:30:00,753,594,278,33.9,1.8,43.01
2020-01-20 12:00:00,779,601,285,34.5,1.7000000000000002,40.35
2020-01-20 12:30:00,586,192,426,34.800000000000004,1.6,39.65
2020-01-20 13:00:00,772,574,301,35.1,1.5,37.69
2020-01-20 13:30:00,744,563,295,35.2,1.5,37.44
2020-01-20 14:00:00,701,555,280,35.300000000000004,1.5,36.18
2020-01-20 14:30:00,637,529,263,35.2,1.5,36.38
2020-01-20 15:00:00,289,37,265,35.1,1.5,35.78
2020-01-20 15:30:00,309,97,254,34.7,1.4,36.57
2020-01-20 16:00:00,206,37,189,34.300000000000004,1.4,37.11
2020-01-20 16:30:00,137,9,133,33.4,1.2000000000000002,39.06
2020-01-20 17:00:00,66,0,66,32.5,1.0,44.55
2020-01-20 17:30:00,30,0,30,31.4,1.1,47.4
2020-01-21 08:00:00,179,232,116,28.0,2.3000000000000003,71.67
2020-01-21 08:30:00,284,323,161,29.1,2.3000000000000003,67.26
2020-01-21 09:00:00,390,415,192,30.200000000000003,2.3000000000000003,60.05
2020-01-21 09:30:00,488,475,219,31.200000000000003,2.2,56.73
2020-01-21 10:00:00,568,484,256,32.2,2.1,50.49
2020-01-21 10:30:00,643,519,274,32.9,2.0,48.54
2020-01-21 11:00:00,567,250,376,33.7,1.9,44.73
2020-01-21 11:30:00,583,223,404,34.2,1.8,43.5
2020-01-21 12:00:00,534,138,420,34.800000000000004,1.8,40.66
2020-01-21 12:30:00,540,138,425,35.0,1.8,40.18
2020-01-21 13:00:00,514,119,416,35.300000000000004,1.8,38.52
2020-01-21 13:30:00,735,531,310,35.300000000000004,1.9,38.48
2020-01-21 14:00:00,692,521,295,35.300000000000004,2.0,37.71
2020-01-21 14:30:00,631,495,281,35.1,2.1,38.13
2020-01-21 15:00:00,555,456,263,34.9,2.1,38.09
2020-01-21 15:30:00,467,411,236,34.5,2.2,38.94
2020-01-21 16:00:00,368,344,206,34.0,2.2,39.98
2020-01-21 16:30:00,266,274,163,33.0,2.0,42.32
2020-01-21 17:00:00,162,193,111,32.1,1.9,47.29
2020-01-21 17:30:00,67,99,52,31.1,2.0,50.04
2020-01-22 07:30:00,78,118,59,27.200000000000003,0.8,77.84
2020-01-22 08:00:00,178,226,116,28.5,1.1,67.77
2020-01-22 08:30:00,283,315,164,29.700000000000003,1.3,63.25
2020-01-22 09:00:00,387,392,200,31.0,1.6,55.32
2020-01-22 09:30:00,349,150,264,32.0,1.6,52.28
2020-01-22 10:00:00,584,548,230,32.9,1.7000000000000002,48.16
2020-01-22 10:30:00,660,583,245,33.7,1.5,46.06
2020-01-22 11:00:00,724,615,253,34.5,1.4,42.8
2020-01-22 11:30:00,769,633,261,35.0,1.3,41.63
2020-01-22 12:00:00,797,646,263,35.6,1.2000000000000002,39.08
2020-01-22 12:30:00,806,649,265,36.0,1.2000000000000002,38.2
2020-01-22 13:00:00,799,654,259,36.3,1.1,36.41
2020-01-22 13:30:00,771,644,255,36.4,1.2000000000000002,36.21
2020-01-22 14:00:00,725,626,247,36.5,1.2000000000000002,35.21
2020-01-22 14:30:00,663,600,237,36.4,1.2000000000000002,35.4
2020-01-22 15:00:00,398,140,308,36.2,1.3,35.22
2020-01-22 15:30:00,318,105,258,35.800000000000004,1.4,36.0
2020-01-22 16:00:00,397,439,188,35.300000000000004,1.5,36.85
2020-01-22 16:30:00,291,361,155,34.4,1.4,38.73
2020-01-22 17:00:00,183,259,114,33.5,1.4,43.68
2020-01-22 17:30:00,81,141,59,32.4,1.7000000000000002,46.5
2020-01-22 18:00:00,10,26,9,31.3,1.9,52.16
2020-01-23 07:00:00,13,37,12,26.5,1.7000000000000002,80.37
2020-01-23 07:30:00,90,176,62,27.9,1.9,74.06
2020-01-23 08:00:00,194,315,108,29.3,2.0,64.13
2020-01-23 08:30:00,303,418,144,30.8,2.1,58.86
2020-01-23 09:00:00,410,501,170,32.2,2.1,50.96
2020-01-23 09:30:00,511,561,192,33.1,2.1,48.45
2020-01-23 10:00:00,581,507,253,34.1,2.1,44.42
2020-01-23 10:30:00,657,542,270,34.7,2.1,42.93
2020-01-23 11:00:00,717,563,286,35.4,2.1,40.17
2020-01-23 11:30:00,766,581,299,35.800000000000004,2.0,39.26
2020-01-23 12:00:00,788,564,320,36.2,1.8,37.54
2020-01-23 12:30:00,800,566,327,36.4,1.7000000000000002,37.14
2020-01-23 13:00:00,791,568,321,36.6,1.6,35.92
2020-01-23 13:30:00,764,558,315,36.5,1.7000000000000002,36.12
2020-01-23 14:00:00,720,525,318,36.4,1.8,35.9
2020-01-23 14:30:00,654,499,298,36.1,2.0,36.49
2020-01-23 15:00:00,580,474,273,35.800000000000004,2.3000000000000003,37.06
2020-01-23 15:30:00,491,428,248,35.300000000000004,2.6,38.09
2020-01-23 16:00:00,396,396,207,34.800000000000004,3.0,39.44
2020-01-23 16:30:00,291,322,170,33.9,3.0,41.49
2020-01-23 17:00:00,186,247,120,33.0,3.1,45.25
2020-01-23 17:30:00,84,133,63,31.9,3.2,48.14
2020-01-23 18:00:00,11,24,10,30.8,3.3000000000000003,54.82
2020-01-24 07:00:00,12,26,10,26.700000000000003,2.2,83.07000000000001
2020-01-24 07:30:00,86,142,63,28.0,2.4000000000000004,77.0
2020-01-24 08:00:00,188,274,113,29.4,2.6,66.06
2020-01-24 08:30:00,296,373,154,30.8,2.8000000000000003,60.98
2020-01-24 09:00:00,405,468,180,32.2,3.0,51.55
2020-01-24 09:30:00,505,529,203,33.2,3.1,48.69
2020-01-24 10:00:00,586,531,241,34.2,3.1,43.6
2020-01-24 10:30:00,663,568,257,34.800000000000004,3.1,42.18
2020-01-24 11:00:00,729,609,261,35.5,3.1,39.88
2020-01-24 11:30:00,774,627,269,35.9,3.2,38.98
2020-01-24 12:00:00,806,651,265,36.3,3.2,37.84
2020-01-24 12:30:00,723,424,368,36.4,3.3000000000000003,37.6
2020-01-24 13:00:00,804,646,268,36.6,3.3000000000000003,36.79
2020-01-24 13:30:00,697,437,345,36.4,3.3000000000000003,37.19
2020-01-24 14:00:00,721,594,265,36.3,3.3000000000000003,37.14
2020-01-24 14:30:00,667,590,245,36.0,3.3000000000000003,37.75
2020-01-24 15:00:00,547,444,259,35.6,3.3000000000000003,38.61
2020-01-24 15:30:00,460,412,225,35.0,3.4000000000000004,39.91
2020-01-24 16:00:00,401,448,186,34.4,3.4000000000000004,41.75
2020-01-24 16:30:00,295,370,154,33.4,3.5,44.14
2020-01-24 17:00:00,188,275,113,32.5,3.6,48.16
2020-01-24 17:30:00,86,152,62,31.4,3.7,51.24
2020-01-24 18:00:00,12,28,10,30.4,3.8,58.120000000000005
2020-01-25 07:00:00,12,27,11,26.8,3.0,82.08
2020-01-25 07:30:00,89,151,64,28.0,3.3000000000000003,76.61
2020-01-25 08:00:00,193,286,115,29.3,3.6,65.58
2020-01-25 08:30:00,273,345,142,30.5,3.8,61.23
2020-01-25 09:00:00,372,393,183,31.6,4.0,54.34
2020-01-25 09:30:00,432,330,244,32.5,4.1000000000000005,51.66
2020-01-25 10:00:00,589,513,255,33.4,4.1000000000000005,47.63
2020-01-25 10:30:00,562,322,332,34.0,4.1000000000000005,46.07
2020-01-25 11:00:00,727,570,288,34.6,4.1000000000000005,43.69
2020-01-25 11:30:00,687,397,366,34.9,4.2,42.93
2020-01-25 12:00:00,707,386,385,35.2,4.3,41.61
2020-01-25 12:30:00,638,253,425,35.2,4.4,41.57
2020-01-25 13:00:00,812,627,290,35.300000000000004,4.5,41.01
2020-01-25 13:30:00,561,183,413,35.1,4.7,41.46
2020-01-25 14:00:00,596,289,373,34.9,4.800000000000001,41.87
2020-01-25 14:30:00,586,370,320,34.4,4.9,43.05
2020-01-25 15:00:00,562,491,242,34.0,5.0,44.42
2020-01-25 15:30:00,450,375,235,33.2,5.1000000000000005,46.44
2020-01-25 16:00:00,344,295,201,32.5,5.2,49.67
2020-01-25 16:30:00,224,163,162,31.5,5.2,52.55
2020-01-25 17:00:00,163,207,106,30.5,5.300000000000001,58.120000000000005
2020-01-25 17:30:00,79,116,60,29.700000000000003,5.2,60.9
2020-01-25 18:00:00,12,19,11,28.9,5.2,66.65
2020-01-26 07:00:00,12,18,11,26.4,2.8000000000000003,70.34
2020-01-26 07:30:00,89,127,69,27.6,2.9000000000000004,65.58
2020-01-26 08:00:00,196,285,118,28.8,3.0,55.35
2020-01-26 08:30:00,306,391,157,30.0,3.0,51.67
2020-01-26 09:00:00,376,405,181,31.200000000000003,3.0,45.4
2020-01-26 09:30:00,460,407,227,32.2,3.0,42.91
2020-01-26 10:00:00,520,365,282,33.1,2.9000000000000004,40.59
2020-01-26 10:30:00,703,697,202,33.7,2.9000000000000004,39.22
2020-01-26 11:00:00,773,746,197,34.300000000000004,2.8000000000000003,38.05
2020-01-26 11:30:00,822,764,202,34.800000000000004,2.8000000000000003,36.98
2020-01-26 12:00:00,857,798,191,35.300000000000004,2.8000000000000003,35.37
2020-01-26 12:30:00,869,803,192,35.5,2.8000000000000003,34.95
2020-01-26 13:00:00,867,836,169,35.800000000000004,2.9000000000000004,33.51
2020-01-26 13:30:00,840,829,167,35.800000000000004,2.9000000000000004,33.480000000000004
2020-01-26 14:00:00,795,830,154,35.800000000000004,3.0,32.7
2020-01-26 14:30:00,731,808,148,35.6,3.0,33.06
2020-01-26 15:00:00,653,789,138,35.300000000000004,3.1,33.07
2020-01-26 15:30:00,559,748,129,34.800000000000004,3.0,34.0
2020-01-26 16:00:00,453,697,115,34.300000000000004,3.0,34.92
2020-01-26 16:30:00,339,618,100,33.300000000000004,2.9000000000000004,36.92
2020-01-26 17:00:00,223,510,81,32.300000000000004,2.7,40.92
2020-01-26 17:30:00,111,346,54,30.9,2.7,44.28
2020-01-26 18:00:00,23,104,17,29.6,2.8000000000000003,52.29
2020-01-27 07:00:00,20,79,17,24.0,2.7,72.11
2020-01-27 07:30:00,107,312,57,25.4,2.9000000000000004,66.42
2020-01-27 08:00:00,219,494,83,26.8,3.1,51.93
2020-01-27 08:30:00,336,609,103,28.200000000000003,3.0,47.91
2020-01-27 09:00:00,454,705,114,29.6,2.9000000000000004,38.77
2020-01-27 09:30:00,561,761,125,30.700000000000003,2.8000000000000003,36.41
2020-01-27 10:00:00,661,814,129,31.700000000000003,2.8000000000000003,32.2
2020-01-27 10:30:00,743,843,135,32.5,2.8000000000000003,30.76
2020-01-27 11:00:00,813,877,134,33.300000000000004,2.9000000000000004,28.61
2020-01-27 11:30:00,861,891,137,33.9,3.0,27.67
2020-01-27 12:00:00,893,909,133,34.4,3.1,26.55
2020-01-27 12:30:00,906,914,134,34.7,3.2,26.09
2020-01-27 13:00:00,899,921,128,35.0,3.3000000000000003,25.16
2020-01-27 13:30:00,870,914,126,35.0,3.5,25.16
2020-01-27 14:00:00,824,906,121,35.0,3.6,24.96
2020-01-27 14:30:00,758,886,117,34.800000000000004,3.7,25.24
2020-01-27 15:00:00,675,859,111,34.5,3.9,26.19
2020-01-27 15:30:00,579,822,105,33.9,4.0,27.08
2020-01-27 16:00:00,471,770,96,33.300000000000004,4.1000000000000005,29.42
2020-01-27 16:30:00,354,695,85,32.1,4.0,31.5
2020-01-27 17:00:00,235,585,71,31.0,3.8,37.39
2020-01-27 17:30:00,120,417,50,29.700000000000003,3.7,40.3
2020-01-27 18:00:00,26,138,19,28.5,3.6,49.6
2020-01-28 07:00:00,24,110,19,21.700000000000003,2.6,79.56
2020-01-28 07:30:00,116,382,54,23.3,2.7,72.22
2020-01-28 08:00:00,232,564,76,24.8,2.7,59.02
2020-01-28 08:30:00,352,676,93,26.5,2.4000000000000004,53.38
2020-01-28 09:00:00,470,756,104,28.200000000000003,2.2,42.53
2020-01-28 09:30:00,579,810,113,29.3,2.2,39.91
2020-01-28 10:00:00,671,821,133,30.4,2.1,35.6
2020-01-28 10:30:00,755,853,139,31.3,2.2,33.79
2020-01-28 11:00:00,823,879,141,32.1,2.2,30.9
2020-01-28 11:30:00,872,893,144,32.7,2.3000000000000003,29.85
2020-01-28 12:00:00,904,907,143,33.300000000000004,2.3000000000000003,27.69
2020-01-28 12:30:00,914,910,143,33.6,2.4000000000000004,27.21
2020-01-28 13:00:00,901,895,150,34.0,2.4000000000000004,25.82
2020-01-28 13:30:00,875,889,148,34.0,2.4000000000000004,25.82
2020-01-28 14:00:00,828,881,143,34.1,2.5,25.33
2020-01-28 14:30:00,761,860,137,33.9,2.6,25.59
2020-01-28 15:00:00,679,835,129,33.7,2.7,25.8
2020-01-28 15:30:00,583,796,121,33.2,2.8000000000000003,26.55
2020-01-28 16:00:00,475,745,110,32.7,2.9000000000000004,27.88
2020-01-28 16:30:00,357,667,97,31.5,2.8000000000000003,29.83
2020-01-28 17:00:00,237,562,79,30.4,2.7,35.28
2020-01-28 17:30:00,121,395,55,29.0,2.6,38.27
2020-01-28 18:00:00,27,135,20,27.5,2.5,48.47
2020-01-29 07:00:00,21,86,17,23.1,2.0,72.29
2020-01-29 07:30:00,110,328,57,24.700000000000003,1.8,65.68
2020-01-29 08:00:00,221,492,85,26.3,1.6,56.3
2020-01-29 08:30:00,339,606,106,27.9,1.3,51.28
2020-01-29 09:00:00,454,686,121,29.6,1.0,44.99
2020-01-29 09:30:00,562,743,134,30.8,0.9,42.01
2020-01-29 10:00:00,650,737,166,31.9,0.8,36.78
2020-01-29 10:30:00,731,770,174,32.800000000000004,0.7000000000000001,34.93
2020-01-29 11:00:00,797,791,182,33.6,0.6000000000000001,31.81
2020-01-29 11:30:00,845,807,186,34.2,0.6000000000000001,30.74
2020-01-29 12:00:00,872,810,191,34.800000000000004,0.6000000000000001,28.14
2020-01-29 12:30:00,883,813,192,35.1,0.7000000000000001,27.67
2020-01-29 13:00:00,862,755,226,35.4,0.7000000000000001,26.45
2020-01-29 13:30:00,834,746,223,35.5,0.8,26.28
2020-01-29 14:00:00,784,719,223,35.6,0.9,25.8
2020-01-29 14:30:00,718,692,214,35.4,0.9,26.09
2020-01-29 15:00:00,637,650,207,35.300000000000004,1.0,26.1
2020-01-29 15:30:00,544,604,192,34.800000000000004,1.1,26.83
2020-01-29 16:00:00,426,464,198,34.4,1.2000000000000002,27.63
2020-01-29 16:30:00,317,385,165,33.4,1.1,29.23
2020-01-29 17:00:00,205,272,128,32.300000000000004,0.9,34.53
2020-01-29 17:30:00,98,151,72,31.0,1.0,37.16
2020-01-29 18:00:00,16,29,14,29.700000000000003,1.1,42.67
2020-01-30 07:00:00,16,36,14,24.4,4.0,62.11
2020-01-30 07:30:00,99,189,68,25.3,4.2,58.94
2020-01-30 08:00:00,206,343,111,26.200000000000003,4.3,51.81
2020-01-30 08:30:00,319,453,144,27.4,4.1000000000000005,48.34
2020-01-30 09:00:00,432,547,166,28.6,3.8,43.85
2020-01-30 09:30:00,537,609,185,29.6,3.6,41.4
2020-01-30 10:00:00,613,560,244,30.700000000000003,3.3000000000000003,38.79
2020-01-30 10:30:00,692,596,259,31.6,3.1,36.86
2020-01-30 11:00:00,760,637,263,32.4,2.9000000000000004,35.39
2020-01-30 11:30:00,808,656,271,33.1,2.8000000000000003,33.99
2020-01-30 12:00:00,757,494,341,33.7,2.6,33.22
2020-01-30 12:30:00,721,375,402,34.0,2.5,32.64
2020-01-30 13:00:00,783,535,331,34.4,2.3000000000000003,32.33
2020-01-30 13:30:00,686,369,383,34.5,2.2,32.12
2020-01-30 14:00:00,652,377,357,34.6,2.1,32.02
2020-01-30 14:30:00,562,295,346,34.5,2.0,32.160000000000004
2020-01-30 15:00:00,525,350,293,34.4,1.9,31.92
2020-01-30 15:30:00,452,350,247,34.0,1.9,32.64
2020-01-30 16:00:00,405,471,172,33.6,1.9,33.07
2020-01-30 16:30:00,323,409,162,32.800000000000004,1.6,34.58
2020-01-30 17:00:00,211,309,123,32.0,1.3,36.94
2020-01-30 17:30:00,104,177,73,30.700000000000003,1.1,39.8
2020-01-30 18:00:00,19,40,17,29.5,1.0,44.58
2020-01-31 07:00:00,17,40,15,23.3,3.7,56.33
2020-01-31 07:30:00,102,195,70,24.200000000000003,3.8,53.38
2020-01-31 08:00:00,190,341,95,25.200000000000003,4.0,49.44
2020-01-31 08:30:00,274,328,147,26.4,3.8,46.1
2020-01-31 09:00:00,370,366,191,27.700000000000003,3.7,42.65
2020-01-31 09:30:00,537,599,190,28.9,3.5,39.79
2020-01-31 10:00:00,528,369,285,30.200000000000003,3.3000000000000003,37.48
2020-01-31 10:30:00,602,388,319,31.1,3.1,35.58
2020-01-31 11:00:00,769,667,247,32.1,2.9000000000000004,34.19
2020-01-31 11:30:00,817,685,254,32.7,2.6,33.02
2020-01-31 12:00:00,848,704,253,33.4,2.4000000000000004,32.43
2020-01-31 12:30:00,857,706,254,33.7,2.2,31.9
2020-01-31 13:00:00,753,476,349,34.1,2.0,31.68
2020-01-31 13:30:00,812,657,270,34.2,1.9,31.47
2020-01-31 14:00:00,699,502,305,34.300000000000004,1.8,31.21
2020-01-31 14:30:00,601,373,327,34.1,1.8,31.53
2020-01-31 15:00:00,622,574,240,33.9,1.8,31.92
2020-01-31 15:30:00,530,527,221,33.5,1.8,32.64
2020-01-31 16:00:00,427,460,199,33.1,1.8,33.39
2020-01-31 16:30:00,319,383,167,32.300000000000004,1.7000000000000002,34.92
2020-01-31 17:00:00,206,286,123,31.5,1.6,37.68
2020-01-31 17:30:00,100,164,71,30.4,1.6,40.1
2020-01-31 18:00:00,18,38,16,29.3,1.6,44.77
2020-02-01 07:00:00,15,35,13,25.0,2.6,65.48
2020-02-01 07:30:00,96,175,67,26.1,2.8000000000000003,61.35
2020-02-01 08:00:00,204,321,114,27.200000000000003,3.0,54.5
2020-02-01 08:30:00,316,426,150,28.4,3.0,50.83
2020-02-01 09:00:00,429,522,174,29.6,3.0,43.6
2020-02-01 09:30:00,533,583,194,30.5,2.9000000000000004,41.41
2020-02-01 10:00:00,611,542,252,31.5,2.8000000000000003,36.35
2020-02-01 10:30:00,690,578,269,32.2,2.7,34.95
2020-02-01 11:00:00,755,606,280,32.9,2.6,32.35
2020-02-01 11:30:00,802,624,288,33.4,2.4000000000000004,31.46
2020-02-01 12:00:00,832,637,292,33.9,2.2,30.2
2020-02-01 12:30:00,843,640,294,34.2,2.1,29.67
2020-02-01 13:00:00,820,595,314,34.5,1.9,28.57
2020-02-01 13:30:00,793,585,309,34.5,1.9,28.54
2020-02-01 14:00:00,747,566,300,34.6,1.8,28.01
2020-02-01 14:30:00,685,540,287,34.5,1.8,28.13
2020-02-01 15:00:00,607,505,269,34.300000000000004,1.8,28.25
2020-02-01 15:30:00,517,460,245,34.0,1.8,28.72
2020-02-01 16:00:00,415,400,216,33.6,1.8,29.36
2020-02-01 16:30:00,308,328,177,32.6,1.6,31.05
2020-02-01 17:00:00,197,238,128,31.700000000000003,1.4,34.97
2020-02-01 17:30:00,93,135,69,30.5,1.6,37.43
2020-02-01 18:00:00,15,31,13,29.3,1.7000000000000002,42.34
2020-02-02 07:00:00,10,19,9,25.0,1.4,74.15
2020-02-02 07:30:00,81,105,63,26.3,1.7000000000000002,68.67
2020-02-02 08:00:00,184,203,127,27.5,2.1,60.88
2020-02-02 08:30:00,293,287,181,28.8,2.4000000000000004,56.46
2020-02-02 09:00:00,403,369,222,30.1,2.7,48.47
2020-02-02 09:30:00,505,427,256,31.1,2.8000000000000003,45.79
2020-02-02 10:00:00,591,450,292,32.1,2.9000000000000004,40.65
2020-02-02 10:30:00,572,316,341,32.800000000000004,2.8000000000000003,39.09
2020-02-02 11:00:00,737,525,324,33.6,2.8000000000000003,35.99
2020-02-02 11:30:00,780,545,330,34.1,2.6,34.97
2020-02-02 12:00:00,812,567,330,34.7,2.5,32.75
2020-02-02 12:30:00,823,570,332,35.0,2.4000000000000004,32.18
2020-02-02 13:00:00,815,563,334,35.300000000000004,2.3000000000000003,30.63
2020-02-02 13:30:00,788,553,328,35.4,2.2,30.43
2020-02-02 14:00:00,744,541,315,35.5,2.2,29.52
2020-02-02 14:30:00,683,517,301,35.300000000000004,2.1,29.82
2020-02-02 15:00:00,607,488,279,35.2,2.1,29.59
2020-02-02 15:30:00,517,443,254,34.7,2.1,30.41
2020-02-02 16:00:00,415,384,222,34.300000000000004,2.1,31.11
2020-02-02 16:30:00,308,314,181,33.300000000000004,1.8,32.89
2020-02-02 17:00:00,195,222,131,32.300000000000004,1.5,36.69
2020-02-02 17:30:00,91,125,69,31.0,1.6,39.53
2020-02-02 18:00:00,14,28,13,29.700000000000003,1.6,45.09
2020-02-03 07:00:00,11,20,10,26.0,1.4,77.31
2020-02-03 07:30:00,83,111,64,27.3,1.5,71.71000000000001
2020-02-03 08:00:00,188,214,127,28.6,1.7000000000000002,63.34
2020-02-03 08:30:00,298,300,180,29.9,1.8,58.78
2020-02-03 09:00:00,408,380,220,31.1,2.0,51.06
2020-02-03 09:30:00,509,438,253,32.1,2.0,48.25
2020-02-03 10:00:00,603,493,275,33.1,1.9,42.79
2020-02-03 10:30:00,682,528,294,33.800000000000004,1.8,41.16
2020-02-03 11:00:00,573,226,394,34.5,1.7000000000000002,37.28
2020-02-03 11:30:00,552,155,424,34.9,1.6,36.46
2020-02-03 12:00:00,824,567,341,35.300000000000004,1.4,34.13
2020-02-03 12:30:00,718,356,412,35.5,1.4,33.72
2020-02-03 13:00:00,815,516,374,35.6,1.3,32.5
2020-02-03 13:30:00,788,506,367,35.6,1.4,32.5
2020-02-03 14:00:00,744,491,354,35.6,1.5,32.08
2020-02-03 14:30:00,682,465,337,35.300000000000004,1.7000000000000002,32.61
2020-02-03 15:00:00,605,431,314,35.1,1.8,32.96
2020-02-03 15:30:00,515,388,284,34.6,2.0,33.88
2020-02-03 16:00:00,414,333,246,34.0,2.2,35.71
2020-02-03 16:30:00,306,267,198,33.1,2.4000000000000004,37.55
2020-02-03 17:00:00,194,185,140,32.2,2.5,42.21
2020-02-03 17:30:00,89,100,71,31.1,2.8000000000000003,44.96
2020-02-03 18:00:00,14,21,13,30.0,3.1,52.08
2020-02-04 07:00:00,12,22,10,26.0,2.7,82.61
2020-02-04 07:30:00,86,120,66,27.200000000000003,2.9000000000000004,76.99
2020-02-04 08:00:00,192,230,126,28.4,3.2,67.52
2020-02-04 08:30:00,302,321,176,29.6,3.2,63.01
2020-02-04 09:00:00,411,398,214,30.700000000000003,3.3000000000000003,55.43
2020-02-04 09:30:00,517,457,249,31.6,3.2,52.68
2020-02-04 10:00:00,595,429,308,32.4,3.1,48.61
2020-02-04 10:30:00,672,462,331,33.0,3.0,47.0
2020-02-04 11:00:00,731,470,360,33.5,2.9000000000000004,44.75
2020-02-04 11:30:00,784,488,378,33.800000000000004,2.8000000000000003,44.01
2020-02-04 12:00:00,808,475,401,34.1,2.8000000000000003,42.17
2020-02-04 12:30:00,818,479,404,34.2,2.8000000000000003,41.9
2020-02-04 13:00:00,819,495,394,34.300000000000004,2.8000000000000003,40.78
2020-02-04 13:30:00,792,485,387,34.2,2.8000000000000003,40.97
2020-02-04 14:00:00,746,459,380,34.1,2.9000000000000004,41.02
2020-02-04 14:30:00,683,432,362,33.800000000000004,3.0,41.71
2020-02-04 15:00:00,608,406,333,33.4,3.1,42.87
2020-02-04 15:30:00,519,363,302,32.9,3.3000000000000003,44.08
2020-02-04 16:00:00,421,327,256,32.4,3.4000000000000004,45.77
2020-02-04 16:30:00,309,261,203,31.700000000000003,3.4000000000000004,47.62
2020-02-04 17:00:00,203,200,143,31.0,3.4000000000000004,50.13
2020-02-04 17:30:00,96,108,77,30.200000000000003,3.4000000000000004,52.46
2020-02-04 18:00:00,17,26,16,29.3,3.4000000000000004,57.45
2020-02-05 07:00:00,13,23,12,26.0,2.3000000000000003,79.69
2020-02-05 07:30:00,91,129,70,27.1,2.4000000000000004,74.71000000000001
2020-02-05 08:00:00,197,237,129,28.200000000000003,2.5,66.56
2020-02-05 08:30:00,308,331,177,29.200000000000003,2.6,62.82
2020-02-05 09:00:00,418,410,214,30.3,2.6,56.04
2020-02-05 09:30:00,520,470,243,31.1,2.6,53.55
2020-02-05 10:00:00,611,511,269,32.0,2.6,48.94
2020-02-05 10:30:00,691,547,287,32.6,2.5,47.27
2020-02-05 11:00:00,756,555,316,33.300000000000004,2.5,44.44
2020-02-05 11:30:00,803,573,325,33.7,2.5,43.42
2020-02-05 12:00:00,830,570,340,34.1,2.5,41.61
2020-02-05 12:30:00,840,574,342,34.4,2.5,40.89
2020-02-05 13:00:00,849,651,289,34.7,2.5,39.35
2020-02-05 13:30:00,821,641,284,34.6,2.6,39.57
2020-02-05 14:00:00,777,629,274,34.6,2.7,38.84
2020-02-05 14:30:00,714,604,263,34.4,2.9000000000000004,39.27
2020-02-05 15:00:00,638,580,243,34.1,3.0,39.65
2020-02-05 15:30:00,546,534,225,33.6,3.2,40.77
2020-02-05 16:00:00,446,490,197,33.1,3.3000000000000003,42.21
2020-02-05 16:30:00,335,411,167,32.300000000000004,3.3000000000000003,44.14
2020-02-05 17:00:00,223,314,129,31.5,3.4000000000000004,47.44
2020-02-05 17:30:00,114,187,79,30.5,3.3000000000000003,50.26
2020-02-05 18:00:00,25,49,22,29.4,3.3000000000000003,56.85
2020-02-06 07:00:00,16,33,15,26.0,2.3000000000000003,75.88
2020-02-06 07:30:00,99,165,71,27.4,2.3000000000000003,69.91
2020-02-06 08:00:00,207,300,121,28.700000000000003,2.4000000000000004,59.89
2020-02-06 08:30:00,319,403,160,30.0,2.5,55.58
2020-02-06 09:00:00,430,486,188,31.200000000000003,2.6,49.7
2020-02-06 09:30:00,534,548,211,32.0,2.6,47.5
2020-02-06 10:00:00,625,559,249,32.9,2.6,45.42
2020-02-06 10:30:00,705,595,264,33.4,2.6,44.12
2020-02-06 11:00:00,768,612,281,33.9,2.6,42.69
2020-02-06 11:30:00,819,630,292,34.2,2.6,41.98
2020-02-06 12:00:00,850,645,295,34.5,2.7,40.54
2020-02-06 12:30:00,860,648,296,34.6,2.7,40.28
2020-02-06 13:00:00,849,635,301,34.6,2.8000000000000003,39.93
2020-02-06 13:30:00,822,625,297,34.5,3.0,40.11
2020-02-06 14:00:00,775,600,294,34.4,3.1,40.46
2020-02-06 14:30:00,713,575,282,34.0,3.2,41.37
2020-02-06 15:00:00,636,545,264,33.6,3.3000000000000003,42.73
2020-02-06 15:30:00,543,498,243,33.1,3.4000000000000004,43.94
2020-02-06 16:00:00,440,427,221,32.6,3.5,45.6
2020-02-06 16:30:00,331,352,186,31.9,3.5,47.43
2020-02-06 17:00:00,219,257,142,31.200000000000003,3.5,49.95
2020-02-06 17:30:00,110,145,83,30.5,3.5,52.03
2020-02-06 18:00:00,24,37,21,29.700000000000003,3.4000000000000004,56.61
2020-02-07 07:00:00,16,34,15,26.6,1.8,79.44
2020-02-07 07:30:00,99,163,71,27.8,1.8,74.07000000000001
2020-02-07 08:00:00,206,304,119,29.0,1.8,63.26
2020-02-07 08:30:00,27,0,27,30.3,1.7000000000000002,58.78
2020-02-07 09:00:00,433,500,182,31.6,1.6,49.84
2020-02-07 09:30:00,537,561,204,32.6,1.6,47.12
2020-02-07 10:00:00,116,0,116,33.5,1.6,43.31
2020-02-07 10:30:00,704,604,255,34.1,1.7000000000000002,41.89
2020-02-07 11:00:00,769,631,265,34.7,1.7000000000000002,39.92
2020-02-07 11:30:00,422,50,380,35.2,1.7000000000000002,38.84
2020-02-07 12:00:00,562,136,444,35.6,1.7000000000000002,37.6
2020-02-07 12:30:00,579,146,452,35.800000000000004,1.7000000000000002,37.16
2020-02-07 13:00:00,643,229,444,36.0,1.7000000000000002,36.19
2020-02-07 13:30:00,580,173,434,36.0,1.7000000000000002,36.16
2020-02-07 14:00:00,785,656,257,35.9,1.6,35.980000000000004
2020-02-07 14:30:00,721,630,247,35.7,1.6,36.34
2020-02-07 15:00:00,643,603,230,35.4,1.6,36.89
2020-02-07 15:30:00,551,558,213,35.0,1.5,37.71
2020-02-07 16:00:00,448,499,192,34.6,1.5,38.73
2020-02-07 16:30:00,338,424,164,33.9,1.5,40.26
2020-02-07 17:00:00,226,331,126,33.2,1.4,42.83
2020-02-07 17:30:00,115,204,77,32.2,1.5,45.35
2020-02-07 18:00:00,27,65,22,31.1,1.5,51.04
2020-02-08 07:00:00,18,46,15,26.5,1.6,81.98
2020-02-08 07:30:00,102,194,68,27.8,2.0,76.06
2020-02-08 08:00:00,211,335,114,29.0,2.4000000000000004,67.0
2020-02-08 08:30:00,325,438,150,30.3,2.6,62.190000000000005
2020-02-08 09:00:00,439,532,172,31.5,2.8000000000000003,53.5
2020-02-08 09:30:00,546,594,193,32.5,2.9000000000000004,50.57
2020-02-08 10:00:00,616,523,263,33.4,2.9000000000000004,44.15
2020-02-08 10:30:00,694,560,277,34.2,2.8000000000000003,42.18
2020-02-08 11:00:00,764,600,283,34.9,2.7,37.69
2020-02-08 11:30:00,634,249,424,35.5,2.6,36.43
2020-02-08 12:00:00,845,638,292,36.0,2.5,32.94
2020-02-08 12:30:00,507,84,433,36.3,2.4000000000000004,32.410000000000004
2020-02-08 13:00:00,545,117,443,36.5,2.2,29.92
2020-02-08 13:30:00,808,575,322,36.6,2.1,29.76
2020-02-08 14:00:00,765,567,307,36.6,2.0,28.11
2020-02-08 14:30:00,703,542,294,36.5,1.9,28.26
2020-02-08 15:00:00,626,517,271,36.3,1.8,27.4
2020-02-08 15:30:00,535,473,248,35.800000000000004,1.7000000000000002,28.16
2020-02-08 16:00:00,434,422,216,35.4,1.7000000000000002,28.62
2020-02-08 16:30:00,324,352,178,34.300000000000004,1.5,30.41
2020-02-08 17:00:00,209,264,128,33.300000000000004,1.3,34.58
2020-02-08 17:30:00,105,160,74,31.9,1.4,37.44
2020-02-08 18:00:00,21,47,17,30.6,1.5,43.76
2020-02-09 07:00:00,17,39,15,26.3,2.9000000000000004,65.98
2020-02-09 07:30:00,59,0,59,27.5,3.2,61.5
2020-02-09 08:00:00,178,229,111,28.700000000000003,3.5,54.52
2020-02-09 08:30:00,327,443,150,30.0,3.6,50.6
2020-02-09 09:00:00,280,111,224,31.3,3.7,44.96
2020-02-09 09:30:00,553,617,184,32.4,3.7,42.26
2020-02-09 10:00:00,635,583,240,33.5,3.7,38.69
2020-02-09 10:30:00,714,618,252,34.300000000000004,3.6,37.01
2020-02-09 11:00:00,786,672,247,35.1,3.5,34.47
2020-02-09 11:30:00,837,691,254,35.6,3.4000000000000004,33.5
2020-02-09 12:00:00,875,730,241,36.2,3.3000000000000003,31.41
2020-02-09 12:30:00,886,733,242,36.4,3.3000000000000003,31.03
2020-02-09 13:00:00,823,553,341,36.7,3.2,29.75
2020-02-09 13:30:00,843,693,255,36.7,3.2,29.72
2020-02-09 14:00:00,756,567,297,36.8,3.1,29.05
2020-02-09 14:30:00,710,605,252,36.6,3.1,29.36
2020-02-09 15:00:00,598,494,257,36.4,3.1,29.34
2020-02-09 15:30:00,518,481,225,35.9,3.1,30.15
2020-02-09 16:00:00,441,529,167,35.5,3.1,30.75
2020-02-09 16:30:00,355,515,141,34.6,2.8000000000000003,32.31
2020-02-09 17:00:00,203,292,113,33.800000000000004,2.6,34.18
2020-02-09 17:30:00,110,212,69,32.4,2.1,36.96
2020-02-09 18:00:00,33,92,26,31.0,1.6,41.29
2020-02-10 07:00:00,18,0,18,25.1,4.5,62.440000000000005
2020-02-10 07:30:00,78,73,65,26.200000000000003,4.7,58.57
2020-02-10 08:00:00,138,75,116,27.3,4.9,53.97
2020-02-10 08:30:00,208,93,170,28.8,4.800000000000001,49.47
2020-02-10 09:00:00,290,125,226,30.200000000000003,4.7,45.1
2020-02-10 09:30:00,387,178,280,31.4,4.4,42.13
2020-02-10 10:00:00,517,302,312,32.5,4.1000000000000005,39.47
2020-02-10 10:30:00,592,323,349,33.300000000000004,3.8,37.71
2020-02-10 11:00:00,645,324,384,34.1,3.5,36.3
2020-02-10 11:30:00,857,804,177,34.6,3.3000000000000003,35.28
2020-02-10 12:00:00,888,814,179,35.2,3.1,34.18
2020-02-10 12:30:00,901,817,181,35.4,2.9000000000000004,33.81
2020-02-10 13:00:00,851,634,297,35.7,2.7,33.03
2020-02-10 13:30:00,824,624,293,35.7,2.6,32.99
2020-02-10 14:00:00,775,578,306,35.800000000000004,2.4000000000000004,32.730000000000004
2020-02-10 14:30:00,713,552,294,35.5,2.2,33.27
2020-02-10 15:00:00,629,485,294,35.2,2.0,33.77
2020-02-10 15:30:00,542,440,273,34.800000000000004,2.0,34.52
2020-02-10 16:00:00,436,352,253,34.300000000000004,1.9,35.5
2020-02-10 16:30:00,327,284,209,33.7,1.7000000000000002,36.74
2020-02-10 17:00:00,214,190,155,33.1,1.5,38.44
2020-02-10 17:30:00,105,101,85,32.1,1.5,40.65
2020-02-10 18:00:00,20,22,19,31.200000000000003,1.4,44.08
2020-02-11 07:30:00,34,0,34,28.5,2.6,54.54
2020-02-11 08:00:00,60,0,60,30.0,3.1,47.18
2020-02-11 08:30:00,111,0,111,31.200000000000003,3.1,44.1
2020-02-11 09:00:00,187,12,181,32.4,3.2,40.02
2020-02-11 09:30:00,280,45,253,33.300000000000004,3.0,38.06
2020-02-11 10:00:00,337,53,301,34.1,2.9000000000000004,36.56
2020-02-11 10:30:00,519,194,373,34.800000000000004,2.7,35.14
2020-02-11 11:00:00,627,288,394,35.5,2.5,33.84
2020-02-11 11:30:00,694,338,407,35.9,2.3000000000000003,33.08
2020-02-11 12:00:00,688,286,437,36.2,2.1,32.31
2020-02-11 12:30:00,740,360,422,36.3,1.9,32.13
2020-02-11 13:00:00,733,359,418,36.4,1.8,31.71
2020-02-11 13:30:00,812,562,332,36.2,1.7000000000000002,32.06
2020-02-11 14:00:00,767,543,324,36.0,1.6,32.45
2020-02-11 14:30:00,705,517,311,35.800000000000004,1.6,32.81
2020-02-11 15:00:00,627,500,279,35.6,1.7000000000000002,33.49
2020-02-11 15:30:00,536,456,256,35.2,1.8,34.24
2020-02-11 16:00:00,440,423,219,34.9,1.9,35.19
2020-02-11 16:30:00,331,351,184,34.300000000000004,1.9,36.38
2020-02-11 17:00:00,221,288,132,33.7,1.9,38.21
2020-02-11 17:30:00,114,173,80,32.5,1.8,40.86
2020-02-11 18:00:00,28,58,23,31.200000000000003,1.7000000000000002,45.83
2020-02-12 07:00:00,23,55,20,27.200000000000003,1.4,70.89
2020-02-12 07:30:00,68,19,64,28.700000000000003,1.6,64.98
2020-02-12 08:00:00,123,34,113,30.1,1.7000000000000002,55.38
2020-02-12 08:30:00,194,64,168,31.4,1.9,51.43
2020-02-12 09:00:00,251,65,218,32.6,2.1,46.15
2020-02-12 09:30:00,356,124,281,33.5,2.2,43.88
2020-02-12 10:00:00,430,144,332,34.300000000000004,2.3000000000000003,41.94
2020-02-12 10:30:00,728,678,216,34.800000000000004,2.4000000000000004,40.76
2020-02-12 11:00:00,795,698,229,35.300000000000004,2.5,40.21
2020-02-12 11:30:00,844,715,235,35.6,2.7,39.51
2020-02-12 12:00:00,872,720,241,35.9,2.8000000000000003,39.37
2020-02-12 12:30:00,883,724,242,35.9,3.0,39.33
2020-02-12 13:00:00,871,705,252,36.0,3.2,39.62
2020-02-12 13:30:00,844,695,248,35.9,3.4000000000000004,39.84
2020-02-12 14:00:00,799,670,251,35.7,3.7,40.94
2020-02-12 14:30:00,736,646,242,35.300000000000004,3.8,41.85
2020-02-12 15:00:00,656,612,230,34.9,4.0,43.62
2020-02-12 15:30:00,564,567,214,34.2,4.1000000000000005,45.34
2020-02-12 16:00:00,461,516,191,33.5,4.2,47.52
2020-02-12 16:30:00,350,439,165,32.7,4.3,49.7
2020-02-12 17:00:00,237,361,124,31.8,4.3,52.76
2020-02-12 17:30:00,126,226,82,30.9,4.3,55.52
2020-02-12 18:00:00,35,80,29,30.0,4.3,60.63
2020-02-13 07:00:00,28,100,22,27.4,2.6,74.13
2020-02-13 07:30:00,121,321,63,28.9,2.8000000000000003,68.02
2020-02-13 08:00:00,234,472,94,30.4,2.9000000000000004,55.18
2020-02-13 08:30:00,352,580,115,31.700000000000003,2.9000000000000004,51.26
2020-02-13 09:00:00,468,648,136,32.9,3.0,45.64
2020-02-13 09:30:00,576,704,149,33.7,3.0,43.65
2020-02-13 10:00:00,655,662,199,34.5,3.0,41.93
2020-02-13 10:30:00,738,695,212,35.0,3.0,40.75
2020-02-13 11:00:00,802,706,227,35.5,3.0,40.14
2020-02-13 11:30:00,851,723,233,35.800000000000004,3.1,39.45
2020-02-13 12:00:00,881,726,243,36.1,3.2,39.02
2020-02-13 12:30:00,892,730,244,36.1,3.4000000000000004,39.02
2020-02-13 13:00:00,869,659,288,36.1,3.6,39.11
2020-02-13 13:30:00,841,649,284,36.0,3.8,39.32
2020-02-13 14:00:00,800,656,262,35.800000000000004,4.1000000000000005,40.04
2020-02-13 14:30:00,737,632,252,35.4,4.3,40.93
2020-02-13 15:00:00,665,638,219,35.0,4.5,42.44
2020-02-13 15:30:00,569,593,202,34.300000000000004,4.6000000000000005,44.11
2020-02-13 16:00:00,473,584,165,33.6,4.800000000000001,46.62
2020-02-13 16:30:00,360,506,144,32.7,4.800000000000001,49.07
2020-02-13 17:00:00,249,447,108,31.8,4.800000000000001,52.84
2020-02-13 17:30:00,134,302,74,30.8,4.6000000000000005,55.92
2020-02-13 18:00:00,39,123,29,29.9,4.4,61.63
2020-02-14 07:00:00,29,93,23,27.1,3.2,73.08
2020-02-14 07:30:00,123,310,67,28.5,3.4000000000000004,67.37
2020-02-14 08:00:00,238,474,96,29.9,3.5,56.18
2020-02-14 08:30:00,357,583,118,31.1,3.5,52.47
2020-02-14 09:00:00,475,666,132,32.300000000000004,3.6,48.17
2020-02-14 09:30:00,583,722,144,33.1,3.7,46.06
2020-02-14 10:00:00,681,763,154,33.9,3.7,44.61
2020-02-14 10:30:00,764,792,163,34.5,3.8,43.11
2020-02-14 11:00:00,831,810,170,35.1,3.8,42.21
2020-02-14 11:30:00,881,825,174,35.4,4.0,41.48
2020-02-14 12:00:00,910,833,175,35.7,4.1000000000000005,41.09
2020-02-14 12:30:00,922,837,176,35.800000000000004,4.3,40.83
2020-02-14 13:00:00,912,835,174,35.9,4.4,40.95
2020-02-14 13:30:00,884,827,172,35.7,4.5,41.4
2020-02-14 14:00:00,838,822,162,35.6,4.7,42.16
2020-02-14 14:30:00,774,801,157,35.300000000000004,4.7,42.86
2020-02-14 15:00:00,693,777,147,34.9,4.800000000000001,44.59
2020-02-14 15:30:00,597,738,139,34.300000000000004,4.9,46.1
2020-02-14 16:00:00,486,660,137,33.7,5.0,48.25
2020-02-14 16:30:00,371,585,122,32.800000000000004,5.0,50.74
2020-02-14 17:00:00,255,506,95,31.9,5.0,53.97
2020-02-14 17:30:00,140,355,68,30.9,4.9,57.17
2020-02-14 18:00:00,42,142,30,29.9,4.800000000000001,62.89
2020-02-15 07:00:00,37,208,24,24.5,3.1,77.62
2020-02-15 07:30:00,142,481,53,25.700000000000003,3.2,72.28
2020-02-15 08:00:00,268,659,69,27.0,3.3000000000000003,58.41
2020-02-15 08:30:00,395,758,82,28.3,3.2,54.16
2020-02-15 09:00:00,521,839,87,29.700000000000003,3.1,42.72
2020-02-15 09:30:00,635,885,95,31.0,3.1,39.67
2020-02-15 10:00:00,732,895,112,32.2,3.0,31.66
2020-02-15 10:30:00,819,921,117,33.2,3.0,29.9
2020-02-15 11:00:00,891,947,116,34.2,3.0,25.11
2020-02-15 11:30:00,945,962,118,34.9,3.1,24.13
2020-02-15 12:00:00,979,975,117,35.7,3.1,21.77
2020-02-15 12:30:00,991,978,117,36.0,3.2,21.39
2020-02-15 13:00:00,977,958,127,36.4,3.3000000000000003,19.93
2020-02-15 13:30:00,951,955,125,36.5,3.3000000000000003,19.8
2020-02-15 14:00:00,902,946,122,36.6,3.3000000000000003,19.2
2020-02-15 14:30:00,832,925,118,36.4,3.4000000000000004,19.39
2020-02-15 15:00:00,748,903,112,36.2,3.4000000000000004,19.68
2020-02-15 15:30:00,648,869,106,35.6,3.5,20.34
2020-02-15 16:00:00,535,824,98,35.1,3.6,21.53
2020-02-15 16:30:00,413,759,88,33.9,3.5,23.01
2020-02-15 17:00:00,285,661,74,32.7,3.4000000000000004,27.4
2020-02-15 17:30:00,159,512,56,30.9,3.2,30.33
2020-02-15 18:00:00,49,258,28,29.200000000000003,3.1,40.99
2020-02-16 07:00:00,36,171,25,24.5,2.2,75.93
2020-02-16 07:30:00,139,438,57,26.0,2.1,69.47
2020-02-16 08:00:00,263,614,77,27.5,1.9,60.01
2020-02-16 08:30:00,389,717,91,29.0,1.9,55.01
2020-02-16 09:00:00,512,796,99,30.5,1.9,46.78
2020-02-16 09:30:00,625,845,107,31.8,1.9,43.46
2020-02-16 10:00:00,724,871,118,33.1,2.0,37.18
2020-02-16 10:30:00,810,898,123,34.2,2.0,34.94
2020-02-16 11:00:00,880,920,125,35.300000000000004,2.0,30.38
2020-02-16 11:30:00,932,933,127,36.0,2.1,29.21
2020-02-16 12:00:00,967,946,127,36.6,2.1,26.39
2020-02-16 12:30:00,980,949,129,36.9,2.2,25.97
2020-02-16 13:00:00,967,936,135,37.2,2.3000000000000003,24.39
2020-02-16 13:30:00,939,929,133,37.2,2.4000000000000004,24.37
2020-02-16 14:00:00,891,920,129,37.2,2.6,23.75
2020-02-16 14:30:00,824,902,125,37.0,2.7,24.0
2020-02-16 15:00:00,740,879,119,36.7,2.8000000000000003,24.08
2020-02-16 15:30:00,641,845,112,36.1,2.9000000000000004,24.88
2020-02-16 16:00:00,530,801,103,35.6,3.0,25.49
2020-02-16 16:30:00,409,735,92,34.5,2.9000000000000004,27.08
2020-02-16 17:00:00,283,643,78,33.5,2.9000000000000004,29.5
2020-02-16 17:30:00,159,494,58,31.8,2.9000000000000004,32.44
2020-02-16 18:00:00,51,252,30,30.1,2.8000000000000003,40.16
2020-02-17 07:00:00,38,193,25,24.8,1.2000000000000002,74.38
2020-02-17 07:30:00,141,454,55,26.3,1.6,68.07000000000001
2020-02-17 08:00:00,261,602,77,27.9,2.0,60.59
2020-02-17 08:30:00,384,701,92,29.4,2.4000000000000004,55.620000000000005
2020-02-17 09:00:00,502,763,105,31.0,2.7,48.56
2020-02-17 09:30:00,613,811,114,32.2,2.7,45.38
2020-02-17 10:00:00,690,747,168,33.4,2.7,39.79
2020-02-17 10:30:00,772,776,176,34.300000000000004,2.6,37.82
2020-02-17 11:00:00,838,789,188,35.2,2.5,34.96
2020-02-17 11:30:00,886,802,192,35.800000000000004,2.5,33.8
2020-02-17 12:00:00,915,800,203,36.5,2.4000000000000004,32.54
2020-02-17 12:30:00,924,801,204,36.8,2.4000000000000004,32.01
2020-02-17 13:00:00,906,761,227,37.1,2.4000000000000004,31.74
2020-02-17 13:30:00,876,751,223,37.2,2.4000000000000004,31.53
2020-02-17 14:00:00,679,344,393,37.2,2.4000000000000004,32.0
2020-02-17 14:30:00,516,164,389,37.0,2.4000000000000004,32.31
2020-02-17 15:00:00,568,358,314,36.8,2.4000000000000004,33.2
2020-02-17 15:30:00,474,313,277,36.3,2.5,34.12
2020-02-17 16:00:00,475,527,193,35.7,2.5,35.730000000000004
2020-02-17 16:30:00,362,450,167,34.9,2.5,37.37
2020-02-17 17:00:00,246,350,133,34.1,2.4000000000000004,39.73
2020-02-17 17:30:00,133,219,88,33.1,2.4000000000000004,42.0
2020-02-17 18:00:00,36,67,31,32.0,2.4000000000000004,47.36
2020-02-18 07:00:00,19,18,18,24.200000000000003,5.1000000000000005,66.16
2020-02-18 08:00:00,18,0,18,25.0,5.2,58.52
2020-02-18 08:30:00,202,66,174,25.700000000000003,5.1000000000000005,56.15
2020-02-18 09:00:00,279,91,231,26.4,5.0,53.22
2020-02-18 09:30:00,429,232,285,27.1,4.800000000000001,51.08
2020-02-18 10:00:00,640,489,297,27.9,4.7,49.25
2020-02-18 10:30:00,639,386,342,28.6,4.5,47.29
2020-02-18 11:00:00,703,410,364,29.3,4.3,46.26
2020-02-18 11:30:00,836,583,330,29.9,4.0,44.7
2020-02-18 12:00:00,868,607,326,30.5,3.8,43.95
2020-02-18 12:30:00,782,426,398,30.9,3.5,42.91
2020-02-18 13:00:00,806,483,373,31.4,3.2,42.39
2020-02-18 13:30:00,724,355,415,31.6,2.9000000000000004,41.87
2020-02-18 14:00:00,786,543,334,31.8,2.7,42.18
2020-02-18 14:30:00,609,306,370,31.8,2.5,42.18
2020-02-18 15:00:00,440,133,345,31.9,2.3000000000000003,41.94
2020-02-18 15:30:00,456,269,287,31.700000000000003,2.2,42.42
2020-02-18 16:00:00,455,406,237,31.6,2.1,42.42
2020-02-18 16:30:00,344,334,199,31.200000000000003,1.9,43.39
2020-02-18 17:00:00,46,0,46,30.700000000000003,1.6,44.66
2020-02-18 17:30:00,58,0,58,29.9,1.2000000000000002,46.79
2020-02-18 18:00:00,29,0,29,29.1,0.9,49.86
2020-02-19 07:00:00,27,52,23,25.200000000000003,3.6,62.21
2020-02-19 07:30:00,118,194,81,26.4,4.0,58.02
2020-02-19 08:00:00,232,334,128,27.700000000000003,4.5,48.3
2020-02-19 08:30:00,349,436,164,29.1,4.4,44.54
2020-02-19 09:00:00,465,528,187,30.5,4.3,39.6
2020-02-19 09:30:00,572,587,208,31.6,4.1000000000000005,37.2
2020-02-19 10:00:00,669,636,222,32.7,3.8,35.53
2020-02-19 10:30:00,752,670,234,33.4,3.6,34.14
2020-02-19 11:00:00,820,701,239,34.1,3.3000000000000003,33.88
2020-02-19 11:30:00,868,716,245,34.7,3.1,32.74
2020-02-19 12:00:00,899,729,247,35.2,2.9000000000000004,32.42
2020-02-19 12:30:00,910,732,248,35.4,2.8000000000000003,32.07
2020-02-19 13:00:00,883,654,296,35.6,2.7,31.87
2020-02-19 13:30:00,855,645,291,35.7,2.6,31.67
2020-02-19 14:00:00,807,635,276,35.9,2.6,31.13
2020-02-19 14:30:00,743,611,265,35.7,2.5,31.44
2020-02-19 15:00:00,662,575,252,35.6,2.5,31.34
2020-02-19 15:30:00,569,531,234,35.2,2.4000000000000004,32.04
2020-02-19 16:00:00,463,463,213,34.800000000000004,2.3000000000000003,32.43
2020-02-19 16:30:00,354,389,184,34.1,2.0,33.71
2020-02-19 17:00:00,238,290,144,33.5,1.7000000000000002,35.21
2020-02-19 17:30:00,126,177,90,32.2,1.3,37.86
2020-02-19 18:00:00,31,55,26,31.0,0.9,43.02
2020-02-20 07:00:00,29,68,24,25.700000000000003,2.5,60.99
2020-02-20 07:30:00,124,227,79,27.3,3.0,55.53
2020-02-20 08:00:00,238,369,123,28.9,3.5,47.58
2020-02-20 08:30:00,356,472,156,30.4,3.8,43.66
2020-02-20 09:00:00,473,565,174,31.9,4.0,37.62
2020-02-20 09:30:00,581,623,193,32.800000000000004,4.0,35.76
2020-02-20 10:00:00,663,588,247,33.7,3.9,33.02
2020-02-20 10:30:00,745,623,262,34.300000000000004,3.8,31.9
2020-02-20 11:00:00,819,670,262,35.0,3.6,30.13
2020-02-20 11:30:00,869,687,269,35.5,3.6,29.31
2020-02-20 12:00:00,902,717,258,35.9,3.5,28.01
2020-02-20 12:30:00,915,723,259,36.2,3.4000000000000004,27.53
2020-02-20 13:00:00,903,707,267,36.5,3.4000000000000004,26.28
2020-02-20 13:30:00,874,697,263,36.6,3.4000000000000004,26.14
2020-02-20 14:00:00,827,692,247,36.6,3.4000000000000004,25.51
2020-02-20 14:30:00,761,669,238,36.5,3.3000000000000003,25.65
2020-02-20 15:00:00,682,645,221,36.3,3.3000000000000003,25.59
2020-02-20 15:30:00,587,602,205,35.9,3.2,26.16
2020-02-20 16:00:00,481,552,183,35.5,3.1,26.69
2020-02-20 16:30:00,366,477,157,34.6,2.6,28.08
2020-02-20 17:00:00,249,383,124,33.7,2.2,30.26
2020-02-20 17:30:00,134,253,81,32.0,1.7000000000000002,33.28
2020-02-20 18:00:00,37,96,29,30.4,1.3,38.55
2020-02-21 07:00:00,34,100,27,25.0,4.800000000000001,56.63
2020-02-21 07:30:00,132,288,75,26.4,5.2,52.19
2020-02-21 08:00:00,249,442,110,27.8,5.6000000000000005,48.52
2020-02-21 08:30:00,370,547,136,29.3,5.6000000000000005,44.49
2020-02-21 09:00:00,489,631,154,30.8,5.6000000000000005,39.55
2020-02-21 09:30:00,599,688,169,32.0,5.300000000000001,36.91
2020-02-21 10:00:00,699,734,178,33.2,5.1000000000000005,33.160000000000004
2020-02-21 10:30:00,783,765,187,33.9,4.800000000000001,31.89
2020-02-21 11:00:00,852,791,191,34.7,4.5,29.96
2020-02-21 11:30:00,902,807,196,35.2,4.3,29.11
2020-02-21 12:00:00,933,814,200,35.7,4.1000000000000005,27.9
2020-02-21 12:30:00,944,817,201,36.0,3.9,27.42
2020-02-21 13:00:00,914,739,247,36.2,3.8,26.47
2020-02-21 13:30:00,883,730,241,36.3,3.8,26.33
2020-02-21 14:00:00,839,723,232,36.3,3.7,25.58
2020-02-21 14:30:00,773,700,223,36.2,3.7,25.72
2020-02-21 15:00:00,691,670,211,36.0,3.7,25.49
2020-02-21 15:30:00,595,627,196,35.6,3.7,26.05
2020-02-21 16:00:00,482,546,185,35.1,3.6,26.75
2020-02-21 16:30:00,367,473,159,34.300000000000004,3.2,27.99
2020-02-21 17:00:00,250,383,124,33.4,2.8000000000000003,29.9
2020-02-21 17:30:00,135,256,81,31.8,2.2,32.74
2020-02-21 18:00:00,38,103,29,30.3,1.7000000000000002,36.72
2020-02-22 07:00:00,39,141,28,24.0,5.2,60.870000000000005
2020-02-22 07:30:00,139,354,69,25.3,5.5,56.34
2020-02-22 08:00:00,259,510,97,26.6,5.9,52.83
2020-02-22 08:30:00,381,613,118,28.1,5.800000000000001,48.4
2020-02-22 09:00:00,499,687,132,29.6,5.800000000000001,44.22
2020-02-22 09:30:00,609,740,144,30.8,5.5,41.29
2020-02-22 10:00:00,668,585,252,31.9,5.300000000000001,39.02
2020-02-22 10:30:00,749,618,266,32.800000000000004,5.0,37.06
2020-02-22 11:00:00,814,637,281,33.6,4.800000000000001,36.01
2020-02-22 11:30:00,860,654,285,34.1,4.5,34.99
2020-02-22 12:00:00,889,659,293,34.7,4.3,34.02
2020-02-22 12:30:00,898,661,294,35.0,4.1000000000000005,33.43
2020-02-22 13:00:00,877,613,322,35.300000000000004,3.9,32.53
2020-02-22 13:30:00,845,603,313,35.4,3.8,32.35
2020-02-22 14:00:00,797,581,307,35.5,3.6,31.56
2020-02-22 14:30:00,733,556,294,35.300000000000004,3.5,31.91
2020-02-22 15:00:00,650,509,284,35.2,3.3000000000000003,31.7
2020-02-22 15:30:00,504,366,270,34.800000000000004,3.2,32.4
2020-02-22 16:00:00,449,390,236,34.4,3.1,32.7
2020-02-22 16:30:00,338,322,196,33.7,2.6,34.0
2020-02-22 17:00:00,226,233,149,33.1,2.2,34.82
2020-02-22 17:30:00,116,140,86,31.9,1.7000000000000002,37.29
2020-02-22 18:00:00,26,42,23,30.700000000000003,1.2000000000000002,40.33
2020-02-23 07:00:00,31,59,26,24.700000000000003,5.0,59.02
2020-02-23 07:30:00,126,198,86,25.8,5.2,55.3
2020-02-23 08:00:00,242,344,132,26.8,5.4,52.370000000000005
2020-02-23 08:30:00,357,443,166,28.3,5.4,47.99
2020-02-23 09:00:00,477,551,182,29.9,5.5,43.36
2020-02-23 09:30:00,586,609,201,31.1,5.300000000000001,40.46
2020-02-23 10:00:00,670,607,237,32.4,5.1000000000000005,37.21
2020-02-23 10:30:00,752,640,251,33.2,4.800000000000001,35.54
2020-02-23 11:00:00,825,687,248,34.1,4.5,33.92
2020-02-23 11:30:00,874,703,254,34.7,4.2,32.78
2020-02-23 12:00:00,907,722,253,35.2,3.9,31.99
2020-02-23 12:30:00,915,725,251,35.5,3.7,31.47
2020-02-23 13:00:00,895,684,274,35.800000000000004,3.5,30.75
2020-02-23 13:30:00,867,675,270,35.9,3.3000000000000003,30.55
2020-02-23 14:00:00,822,668,258,36.0,3.1,30.05
2020-02-23 14:30:00,757,644,248,35.800000000000004,3.0,30.39
2020-02-23 15:00:00,676,609,236,35.6,2.9000000000000004,30.37
2020-02-23 15:30:00,581,566,219,35.2,2.8000000000000003,31.05
2020-02-23 16:00:00,474,504,199,34.800000000000004,2.7,31.21
2020-02-23 16:30:00,361,433,170,34.1,2.3000000000000003,32.480000000000004
2020-02-23 17:00:00,245,341,132,33.4,1.9,33.47
2020-02-23 17:30:00,132,222,85,32.0,1.5,36.2
2020-02-23 18:00:00,37,87,29,30.6,1.0,39.99
2020-02-24 07:00:00,38,112,28,25.200000000000003,4.0,51.64
2020-02-24 07:30:00,136,300,75,26.700000000000003,4.3,47.27
2020-02-24 08:00:00,253,446,110,28.1,4.6000000000000005,42.21
2020-02-24 08:30:00,375,548,137,29.6,4.6000000000000005,38.75
2020-02-24 09:00:00,492,620,158,31.1,4.7,35.02
2020-02-24 09:30:00,602,676,174,32.2,4.5,32.910000000000004
2020-02-24 10:00:00,664,556,265,33.300000000000004,4.3,31.11
2020-02-24 10:30:00,746,591,282,34.0,3.9,29.92
2020-02-24 11:00:00,812,615,294,34.800000000000004,3.6,29.35
2020-02-24 11:30:00,861,633,302,35.2,3.3000000000000003,28.71
2020-02-24 12:00:00,891,642,308,35.7,3.0,28.19
2020-02-24 12:30:00,902,646,309,35.9,2.8000000000000003,27.86
2020-02-24 13:00:00,881,615,321,36.2,2.5,27.2
2020-02-24 13:30:00,853,606,316,36.2,2.4000000000000004,27.2
2020-02-24 14:00:00,809,598,302,36.3,2.2,26.65
2020-02-24 14:30:00,744,573,290,36.1,2.1,26.95
2020-02-24 15:00:00,664,542,272,36.0,2.0,26.68
2020-02-24 15:30:00,570,499,250,35.6,1.9,27.27
2020-02-24 16:00:00,464,437,224,35.1,1.9,27.89
2020-02-24 16:30:00,351,367,188,34.300000000000004,1.6,29.15
2020-02-24 17:00:00,234,270,144,33.5,1.4,31.22
2020-02-24 17:30:00,122,167,86,32.2,1.3,33.61
2020-02-24 18:00:00,30,54,25,30.9,1.2000000000000002,37.94
2020-02-25 07:00:00,30,65,25,25.6,1.6,68.41
2020-02-25 07:30:00,123,198,82,27.1,1.9,62.64
2020-02-25 08:00:00,237,325,132,28.700000000000003,2.2,52.03
2020-02-25 08:30:00,355,421,171,30.200000000000003,2.5,47.74
2020-02-25 09:00:00,468,501,197,31.700000000000003,2.7,39.1
2020-02-25 09:30:00,575,559,220,32.800000000000004,2.7,36.76
2020-02-25 10:00:00,646,502,285,33.800000000000004,2.8000000000000003,33.09
2020-02-25 10:30:00,728,536,305,34.5,2.7,31.8
2020-02-25 11:00:00,792,556,322,35.1,2.6,30.0
2020-02-25 11:30:00,842,575,332,35.6,2.5,29.16
2020-02-25 12:00:00,781,407,411,36.0,2.4000000000000004,27.76
2020-02-25 12:30:00,715,266,470,36.2,2.4000000000000004,27.43
2020-02-25 13:00:00,497,65,438,36.4,2.3000000000000003,26.49
2020-02-25 13:30:00,663,234,456,36.4,2.3000000000000003,26.49
2020-02-25 14:00:00,666,292,417,36.3,2.3000000000000003,26.29
2020-02-25 14:30:00,713,481,331,36.1,2.3000000000000003,26.58
2020-02-25 15:00:00,632,441,312,35.800000000000004,2.4000000000000004,27.09
2020-02-25 15:30:00,539,400,282,35.300000000000004,2.5,27.85
2020-02-25 16:00:00,433,340,246,34.800000000000004,2.6,29.21
2020-02-25 16:30:00,323,279,199,33.800000000000004,2.4000000000000004,30.88
2020-02-25 17:00:00,207,198,141,32.7,2.3000000000000003,35.37
2020-02-25 17:30:00,101,118,76,31.4,2.6,38.06
2020-02-25 18:00:00,21,36,18,30.1,2.9000000000000004,46.63
2020-02-26 07:00:00,23,38,20,26.3,1.5,82.17
2020-02-26 07:30:00,109,128,82,27.5,1.5,76.67
2020-02-26 08:00:00,221,229,146,28.700000000000003,1.5,67.81
2020-02-26 08:30:00,336,310,199,30.0,1.6,62.93
2020-02-26 09:00:00,451,394,236,31.3,1.8,54.59
2020-02-26 09:30:00,555,449,269,32.300000000000004,1.9,51.6
2020-02-26 10:00:00,642,485,292,33.4,2.0,45.76
2020-02-26 10:30:00,723,519,312,34.2,2.0,43.77
2020-02-26 11:00:00,794,550,327,35.0,2.0,39.55
2020-02-26 11:30:00,843,569,338,35.6,1.9,38.27
2020-02-26 12:00:00,650,190,477,36.1,1.9,35.21
2020-02-26 12:30:00,764,340,451,36.4,1.9,34.6
2020-02-26 13:00:00,574,114,469,36.7,1.8,32.57
2020-02-26 13:30:00,667,236,456,36.8,1.8,32.36
2020-02-26 14:00:00,659,279,422,36.8,1.7000000000000002,31.51
2020-02-26 14:30:00,650,357,366,36.6,1.7000000000000002,31.82
2020-02-26 15:00:00,659,523,279,36.4,1.7000000000000002,31.71
2020-02-26 15:30:00,565,480,256,36.0,1.7000000000000002,32.410000000000004
2020-02-26 16:00:00,462,431,225,35.5,1.7000000000000002,33.29
2020-02-26 16:30:00,350,361,189,34.6,1.8,34.980000000000004
2020-02-26 17:00:00,236,280,143,33.7,1.8,38.08
2020-02-26 17:30:00,125,175,87,32.4,2.0,40.99
2020-02-26 18:00:00,33,63,27,31.0,2.2,48.35
2020-02-27 07:00:00,18,0,18,26.700000000000003,1.5,82.67
2020-02-27 07:30:00,47,0,47,27.8,1.4,77.53
2020-02-27 08:00:00,170,110,134,29.0,1.4,68.71000000000001
2020-02-27 08:30:00,305,286,178,30.200000000000003,1.5,64.14
2020-02-27 09:00:00,382,263,238,31.5,1.6,55.49
2020-02-27 09:30:00,425,192,302,32.4,1.7000000000000002,52.75
2020-02-27 10:00:00,407,89,342,33.4,1.9,46.71
2020-02-27 10:30:00,304,19,288,34.1,1.9,44.93
2020-02-27 11:00:00,73,0,73,34.800000000000004,2.0,41.23
2020-02-27 11:30:00,527,92,445,35.2,1.9,40.33
2020-02-27 12:00:00,763,349,443,35.5,1.9,38.35
2020-02-27 12:30:00,430,36,397,35.6,1.9,38.14
2020-02-27 13:00:00,603,138,477,35.6,1.8,37.49
2020-02-27 13:30:00,287,14,274,35.4,1.9,37.86
2020-02-27 14:00:00,344,23,324,35.300000000000004,2.0,38.24
2020-02-27 14:30:00,93,0,93,35.0,2.1,38.88
2020-02-27 15:00:00,73,0,73,34.7,2.3000000000000003,40.19
2020-02-27 15:30:00,179,2,178,34.2,2.4000000000000004,41.36
2020-02-27 16:00:00,287,79,244,33.800000000000004,2.5,43.01
2020-02-27 16:30:00,101,0,101,33.2,2.4000000000000004,44.47
2020-02-27 17:00:00,26,0,26,32.6,2.4000000000000004,47.07
2020-02-27 17:30:00,21,0,21,31.6,2.4000000000000004,49.8
2020-02-28 07:00:00,21,0,21,26.4,1.7000000000000002,90.63
2020-02-28 07:30:00,67,0,67,26.9,1.7000000000000002,88.01
2020-02-28 08:00:00,156,70,133,27.4,1.6,81.77
2020-02-28 08:30:00,328,222,230,28.1,1.4,78.58
2020-02-28 09:00:00,440,286,283,28.9,1.2000000000000002,68.8
2020-02-28 09:30:00,543,336,327,29.8,1.2000000000000002,65.33
2020-02-28 10:00:00,637,386,356,30.6,1.2000000000000002,58.13
2020-02-28 10:30:00,716,419,383,31.5,1.3,55.24
2020-02-28 11:00:00,784,458,393,32.4,1.4,50.44
2020-02-28 11:30:00,830,475,406,32.9,1.5,49.05
2020-02-28 12:00:00,870,535,378,33.5,1.6,46.47
2020-02-28 12:30:00,77,0,77,33.800000000000004,1.6,45.66
2020-02-28 13:00:00,689,231,476,34.2,1.6,44.08
2020-02-28 13:30:00,156,2,154,34.1,1.6,44.28
2020-02-28 14:00:00,460,65,404,34.0,1.7000000000000002,44.3
2020-02-28 14:30:00,370,38,340,33.9,1.8,44.5
2020-02-28 15:00:00,436,114,353,33.7,1.9,45.29
2020-02-28 15:30:00,375,109,304,33.300000000000004,2.2,46.31
2020-02-28 16:00:00,284,75,243,33.0,2.4000000000000004,47.72
2020-02-28 16:30:00,264,152,195,32.300000000000004,2.6,49.63
2020-02-28 17:00:00,243,259,155,31.700000000000003,2.8000000000000003,52.370000000000005
2020-02-28 17:30:00,130,156,96,30.8,2.9000000000000004,55.11
2020-02-28 18:00:00,36,53,31,30.0,3.0,60.27
2020-03-01 07:00:00,32,45,28,27.6,2.1,77.11
2020-03-01 07:30:00,125,146,93,28.8,2.2,71.93
2020-03-01 08:00:00,236,253,150,30.0,2.2,61.65
2020-03-01 08:30:00,350,337,198,31.0,2.2,58.3
2020-03-01 09:00:00,462,408,236,32.1,2.2,51.57
2020-03-01 09:30:00,566,463,265,32.9,2.2,49.31
2020-03-01 10:00:00,654,482,301,33.6,2.2,46.78
2020-03-01 10:30:00,739,516,325,34.300000000000004,2.3000000000000003,44.99
2020-03-01 11:00:00,799,522,350,34.9,2.3000000000000003,43.33
2020-03-01 11:30:00,851,539,366,35.300000000000004,2.4000000000000004,42.34
2020-03-01 12:00:00,872,516,395,35.7,2.5,41.36
2020-03-01 12:30:00,888,520,404,35.800000000000004,2.6,41.1
2020-03-01 13:00:00,874,493,418,35.9,2.6,40.61
2020-03-01 13:30:00,846,483,411,35.800000000000004,2.7,40.83
2020-03-01 14:00:00,797,459,403,35.6,2.8000000000000003,41.2
2020-03-01 14:30:00,733,434,384,35.2,3.0,42.12
2020-03-01 15:00:00,659,430,344,34.800000000000004,3.2,43.66
2020-03-01 15:30:00,567,388,314,34.300000000000004,3.2,44.89
2020-03-01 16:00:00,466,351,271,33.9,3.3000000000000003,46.41
2020-03-01 16:30:00,354,285,225,33.2,3.3000000000000003,48.25
2020-03-01 17:00:00,241,219,167,32.6,3.3000000000000003,50.2
2020-03-01 17:30:00,128,128,100,31.700000000000003,3.3000000000000003,52.81
2020-03-01 18:00:00,33,44,29,30.9,3.2,56.9
2020-03-02 07:00:00,36,56,30,27.8,2.7,77.37
2020-03-02 07:30:00,129,168,92,29.200000000000003,2.8000000000000003,71.36
2020-03-02 08:00:00,245,295,145,30.6,2.9000000000000004,60.88
2020-03-02 08:30:00,361,384,187,31.8,3.0,56.93
2020-03-02 09:00:00,476,472,213,33.1,3.0,50.26
2020-03-02 09:30:00,581,528,237,33.9,3.1,48.07
2020-03-02 10:00:00,652,481,298,34.800000000000004,3.2,44.79
2020-03-02 10:30:00,731,514,317,35.300000000000004,3.3000000000000003,43.53
2020-03-02 11:00:00,798,551,324,35.9,3.5,41.5
2020-03-02 11:30:00,850,568,338,36.2,3.7,40.78
2020-03-02 12:00:00,881,587,337,36.5,3.8,39.55
2020-03-02 12:30:00,891,591,339,36.5,4.0,39.55
2020-03-02 13:00:00,871,549,362,36.6,4.2,39.09
2020-03-02 13:30:00,843,539,356,36.3,4.3,39.74
2020-03-02 14:00:00,800,523,349,36.1,4.4,40.3
2020-03-02 14:30:00,736,499,334,35.6,4.5,41.41
2020-03-02 15:00:00,656,483,300,35.1,4.6000000000000005,42.93
2020-03-02 15:30:00,563,440,276,34.5,4.6000000000000005,44.37
2020-03-02 16:00:00,465,414,234,33.9,4.7,46.71
2020-03-02 16:30:00,353,344,197,33.0,4.6000000000000005,49.16
2020-03-02 17:00:00,242,280,147,32.2,4.6000000000000005,52.92
2020-03-02 17:30:00,131,174,92,31.3,4.4,55.68
2020-03-02 18:00:00,37,66,30,30.5,4.2,61.13
2020-03-03 07:00:00,37,57,32,28.200000000000003,3.3000000000000003,75.76
2020-03-03 07:30:00,133,169,95,29.4,3.4000000000000004,70.69
2020-03-03 08:00:00,248,290,148,30.6,3.5,61.46
2020-03-03 08:30:00,360,379,187,31.700000000000003,3.5,57.74
2020-03-03 09:00:00,476,472,212,32.800000000000004,3.4000000000000004,51.32
2020-03-03 09:30:00,581,528,235,33.6,3.4000000000000004,49.08
2020-03-03 10:00:00,663,514,284,34.4,3.4000000000000004,45.42
2020-03-03 10:30:00,744,548,301,35.0,3.4000000000000004,43.9
2020-03-03 11:00:00,814,581,312,35.6,3.5,41.88
2020-03-03 11:30:00,862,598,321,35.9,3.5,41.16
2020-03-03 12:00:00,892,614,322,36.2,3.6,40.15
2020-03-03 12:30:00,901,617,323,36.3,3.7,39.93
2020-03-03 13:00:00,893,623,314,36.4,3.8,39.49
2020-03-03 13:30:00,864,613,310,36.3,3.9,39.7
2020-03-03 14:00:00,820,611,292,36.1,4.1000000000000005,40.03
2020-03-03 14:30:00,755,586,281,35.800000000000004,4.2,40.69
2020-03-03 15:00:00,679,575,255,35.4,4.3,41.66
2020-03-03 15:30:00,581,531,233,34.800000000000004,4.4,43.06
2020-03-03 16:00:00,480,500,201,34.1,4.5,45.42
2020-03-03 16:30:00,367,426,173,33.300000000000004,4.6000000000000005,47.49
2020-03-03 17:00:00,254,357,132,32.4,4.7,51.45
2020-03-03 17:30:00,141,233,89,31.4,4.7,54.48
2020-03-03 18:00:00,45,96,35,30.4,4.6000000000000005,60.68
2020-03-04 07:00:00,44,79,36,28.5,3.0,70.89
2020-03-04 07:30:00,143,217,94,29.6,3.0,66.61
2020-03-04 08:00:00,257,338,140,30.700000000000003,3.0,57.51
2020-03-04 08:30:00,373,433,175,31.8,3.0,54.04
2020-03-04 09:00:00,487,512,199,32.9,3.0,49.04
2020-03-04 09:30:00,593,568,220,33.800000000000004,3.0,46.64
2020-03-04 10:00:00,681,579,253,34.6,3.0,44.03
2020-03-04 10:30:00,763,612,266,35.2,3.1,42.59
2020-03-04 11:00:00,829,641,273,35.800000000000004,3.1,40.86
2020-03-04 11:30:00,876,658,280,36.2,3.2,39.97
2020-03-04 12:00:00,908,678,276,36.5,3.4000000000000004,39.18
2020-03-04 12:30:00,918,681,277,36.7,3.5,38.72
2020-03-04 13:00:00,895,626,312,36.8,3.6,38.4
2020-03-04 13:30:00,866,616,307,36.7,3.8,38.57
2020-03-04 14:00:00,822,614,290,36.6,3.9,38.63
2020-03-04 14:30:00,757,590,279,36.2,4.0,39.44
2020-03-04 15:00:00,681,577,254,35.800000000000004,4.0,40.14
2020-03-04 15:30:00,583,533,233,35.300000000000004,4.1000000000000005,41.26
2020-03-04 16:00:00,481,500,201,34.7,4.2,42.66
2020-03-04 16:30:00,368,427,174,33.9,4.2,44.59
2020-03-04 17:00:00,255,355,133,33.1,4.2,47.11
2020-03-04 17:30:00,142,231,90,32.2,4.1000000000000005,49.55
2020-03-04 18:00:00,45,93,36,31.200000000000003,4.0,54.1
2020-03-05 07:00:00,36,6,35,28.200000000000003,2.3000000000000003,76.47
2020-03-05 07:30:00,157,333,81,29.4,2.4000000000000004,71.43
2020-03-05 08:00:00,273,457,114,30.6,2.4000000000000004,61.67
2020-03-05 08:30:00,393,553,138,31.6,2.5,58.33
2020-03-05 09:00:00,380,223,254,32.7,2.5,51.75
2020-03-05 09:30:00,612,648,184,33.4,2.6,49.76
2020-03-05 10:00:00,695,623,232,34.1,2.7,47.07
2020-03-05 10:30:00,776,655,243,34.4,2.8000000000000003,46.25
2020-03-05 11:00:00,842,670,260,34.800000000000004,2.9000000000000004,44.85
2020-03-05 11:30:00,890,686,266,35.0,3.0,44.31
2020-03-05 12:00:00,918,708,257,35.2,3.2,43.74
2020-03-05 12:30:00,931,711,261,35.300000000000004,3.3000000000000003,43.45
2020-03-05 13:00:00,913,675,283,35.5,3.4000000000000004,42.89
2020-03-05 13:30:00,884,665,279,35.5,3.6,42.89
2020-03-05 14:00:00,839,666,262,35.4,3.7,43.09
2020-03-05 14:30:00,771,642,250,35.2,3.8,43.57
2020-03-05 15:00:00,693,629,227,34.9,4.0,44.35
2020-03-05 15:30:00,598,586,212,34.4,4.0,45.59
2020-03-05 16:00:00,494,549,186,33.9,4.1000000000000005,47.03
2020-03-05 16:30:00,380,476,163,33.1,4.1000000000000005,49.17
2020-03-05 17:00:00,263,397,126,32.4,4.1000000000000005,51.45
2020-03-05 17:30:00,148,265,88,31.6,4.0,53.88
2020-03-05 18:00:00,49,108,38,30.8,3.8,57.92
2020-03-06 07:00:00,57,158,40,28.200000000000003,3.3000000000000003,75.83
2020-03-06 07:30:00,161,349,80,29.4,3.4000000000000004,70.76
2020-03-06 08:00:00,280,499,105,30.6,3.6,61.08
2020-03-06 08:30:00,401,595,125,31.700000000000003,3.6,57.39
2020-03-06 09:00:00,520,673,137,32.800000000000004,3.7,50.53
2020-03-06 09:30:00,628,723,148,33.6,3.7,48.32
2020-03-06 10:00:00,725,763,156,34.5,3.7,44.47
2020-03-06 10:30:00,808,791,162,35.1,3.7,42.98
2020-03-06 11:00:00,875,814,165,35.7,3.7,40.93
2020-03-06 11:30:00,923,827,169,36.1,3.7,40.01
2020-03-06 12:00:00,954,840,168,36.5,3.7,38.69
2020-03-06 12:30:00,965,843,170,36.7,3.8,38.23
2020-03-06 13:00:00,941,790,203,36.8,3.8,37.75
2020-03-06 13:30:00,912,782,200,36.7,3.9,37.92
2020-03-06 14:00:00,864,771,194,36.6,4.0,37.93
2020-03-06 14:30:00,797,750,188,36.3,4.1000000000000005,38.52
2020-03-06 15:00:00,718,733,174,35.9,4.2,39.27
2020-03-06 15:30:00,620,693,163,35.300000000000004,4.3,40.59
2020-03-06 16:00:00,513,651,146,34.800000000000004,4.3,41.7
2020-03-06 16:30:00,396,580,130,34.0,4.4,43.59
2020-03-06 17:00:00,276,493,106,33.2,4.4,45.81
2020-03-06 17:30:00,158,353,78,32.300000000000004,4.3,48.23
2020-03-06 18:00:00,54,160,38,31.3,4.1000000000000005,52.78
2020-03-07 07:00:00,55,106,43,28.1,2.0,79.51
2020-03-07 07:30:00,157,273,93,29.3,2.0,74.19
2020-03-07 08:00:00,271,387,134,30.4,2.0,64.94
2020-03-07 08:30:00,389,484,163,31.5,1.9,61.07
2020-03-07 09:00:00,55,0,55,32.5,1.8,54.9
2020-03-07 09:30:00,68,0,68,33.300000000000004,1.8,52.5
2020-03-07 10:00:00,326,31,303,34.1,1.7000000000000002,48.82
2020-03-07 10:30:00,493,108,404,34.6,1.8,47.48
2020-03-07 11:00:00,409,38,376,35.1,1.9,44.96
2020-03-07 11:30:00,879,613,318,35.5,2.0,43.98
2020-03-07 12:00:00,575,103,478,35.800000000000004,2.1,42.33
2020-03-07 12:30:00,916,623,326,36.0,2.3000000000000003,41.83
2020-03-07 13:00:00,910,646,304,36.2,2.4000000000000004,40.67
2020-03-07 13:30:00,881,637,300,36.2,2.4000000000000004,40.63
2020-03-07 14:00:00,835,631,286,36.1,2.4000000000000004,40.27
2020-03-07 14:30:00,770,607,276,36.0,2.3000000000000003,40.45
2020-03-07 15:00:00,692,593,251,35.9,2.2,39.95
2020-03-07 15:30:00,595,550,232,35.6,2.1,40.61
2020-03-07 16:00:00,491,507,204,35.300000000000004,2.0,40.54
2020-03-07 16:30:00,377,434,178,34.7,1.9,41.9
2020-03-07 17:00:00,262,360,138,34.2,1.8,42.77
2020-03-07 17:30:00,146,234,93,33.300000000000004,1.8,44.97
2020-03-07 18:00:00,48,100,38,32.4,1.7000000000000002,49.19
2020-03-08 07:00:00,27,0,27,28.700000000000003,2.5,67.93
2020-03-08 07:30:00,165,335,85,30.1,2.5,62.690000000000005
2020-03-08 08:00:00,285,476,115,31.5,2.5,51.7
2020-03-08 08:30:00,407,572,138,32.800000000000004,2.3000000000000003,48.06
2020-03-08 09:00:00,525,650,152,34.2,2.2,42.2
2020-03-08 09:30:00,634,701,165,35.2,2.1,39.93
2020-03-08 10:00:00,734,747,173,36.3,2.0,35.83
2020-03-08 10:30:00,817,776,180,37.1,2.0,34.27
2020-03-08 11:00:00,887,803,183,37.8,2.0,31.37
2020-03-08 11:30:00,937,818,187,38.3,2.0,30.51
2020-03-08 12:00:00,969,834,185,38.8,2.1,28.37
2020-03-08 12:30:00,978,838,184,39.0,2.1,28.04
2020-03-08 13:00:00,968,833,185,39.3,2.2,26.36
2020-03-08 13:30:00,939,827,183,39.3,2.3000000000000003,26.36
2020-03-08 14:00:00,892,824,173,39.3,2.4000000000000004,25.16
2020-03-08 14:30:00,825,806,167,39.1,2.5,25.43
2020-03-08 15:00:00,743,791,153,38.900000000000006,2.6,24.67
2020-03-08 15:30:00,644,756,144,38.400000000000006,2.6,25.35
2020-03-08 16:00:00,542,753,116,37.9,2.7,25.32
2020-03-08 16:30:00,421,688,104,37.1,2.6,26.44
2020-03-08 17:00:00,296,607,86,36.2,2.5,28.27
2020-03-08 17:30:00,171,468,65,34.4,2.5,31.21
2020-03-08 18:00:00,61,253,34,32.6,2.5,38.44
2020-03-09 07:00:00,70,262,40,27.1,2.3000000000000003,60.01
2020-03-09 07:30:00,184,474,70,28.9,2.4000000000000004,54.06
2020-03-09 08:00:00,310,615,89,30.6,2.5,40.38
2020-03-09 08:30:00,437,705,104,32.300000000000004,2.3000000000000003,36.67
2020-03-09 09:00:00,560,773,114,34.0,2.1,29.79
2020-03-09 09:30:00,673,821,122,35.300000000000004,2.0,27.7
2020-03-09 10:00:00,754,784,163,36.5,1.8,24.68
2020-03-09 10:30:00,839,811,170,37.5,1.8,23.38
2020-03-09 11:00:00,910,838,173,38.400000000000006,1.7000000000000002,21.23
2020-03-09 11:30:00,959,852,177,39.0,1.7000000000000002,20.54
2020-03-09 12:00:00,989,864,174,39.5,1.7000000000000002,19.75
2020-03-09 12:30:00,998,866,175,39.8,1.8,19.42
2020-03-09 13:00:00,962,786,221,40.0,1.8,18.99
2020-03-09 13:30:00,930,778,218,40.0,2.0,18.97
2020-03-09 14:00:00,881,767,210,39.900000000000006,2.1,19.02
2020-03-09 14:30:00,812,745,203,39.7,2.2,19.21
2020-03-09 15:00:00,728,719,191,39.400000000000006,2.3000000000000003,19.55
2020-03-09 15:30:00,626,676,178,38.900000000000006,2.5,20.08
2020-03-09 16:00:00,516,627,161,38.3,2.6,21.03
2020-03-09 16:30:00,397,555,141,37.3,2.6,22.2
2020-03-09 17:00:00,274,462,114,36.3,2.6,24.69
2020-03-09 17:30:00,154,329,79,34.5,2.7,27.28
2020-03-09 18:00:00,50,150,34,32.7,2.8000000000000003,33.68
2020-03-10 07:00:00,60,130,44,28.4,2.2,66.91
2020-03-10 07:30:00,165,296,93,29.9,2.2,61.44
2020-03-10 08:00:00,283,431,127,31.3,2.2,51.21
2020-03-10 08:30:00,404,526,154,32.800000000000004,2.1,47.07
2020-03-10 09:00:00,522,605,172,34.2,2.0,40.39
2020-03-10 09:30:00,631,658,187,35.300000000000004,1.9,38.01
2020-03-10 10:00:00,712,628,237,36.5,1.9,33.52
2020-03-10 10:30:00,794,659,249,37.3,1.9,32.09
2020-03-10 11:00:00,861,689,254,38.1,1.9,29.71
2020-03-10 11:30:00,911,706,261,38.7,2.0,28.73
2020-03-10 12:00:00,941,720,260,39.2,2.1,27.43
2020-03-10 12:30:00,950,723,261,39.400000000000006,2.3000000000000003,27.11
2020-03-10 13:00:00,928,682,284,39.6,2.5,26.38
2020-03-10 13:30:00,897,673,280,39.6,2.6,26.38
2020-03-10 14:00:00,851,662,271,39.5,2.8000000000000003,26.19
2020-03-10 14:30:00,783,638,261,39.2,2.9000000000000004,26.62
2020-03-10 15:00:00,700,607,246,38.900000000000006,3.1,26.86
2020-03-10 15:30:00,602,563,228,38.400000000000006,3.2,27.59
2020-03-10 16:00:00,495,511,204,37.8,3.3000000000000003,28.45
2020-03-10 16:30:00,379,438,176,36.9,3.4000000000000004,29.87
2020-03-10 17:00:00,260,348,139,36.0,3.5,31.89
2020-03-10 17:30:00,144,227,92,34.7,3.6,34.29
2020-03-10 18:00:00,44,88,35,33.300000000000004,3.6,39.87
2020-03-11 07:00:00,63,145,45,28.3,2.1,67.94
2020-03-11 07:30:00,169,318,91,29.700000000000003,2.1,62.74
2020-03-11 08:00:00,289,456,123,31.200000000000003,2.1,52.19
2020-03-11 08:30:00,411,551,148,32.6,1.9,48.23
2020-03-11 09:00:00,530,623,167,34.0,1.7000000000000002,42.19
2020-03-11 09:30:00,639,675,182,35.2,1.6,39.45
2020-03-11 10:00:00,716,627,240,36.3,1.5,34.85
2020-03-11 10:30:00,798,658,252,37.2,1.5,33.19
2020-03-11 11:00:00,863,680,262,38.1,1.4,29.55
2020-03-11 11:30:00,910,695,268,38.6,1.7000000000000002,28.73
2020-03-11 12:00:00,939,705,271,39.2,1.9,27.13
2020-03-11 12:30:00,947,708,272,39.400000000000006,2.2,26.84
2020-03-11 13:00:00,925,663,298,39.6,2.5,26.54
2020-03-11 13:30:00,896,655,294,39.5,2.8000000000000003,26.68
2020-03-11 14:00:00,849,650,279,39.400000000000006,3.2,26.86
2020-03-11 14:30:00,782,626,268,39.1,3.4000000000000004,27.29
2020-03-11 15:00:00,702,609,246,38.8,3.7,27.74
2020-03-11 15:30:00,604,565,228,38.1,3.9,28.8
2020-03-11 16:00:00,498,521,202,37.5,4.1000000000000005,29.93
2020-03-11 16:30:00,382,448,174,36.6,4.3,31.46
2020-03-11 17:00:00,264,363,137,35.7,4.4,33.84
2020-03-11 17:30:00,147,239,93,34.5,4.3,36.15
2020-03-11 18:00:00,48,98,37,33.300000000000004,4.2,41.24
2020-03-12 07:00:00,67,166,47,28.6,2.9000000000000004,69.74
2020-03-12 07:30:00,174,343,89,29.9,3.0,64.78
2020-03-12 08:00:00,293,474,119,31.3,3.1,55.11
2020-03-12 08:30:00,415,568,142,32.6,3.2,51.21
2020-03-12 09:00:00,533,638,160,33.9,3.3000000000000003,44.39
2020-03-12 09:30:00,642,689,174,34.9,3.2,42.0
2020-03-12 10:00:00,721,647,228,35.9,3.2,38.7
2020-03-12 10:30:00,803,678,239,36.6,3.3000000000000003,37.25
2020-03-12 11:00:00,868,701,247,37.4,3.3000000000000003,35.550000000000004
2020-03-12 11:30:00,916,716,253,37.8,3.4000000000000004,34.79
2020-03-12 12:00:00,944,726,255,38.2,3.5,34.0
2020-03-12 12:30:00,953,729,255,38.400000000000006,3.6,33.6
2020-03-12 13:00:00,945,740,244,38.5,3.6,33.51
2020-03-12 13:30:00,914,731,241,38.5,3.7,33.480000000000004
2020-03-12 14:00:00,869,730,227,38.400000000000006,3.8,33.83
2020-03-12 14:30:00,801,707,219,38.0,3.9,34.53
2020-03-12 15:00:00,720,692,201,37.7,4.0,35.35
2020-03-12 15:30:00,621,651,188,37.0,4.0,36.72
2020-03-12 16:00:00,513,612,164,36.4,4.1000000000000005,38.31
2020-03-12 16:30:00,395,540,144,35.5,4.1000000000000005,40.25
2020-03-12 17:00:00,275,455,116,34.6,4.1000000000000005,43.19
2020-03-12 17:30:00,157,320,83,33.5,4.1000000000000005,45.91
2020-03-12 18:00:00,53,145,38,32.4,4.1000000000000005,51.370000000000005
2020-03-13 07:00:00,69,179,46,28.8,2.6,72.02
2020-03-13 07:30:00,177,355,87,30.4,2.6,65.71000000000001
2020-03-13 08:00:00,298,491,116,31.9,2.7,54.94
2020-03-13 08:30:00,419,583,138,33.2,2.7,51.08
2020-03-13 09:00:00,538,653,153,34.6,2.7,46.2
2020-03-13 09:30:00,646,703,166,35.5,2.6,43.96
2020-03-13 10:00:00,713,615,242,36.4,2.5,41.17
2020-03-13 10:30:00,792,645,254,37.0,2.5,39.81
2020-03-13 11:00:00,858,671,261,37.7,2.4000000000000004,37.81
2020-03-13 11:30:00,905,686,268,38.1,2.4000000000000004,36.97
2020-03-13 12:00:00,932,695,270,38.6,2.4000000000000004,35.43
2020-03-13 12:30:00,940,698,271,38.8,2.4000000000000004,35.050000000000004
2020-03-13 13:00:00,925,681,278,39.0,2.5,34.37
2020-03-13 13:30:00,893,671,274,38.900000000000006,2.5,34.52
2020-03-13 14:00:00,845,661,262,38.900000000000006,2.5,34.5
2020-03-13 14:30:00,780,638,255,38.6,2.5,35.02
2020-03-13 15:00:00,698,611,239,38.3,2.6,35.83
2020-03-13 15:30:00,601,568,222,37.8,2.7,36.81
2020-03-13 16:00:00,493,511,201,37.3,2.8000000000000003,38.53
2020-03-13 16:30:00,377,439,173,36.5,3.0,40.25
2020-03-13 17:00:00,260,348,138,35.7,3.1,43.44
2020-03-13 17:30:00,145,227,92,34.6,3.4000000000000004,46.15
2020-03-13 18:00:00,46,90,36,33.5,3.6,52.59
2020-03-14 07:00:00,61,102,47,29.3,2.3000000000000003,76.18
2020-03-14 07:30:00,164,232,106,30.4,2.4000000000000004,71.61
2020-03-14 08:00:00,280,342,152,31.6,2.5,62.82
2020-03-14 08:30:00,397,430,188,32.7,2.6,59.05
2020-03-14 09:00:00,511,498,216,33.9,2.6,52.78
2020-03-14 09:30:00,616,551,238,34.7,2.7,50.5
2020-03-14 10:00:00,686,503,300,35.5,2.7,47.51
2020-03-14 10:30:00,764,534,318,36.0,2.8000000000000003,46.23
2020-03-14 11:00:00,829,563,327,36.6,2.8000000000000003,44.47
2020-03-14 11:30:00,874,579,335,37.0,2.9000000000000004,43.51
2020-03-14 12:00:00,908,595,340,37.3,3.0,42.55
2020-03-14 12:30:00,915,597,341,37.4,3.1,42.27
2020-03-14 13:00:00,904,598,336,37.5,3.1,41.87
2020-03-14 13:30:00,874,587,331,37.3,3.2,42.28
2020-03-14 14:00:00,826,581,314,37.1,3.3000000000000003,42.65
2020-03-14 14:30:00,760,556,301,36.7,3.4000000000000004,43.54
2020-03-14 15:00:00,681,536,277,36.3,3.4000000000000004,44.64
2020-03-14 15:30:00,586,493,256,35.800000000000004,3.4000000000000004,45.88
2020-03-14 16:00:00,481,449,225,35.2,3.5,47.81
2020-03-14 16:30:00,368,378,192,34.6,3.5,49.42
2020-03-14 17:00:00,254,302,147,34.0,3.6,51.95
2020-03-14 17:30:00,140,192,96,33.2,3.6,54.31
2020-03-14 18:00:00,43,73,35,32.5,3.6,58.16
2020-03-15 07:00:00,52,55,45,28.6,2.0,81.89
2020-03-15 07:30:00,153,143,116,29.200000000000003,2.0,79.19
2020-03-15 08:00:00,213,155,155,29.700000000000003,2.0,74.13
2020-03-15 08:30:00,287,149,214,30.3,2.0,71.7
2020-03-15 09:00:00,219,15,210,30.9,2.0,67.34
2020-03-15 09:30:00,38,0,38,31.4,2.1,65.46000000000001
2020-03-15 10:00:00,219,8,213,31.9,2.2,62.49
2020-03-15 10:30:00,58,0,58,32.2,2.2,61.44
2020-03-15 11:00:00,98,0,98,32.4,2.2,60.32
2020-03-15 11:30:00,90,0,90,32.4,2.0,60.32
2020-03-15 12:00:00,79,0,79,32.4,1.9,60.16
2020-03-15 12:30:00,99,0,99,32.0,1.8,61.53
2020-03-15 13:00:00,306,15,292,31.700000000000003,1.7000000000000002,63.07
2020-03-15 13:30:00,104,0,104,31.4,1.7000000000000002,64.15
2020-03-15 14:00:00,223,9,215,31.1,1.6,66.02
2020-03-15 14:30:00,438,65,384,30.8,1.7000000000000002,67.09
2020-03-15 15:00:00,223,8,217,30.5,1.7000000000000002,68.69
2020-03-15 15:30:00,93,0,93,30.200000000000003,1.7000000000000002,69.88
2020-03-15 16:00:00,174,3,173,29.8,1.6,71.82000000000001
2020-03-15 16:30:00,226,67,195,29.4,1.5,73.49
2020-03-15 17:00:00,211,199,141,29.0,1.3,76.16
2020-03-15 17:30:00,106,78,88,28.6,1.2000000000000002,77.94
2020-03-15 18:00:00,37,57,30,28.1,1.1,82.93
2020-03-16 07:00:00,61,91,48,27.200000000000003,1.8,88.92
2020-03-16 07:30:00,164,208,110,28.0,1.9,84.96000000000001
2020-03-16 08:00:00,280,322,158,28.8,2.1,77.21000000000001
2020-03-16 08:30:00,397,407,197,29.9,2.1,72.56
2020-03-16 09:00:00,511,485,223,30.9,2.1,62.43
2020-03-16 09:30:00,616,537,246,31.8,2.0,59.33
2020-03-16 10:00:00,675,423,348,32.7,1.9,52.21
2020-03-16 10:30:00,753,454,372,33.4,1.8,50.21
2020-03-16 11:00:00,813,466,395,34.0,1.7000000000000002,48.06
2020-03-16 11:30:00,864,481,414,34.5,1.6,46.74
2020-03-16 12:00:00,888,481,427,34.9,1.6,45.33
2020-03-16 12:30:00,535,69,469,35.0,1.6,45.08
2020-03-16 13:00:00,387,24,364,35.2,1.6,44.39
2020-03-16 13:30:00,848,448,432,35.1,1.7000000000000002,44.64
2020-03-16 14:00:00,797,424,422,35.0,1.7000000000000002,44.8
2020-03-16 14:30:00,532,142,414,34.800000000000004,1.8,45.29
2020-03-16 15:00:00,603,350,338,34.5,1.8,46.04
2020-03-16 15:30:00,556,327,338,34.0,1.8,47.33
2020-03-16 16:00:00,403,267,250,33.6,1.9,48.89
2020-03-16 16:30:00,341,229,234,33.0,1.8,50.55
2020-03-16 17:00:00,229,175,167,32.300000000000004,1.8,55.79
2020-03-16 17:30:00,117,104,93,31.3,1.8,59.09
2020-03-16 18:00:00,30,37,26,30.200000000000003,1.9,69.9
2020-03-17 07:00:00,53,70,44,27.9,2.3000000000000003,84.09
2020-03-17 07:30:00,154,159,112,28.8,2.4000000000000004,79.82000000000001
2020-03-17 08:00:00,270,256,173,29.700000000000003,2.6,72.10000000000001
2020-03-17 08:30:00,386,330,222,30.700000000000003,2.6,68.1
2020-03-17 09:00:00,495,406,252,31.700000000000003,2.7,61.65
2020-03-17 09:30:00,598,456,282,32.6,2.8000000000000003,58.61
2020-03-17 10:00:00,692,503,302,33.5,2.8000000000000003,54.73
2020-03-17 10:30:00,775,534,325,34.1,2.8000000000000003,52.88
2020-03-17 11:00:00,840,565,332,34.800000000000004,2.9000000000000004,50.38
2020-03-17 11:30:00,885,580,341,35.2,2.9000000000000004,49.24
2020-03-17 12:00:00,913,596,341,35.6,3.0,47.37
2020-03-17 12:30:00,921,600,342,35.800000000000004,3.1,46.81
2020-03-17 13:00:00,904,575,355,36.0,3.2,45.6
2020-03-17 13:30:00,873,564,349,36.0,3.3000000000000003,45.6
2020-03-17 14:00:00,824,552,335,35.9,3.4000000000000004,45.38
2020-03-17 14:30:00,758,527,321,35.6,3.5,46.13
2020-03-17 15:00:00,676,497,301,35.300000000000004,3.6,46.63
2020-03-17 15:30:00,581,454,276,34.800000000000004,3.6,47.94
2020-03-17 16:00:00,473,388,250,34.2,3.7,49.65
2020-03-17 16:30:00,360,322,209,33.300000000000004,3.7,52.2
2020-03-17 17:00:00,246,249,158,32.4,3.7,56.53
2020-03-17 17:30:00,133,154,97,31.3,3.6,60.15
2020-03-17 18:00:00,38,58,32,30.200000000000003,3.6,67.77
2020-03-18 07:00:00,59,73,49,28.1,3.2,80.31
2020-03-18 07:30:00,162,168,117,29.200000000000003,3.3000000000000003,75.37
2020-03-18 08:00:00,276,258,177,30.3,3.4000000000000004,66.07000000000001
2020-03-18 08:30:00,392,334,226,31.3,3.3000000000000003,62.42
2020-03-18 09:00:00,499,399,259,32.4,3.3000000000000003,56.23
2020-03-18 09:30:00,602,449,290,33.2,3.2,53.77
2020-03-18 10:00:00,680,433,344,34.0,3.2,50.41
2020-03-18 10:30:00,757,463,366,34.6,3.2,48.71
2020-03-18 11:00:00,780,442,381,35.2,3.1,46.49
2020-03-18 11:30:00,864,506,389,35.6,3.1,45.43
2020-03-18 12:00:00,891,517,394,35.9,3.1,44.23
2020-03-18 12:30:00,899,519,396,36.1,3.1,43.7
2020-03-18 13:00:00,823,412,428,36.2,3.1,43.23
2020-03-18 13:30:00,792,405,416,36.1,3.1,43.42
2020-03-18 14:00:00,807,466,393,36.0,3.2,43.55
2020-03-18 14:30:00,681,365,378,35.6,3.3000000000000003,44.47
2020-03-18 15:00:00,661,413,348,35.300000000000004,3.3000000000000003,45.14
2020-03-18 15:30:00,567,372,317,34.7,3.4000000000000004,46.65
2020-03-18 16:00:00,465,335,272,34.1,3.5,48.4
2020-03-18 16:30:00,348,273,220,33.4,3.6,50.33
2020-03-18 17:00:00,237,213,162,32.6,3.7,54.11
2020-03-18 17:30:00,126,128,96,31.6,3.8,57.3
2020-03-18 18:00:00,34,46,29,30.700000000000003,3.8,63.6
2020-03-19 07:00:00,60,75,49,28.5,3.2,76.64
2020-03-19 07:30:00,163,174,116,29.5,3.4000000000000004,72.35000000000001
2020-03-19 08:00:00,241,218,156,30.5,3.6,63.88
2020-03-19 08:30:00,343,269,209,31.6,3.7,60.08
2020-03-19 09:00:00,416,238,272,32.6,3.8,54.46
2020-03-19 09:30:00,609,469,282,33.4,3.8,52.07
2020-03-19 10:00:00,696,487,316,34.300000000000004,3.9,48.97
2020-03-19 10:30:00,773,518,334,34.800000000000004,4.0,47.59
2020-03-19 11:00:00,835,538,349,35.300000000000004,4.0,45.99
2020-03-19 11:30:00,879,554,358,35.6,4.0,45.24
2020-03-19 12:00:00,910,560,370,35.800000000000004,4.1000000000000005,44.32
2020-03-19 12:30:00,917,562,371,36.0,4.1000000000000005,43.8
2020-03-19 13:00:00,905,563,365,36.1,4.2,43.29
2020-03-19 13:30:00,870,553,354,35.9,4.2,43.72
2020-03-19 14:00:00,823,548,336,35.800000000000004,4.3,43.73
2020-03-19 14:30:00,756,524,322,35.5,4.3,44.46
2020-03-19 15:00:00,678,508,293,35.2,4.4,44.94
2020-03-19 15:30:00,584,466,270,34.6,4.5,46.45
2020-03-19 16:00:00,481,431,233,34.1,4.6000000000000005,47.63
2020-03-19 16:30:00,368,362,198,33.300000000000004,4.6000000000000005,49.8
2020-03-19 17:00:00,254,289,151,32.5,4.6000000000000005,52.71
2020-03-19 17:30:00,138,183,95,31.5,4.3,55.77
2020-03-19 18:00:00,42,70,34,30.5,4.0,61.96
2020-03-20 07:00:00,70,95,56,28.5,2.7,73.7
2020-03-20 07:30:00,175,209,119,29.5,2.9000000000000004,69.65
2020-03-20 08:00:00,192,82,160,30.6,3.1,61.95
2020-03-20 08:30:00,410,407,205,31.6,3.3000000000000003,58.54
2020-03-20 09:00:00,451,316,259,32.7,3.5,54.36
2020-03-20 09:30:00,626,544,246,33.4,3.6,52.22
2020-03-20 10:00:00,574,252,377,34.1,3.7,50.44
2020-03-20 10:30:00,778,531,326,34.6,3.8,49.06
2020-03-20 11:00:00,636,190,464,35.1,3.9,47.71
2020-03-20 11:30:00,731,269,478,35.4,3.9,46.88
2020-03-20 12:00:00,823,398,438,35.6,4.0,46.09
2020-03-20 12:30:00,921,580,358,35.7,4.1000000000000005,45.84
2020-03-20 13:00:00,826,414,428,35.7,4.3,45.52
2020-03-20 13:30:00,875,553,358,35.6,4.4,45.77
2020-03-20 14:00:00,826,542,344,35.4,4.5,45.96
2020-03-20 14:30:00,754,517,325,35.1,4.6000000000000005,46.73
2020-03-20 15:00:00,676,498,298,34.7,4.7,47.57
2020-03-20 15:30:00,506,305,300,34.1,4.7,49.18
2020-03-20 16:00:00,307,88,256,33.6,4.7,50.64
2020-03-20 16:30:00,362,351,197,32.800000000000004,4.6000000000000005,52.95
2020-03-20 17:00:00,249,279,150,32.1,4.6000000000000005,55.58
2020-03-20 17:30:00,136,175,95,31.3,4.3,58.21
2020-03-20 18:00:00,41,66,34,30.4,4.0,63.34
2020-03-21 07:00:00,74,107,58,28.4,3.6,75.0
2020-03-21 07:30:00,180,229,118,29.4,3.7,70.8
2020-03-21 08:00:00,189,73,160,30.3,3.9,63.53
2020-03-21 08:30:00,418,444,194,31.3,4.0,60.02
2020-03-21 09:00:00,333,95,275,32.300000000000004,4.1000000000000005,54.19
2020-03-21 09:30:00,636,581,228,33.0,4.1000000000000005,52.1
2020-03-21 10:00:00,710,527,296,33.800000000000004,4.1000000000000005,48.26
2020-03-21 10:30:00,788,558,312,34.300000000000004,4.1000000000000005,46.94
2020-03-21 11:00:00,852,591,316,34.9,4.0,44.57
2020-03-21 11:30:00,898,607,324,35.300000000000004,4.0,43.6
2020-03-21 12:00:00,927,627,320,35.7,4.0,42.11
2020-03-21 12:30:00,933,630,321,35.9,4.0,41.65
2020-03-21 13:00:00,924,637,312,36.0,4.1000000000000005,40.95
2020-03-21 13:30:00,892,627,306,36.0,4.1000000000000005,40.91
2020-03-21 14:00:00,844,620,291,35.9,4.1000000000000005,40.65
2020-03-21 14:30:00,776,596,280,35.6,4.2,41.33
2020-03-21 15:00:00,696,577,258,35.300000000000004,4.2,41.53
2020-03-21 15:30:00,599,534,239,34.800000000000004,4.3,42.69
2020-03-21 16:00:00,494,489,211,34.300000000000004,4.3,43.76
2020-03-21 16:30:00,379,417,182,33.5,4.3,45.79
2020-03-21 17:00:00,262,335,143,32.7,4.4,48.47
2020-03-21 17:30:00,147,218,96,31.8,4.2,50.99
2020-03-21 18:00:00,48,86,38,30.8,3.9,56.46
2020-03-22 07:00:00,78,115,60,28.6,3.4000000000000004,71.56
2020-03-22 07:30:00,186,243,118,29.5,3.6,68.01
2020-03-22 08:00:00,305,369,159,30.5,3.7,60.07
2020-03-22 08:30:00,423,455,193,31.6,3.8,56.44
2020-03-22 09:00:00,539,548,204,32.7,3.8,49.96
2020-03-22 09:30:00,645,599,222,33.5,3.7,47.78
2020-03-22 10:00:00,726,585,266,34.4,3.6,44.29
2020-03-22 10:30:00,806,615,280,35.0,3.4000000000000004,42.81
2020-03-22 11:00:00,870,642,286,35.6,3.3000000000000003,41.52
2020-03-22 11:30:00,915,657,293,36.0,3.1,40.58
2020-03-22 12:00:00,942,669,293,36.4,3.0,39.69
2020-03-22 12:30:00,948,671,294,36.5,3.0,39.44
2020-03-22 13:00:00,940,686,279,36.7,3.0,38.88
2020-03-22 13:30:00,908,677,275,36.7,3.0,38.88
2020-03-22 14:00:00,859,666,264,36.6,3.0,38.92
2020-03-22 14:30:00,790,642,255,36.3,3.1,39.56
2020-03-22 15:00:00,707,620,236,36.0,3.2,40.2
2020-03-22 15:30:00,609,577,220,35.6,3.2,41.09
2020-03-22 16:00:00,503,533,195,35.1,3.3000000000000003,42.16
2020-03-22 16:30:00,387,461,170,34.4,3.4000000000000004,43.86
2020-03-22 17:00:00,269,377,135,33.7,3.5,45.78
2020-03-22 17:30:00,153,252,93,32.6,3.5,48.68
2020-03-22 18:00:00,52,106,40,31.6,3.5,53.96
2020-03-23 07:00:00,86,175,59,28.9,3.0,71.08
2020-03-23 07:30:00,196,326,105,30.200000000000003,3.1,66.04
2020-03-23 08:00:00,315,444,138,31.5,3.2,56.46
2020-03-23 08:30:00,435,531,164,32.6,3.3000000000000003,53.07
2020-03-23 09:00:00,550,594,185,33.800000000000004,3.3000000000000003,47.6
2020-03-23 09:30:00,656,644,201,34.5,3.2,45.79
2020-03-23 10:00:00,734,612,251,35.300000000000004,3.2,43.35
2020-03-23 10:30:00,813,641,263,35.800000000000004,3.2,42.14
2020-03-23 11:00:00,876,667,269,36.3,3.3000000000000003,40.54
2020-03-23 11:30:00,921,681,275,36.7,3.3000000000000003,39.63
2020-03-23 12:00:00,947,690,277,37.0,3.4000000000000004,38.5
2020-03-23 12:30:00,954,692,278,37.1,3.5,38.25
2020-03-23 13:00:00,953,736,244,37.2,3.6,37.88
2020-03-23 13:30:00,920,726,240,37.1,3.8,38.09
2020-03-23 14:00:00,869,713,232,37.0,3.9,38.24
2020-03-23 14:30:00,803,690,227,36.6,3.9,39.08
2020-03-23 15:00:00,718,662,214,36.3,4.0,39.74
2020-03-23 15:30:00,620,622,200,35.7,4.1000000000000005,41.07
2020-03-23 16:00:00,511,573,180,35.2,4.1000000000000005,41.95
2020-03-23 16:30:00,394,501,158,34.4,4.1000000000000005,43.85
2020-03-23 17:00:00,275,413,128,33.7,4.1000000000000005,45.41
2020-03-23 17:30:00,155,283,89,32.7,4.0,48.01
2020-03-23 18:00:00,54,124,40,31.700000000000003,3.8,52.620000000000005
2020-03-24 07:00:00,86,164,60,28.8,2.8000000000000003,71.44
2020-03-24 07:30:00,195,306,109,30.200000000000003,2.9000000000000004,65.99
2020-03-24 08:00:00,313,416,146,31.5,3.0,55.0
2020-03-24 08:30:00,431,501,174,32.7,3.1,51.41
2020-03-24 09:00:00,543,567,194,33.9,3.1,44.79
2020-03-24 09:30:00,651,616,214,34.7,3.2,42.84
2020-03-24 10:00:00,745,656,226,35.6,3.2,40.07
2020-03-24 10:30:00,824,685,236,36.1,3.3000000000000003,38.95
2020-03-24 11:00:00,889,710,241,36.7,3.4000000000000004,37.54
2020-03-24 11:30:00,934,723,247,37.1,3.5,36.69
2020-03-24 12:00:00,961,735,247,37.4,3.6,36.06
2020-03-24 12:30:00,967,736,247,37.5,3.7,35.87
2020-03-24 13:00:00,962,763,225,37.7,3.8,35.480000000000004
2020-03-24 13:30:00,928,753,222,37.5,4.0,35.87
2020-03-24 14:00:00,878,742,215,37.4,4.1000000000000005,35.99
2020-03-24 14:30:00,808,719,208,37.1,4.2,36.58
2020-03-24 15:00:00,724,693,196,36.7,4.4,37.36
2020-03-24 15:30:00,626,652,186,36.1,4.5,38.6
2020-03-24 16:00:00,523,637,155,35.4,4.6000000000000005,40.39
2020-03-24 16:30:00,404,566,137,34.5,4.7,42.44
2020-03-24 17:00:00,283,478,113,33.6,4.7,45.35
2020-03-24 17:30:00,163,341,83,32.5,4.7,48.27
2020-03-24 18:00:00,58,162,40,31.4,4.6000000000000005,53.82
2020-03-25 06:30:00,14,42,12,26.700000000000003,2.3000000000000003,86.17
2020-03-25 07:00:00,98,250,58,28.5,3.2,74.63
2020-03-25 07:30:00,211,415,93,29.6,3.3000000000000003,70.12
2020-03-25 08:00:00,333,531,119,30.700000000000003,3.4000000000000004,60.620000000000005
2020-03-25 08:30:00,455,614,138,31.8,3.4000000000000004,56.96
2020-03-25 09:00:00,570,671,154,33.0,3.4000000000000004,48.4
2020-03-25 09:30:00,677,716,166,33.9,3.5,46.03
2020-03-25 10:00:00,742,629,243,34.800000000000004,3.5,41.71
2020-03-25 10:30:00,821,658,254,35.5,3.6,40.09
2020-03-25 11:00:00,885,683,260,36.1,3.7,38.7
2020-03-25 11:30:00,928,696,265,36.5,3.9,37.87
2020-03-25 12:00:00,957,705,270,36.8,4.0,37.75
2020-03-25 12:30:00,960,707,268,36.9,4.2,37.55
2020-03-25 13:00:00,932,654,300,36.9,4.4,38.21
2020-03-25 13:30:00,899,644,295,36.7,4.6000000000000005,38.63
2020-03-25 14:00:00,850,635,282,36.5,4.800000000000001,39.66
2020-03-25 14:30:00,781,611,271,36.0,5.0,40.76
2020-03-25 15:00:00,703,599,246,35.6,5.1000000000000005,42.33
2020-03-25 15:30:00,604,556,228,34.9,5.2,43.99
2020-03-25 16:00:00,502,530,195,34.1,5.300000000000001,47.02
2020-03-25 16:30:00,385,458,170,33.2,5.2,49.44
2020-03-25 17:00:00,271,395,130,32.300000000000004,5.2,53.63
2020-03-25 17:30:00,154,269,91,31.3,4.9,56.74
2020-03-25 18:00:00,53,125,39,30.3,4.7,63.21
2020-03-26 06:30:00,16,51,14,26.200000000000003,1.9,88.67
2020-03-26 07:00:00,103,278,57,28.6,2.8000000000000003,73.01
2020-03-26 07:30:00,218,448,89,30.0,2.9000000000000004,67.37
2020-03-26 08:00:00,341,567,111,31.4,2.9000000000000004,55.86
2020-03-26 08:30:00,464,649,128,32.6,2.9000000000000004,52.21
2020-03-26 09:00:00,582,707,142,33.9,2.9000000000000004,44.92
2020-03-26 09:30:00,690,752,153,34.800000000000004,2.9000000000000004,42.74
2020-03-26 10:00:00,784,779,164,35.7,2.8000000000000003,39.52
2020-03-26 10:30:00,864,803,171,36.4,2.9000000000000004,38.03
2020-03-26 11:00:00,928,824,174,37.0,3.0,35.83
2020-03-26 11:30:00,973,835,177,37.4,3.0,35.06
2020-03-26 12:00:00,1000,846,176,37.8,3.1,33.69
2020-03-26 12:30:00,1006,847,176,37.9,3.2,33.51
2020-03-26 13:00:00,978,792,211,38.0,3.3000000000000003,32.88
2020-03-26 13:30:00,944,783,208,37.9,3.4000000000000004,33.06
2020-03-26 14:00:00,891,773,199,37.8,3.5,33.04
2020-03-26 14:30:00,822,751,194,37.5,3.6,33.58
2020-03-26 15:00:00,736,723,184,37.2,3.7,34.09
2020-03-26 15:30:00,635,683,173,36.6,3.8,35.22
2020-03-26 16:00:00,525,634,158,36.0,4.0,36.78
2020-03-26 16:30:00,405,564,139,35.1,4.1000000000000005,38.64
2020-03-26 17:00:00,283,474,114,34.2,4.2,42.02
2020-03-26 17:30:00,163,339,83,33.0,4.2,44.97
2020-03-26 18:00:00,57,157,40,31.9,4.2,51.69
2020-03-27 06:30:00,17,49,14,26.700000000000003,2.0,89.0
2020-03-27 07:00:00,103,265,58,29.200000000000003,3.0,72.28
2020-03-27 07:30:00,217,431,92,30.700000000000003,3.0,66.34
2020-03-27 08:00:00,340,551,115,32.1,3.0,55.08
2020-03-27 08:30:00,463,633,133,33.4,2.8000000000000003,51.21
2020-03-27 09:00:00,580,695,147,34.7,2.7,44.25
2020-03-27 09:30:00,688,739,157,35.6,2.6,42.11
2020-03-27 10:00:00,753,657,229,36.5,2.5,38.35
2020-03-27 10:30:00,832,685,240,37.2,2.4000000000000004,36.89
2020-03-27 11:00:00,895,705,247,37.9,2.4000000000000004,34.78
2020-03-27 11:30:00,939,719,252,38.3,2.5,34.01
2020-03-27 12:00:00,966,732,252,38.8,2.6,32.82
2020-03-27 12:30:00,972,733,252,39.0,2.8000000000000003,32.44
2020-03-27 13:00:00,950,704,267,39.1,3.0,32.08
2020-03-27 13:30:00,916,694,263,39.0,3.2,32.25
2020-03-27 14:00:00,864,679,255,39.0,3.4000000000000004,32.29
2020-03-27 14:30:00,795,655,246,38.6,3.6,32.99
2020-03-27 15:00:00,709,623,233,38.3,3.8,33.72
2020-03-27 15:30:00,610,580,217,37.6,3.9,35.02
2020-03-27 16:00:00,501,525,197,37.0,4.1000000000000005,36.58
2020-03-27 16:30:00,385,454,170,36.0,4.2,38.67
2020-03-27 17:00:00,266,365,136,35.1,4.3,41.34
2020-03-27 17:30:00,150,244,92,33.9,4.4,44.18
2020-03-27 18:00:00,50,101,38,32.7,4.4,49.85
2020-03-28 06:30:00,12,23,11,27.200000000000003,2.0,80.33
2020-03-28 07:00:00,93,162,66,29.4,2.8000000000000003,65.49
2020-03-28 07:30:00,204,299,116,30.9,2.9000000000000004,60.11
2020-03-28 08:00:00,323,409,154,32.300000000000004,2.9000000000000004,49.13
2020-03-28 08:30:00,442,493,184,33.6,3.0,45.69
2020-03-28 09:00:00,556,556,207,34.9,3.1,40.19
2020-03-28 09:30:00,659,607,223,35.7,3.1,38.46
2020-03-28 10:00:00,728,549,289,36.6,3.1,36.01
2020-03-28 10:30:00,806,578,304,37.2,3.1,34.82
2020-03-28 11:00:00,868,602,314,37.8,3.1,33.29
2020-03-28 11:30:00,911,616,321,38.3,3.1,32.37
2020-03-28 12:00:00,938,627,324,38.7,3.1,31.29
2020-03-28 12:30:00,943,629,325,38.8,3.1,31.1
2020-03-28 13:00:00,924,609,333,39.0,3.2,30.34
2020-03-28 13:30:00,893,600,327,38.900000000000006,3.2,30.5
2020-03-28 14:00:00,842,587,315,38.8,3.3000000000000003,30.33
2020-03-28 14:30:00,773,562,302,38.5,3.4000000000000004,30.82
2020-03-28 15:00:00,692,539,280,38.1,3.4000000000000004,31.28
2020-03-28 15:30:00,594,495,258,37.5,3.5,32.28
2020-03-28 16:00:00,489,456,224,36.9,3.6,33.75
2020-03-28 16:30:00,374,388,191,36.0,3.7,35.45
2020-03-28 17:00:00,256,314,144,35.1,3.8,38.81
2020-03-28 17:30:00,142,204,93,33.9,3.8,41.48
2020-03-28 18:00:00,45,85,35,32.7,3.8,48.48
2020-03-29 06:30:00,14,27,12,26.8,2.1,87.16
2020-03-29 07:00:00,98,177,67,29.1,3.1,71.74
2020-03-29 07:30:00,173,205,112,30.5,3.2,66.21000000000001
2020-03-29 08:00:00,268,248,166,31.8,3.3000000000000003,55.94
2020-03-29 08:30:00,368,284,219,33.1,3.3000000000000003,52.01
2020-03-29 09:00:00,564,594,191,34.4,3.4000000000000004,45.38
2020-03-29 09:30:00,670,642,207,35.4,3.4000000000000004,42.94
2020-03-29 10:00:00,764,681,217,36.4,3.4000000000000004,39.65
2020-03-29 10:30:00,842,708,227,37.0,3.4000000000000004,38.38
2020-03-29 11:00:00,905,730,232,37.7,3.5,36.21
2020-03-29 11:30:00,949,742,237,38.1,3.6,35.44
2020-03-29 12:00:00,975,753,237,38.5,3.7,33.94
2020-03-29 12:30:00,981,755,238,38.5,3.8,33.94
2020-03-29 13:00:00,944,671,292,38.6,3.9,33.11
2020-03-29 13:30:00,910,660,287,38.5,4.0,33.25
2020-03-29 14:00:00,862,656,273,38.3,4.1000000000000005,33.07
2020-03-29 14:30:00,789,631,259,38.0,4.2,33.6
2020-03-29 15:00:00,708,616,237,37.6,4.2,33.94
2020-03-29 15:30:00,610,574,220,37.0,4.2,35.03
2020-03-29 16:00:00,504,538,192,36.4,4.2,36.0
2020-03-29 16:30:00,388,467,167,35.5,4.2,37.86
2020-03-29 17:00:00,271,392,131,34.6,4.2,40.24
2020-03-29 17:30:00,154,267,91,33.5,4.0,42.77
2020-03-29 18:00:00,52,120,39,32.300000000000004,3.8,48.33
2020-03-30 06:30:00,16,32,14,27.200000000000003,2.3000000000000003,81.23
2020-03-30 07:00:00,100,184,68,29.3,3.2,66.89
2020-03-30 07:30:00,211,327,113,30.6,3.2,62.1
2020-03-30 08:00:00,329,433,149,31.8,3.2,53.41
2020-03-30 08:30:00,449,517,176,33.1,3.3000000000000003,49.65
2020-03-30 09:00:00,561,574,198,34.300000000000004,3.3000000000000003,44.47
2020-03-30 09:30:00,666,624,215,35.1,3.3000000000000003,42.55
2020-03-30 10:00:00,742,589,268,36.0,3.4000000000000004,39.93
2020-03-30 10:30:00,819,618,281,36.7,3.4000000000000004,38.4
2020-03-30 11:00:00,882,644,287,37.3,3.5,36.75
2020-03-30 11:30:00,925,658,293,37.7,3.6,35.93
2020-03-30 12:00:00,951,672,292,38.1,3.7,34.910000000000004
2020-03-30 12:30:00,957,675,293,38.3,3.9,34.5
2020-03-30 13:00:00,945,681,283,38.400000000000006,4.0,34.18
2020-03-30 13:30:00,911,670,279,38.3,4.2,34.33
2020-03-30 14:00:00,862,664,265,38.2,4.3,34.35
2020-03-30 14:30:00,792,640,255,37.8,4.4,35.06
2020-03-30 15:00:00,711,621,235,37.4,4.5,35.72
2020-03-30 15:30:00,612,578,219,36.7,4.7,37.1
2020-03-30 16:00:00,502,535,191,36.1,4.800000000000001,38.87
2020-03-30 16:30:00,385,462,166,35.1,4.800000000000001,41.07
2020-03-30 17:00:00,267,378,132,34.2,4.9,44.93
2020-03-30 17:30:00,151,254,91,33.0,4.9,48.08
2020-03-30 18:00:00,51,105,39,31.9,4.9,54.95
2020-03-31 06:30:00,15,27,13,27.3,2.0,83.68
2020-03-31 07:00:00,97,156,69,29.4,2.8000000000000003,69.05
2020-03-31 07:30:00,207,286,121,30.6,2.9000000000000004,64.48
2020-03-31 08:00:00,325,396,159,31.9,2.9000000000000004,54.44
2020-03-31 08:30:00,443,477,190,33.2,2.9000000000000004,50.61
2020-03-31 09:00:00,558,547,211,34.6,2.9000000000000004,44.05
2020-03-31 09:30:00,661,596,229,35.6,2.9000000000000004,41.69
2020-03-31 10:00:00,756,643,238,36.7,2.9000000000000004,37.9
2020-03-31 10:30:00,831,670,245,37.4,2.9000000000000004,36.45
2020-03-31 11:00:00,894,697,250,38.2,2.9000000000000004,33.97
2020-03-31 11:30:00,938,710,255,38.6,3.0,33.22
2020-03-31 12:00:00,963,721,255,39.1,3.0,31.66
2020-03-31 12:30:00,969,723,256,39.2,3.1,31.46
2020-03-31 13:00:00,938,663,292,39.400000000000006,3.1,30.95
2020-03-31 13:30:00,904,653,287,39.3,3.3000000000000003,31.12
2020-03-31 14:00:00,854,642,276,39.2,3.4000000000000004,31.42
2020-03-31 14:30:00,784,618,265,38.900000000000006,3.5,31.93
2020-03-31 15:00:00,700,590,249,38.5,3.7,32.83
2020-03-31 15:30:00,602,547,231,37.9,3.9,33.910000000000004
2020-03-31 16:00:00,497,495,209,37.3,4.0,35.300000000000004
2020-03-31 16:30:00,381,424,180,36.5,4.1000000000000005,36.87
2020-03-31 17:00:00,264,341,142,35.6,4.3,39.36
2020-03-31 17:30:00,149,224,96,34.5,4.3,41.82
2020-03-31 18:00:00,50,95,39,33.4,4.4,46.49
2020-04-01 06:30:00,17,36,15,27.9,1.7000000000000002,77.06
2020-04-01 07:00:00,101,171,70,30.3,2.4000000000000004,62.55
2020-04-01 07:30:00,213,300,122,31.9,2.5,57.13
2020-04-01 08:00:00,330,398,162,33.4,2.7,46.96
2020-04-01 08:30:00,448,478,193,34.7,2.7,43.69
2020-04-01 09:00:00,560,539,218,35.9,2.8000000000000003,39.7
2020-04-01 09:30:00,661,587,233,36.8,2.9000000000000004,37.8
2020-04-01 10:00:00,743,584,271,37.6,3.0,36.31
2020-04-01 10:30:00,820,613,284,38.2,3.1,35.12
2020-04-01 11:00:00,887,657,278,38.8,3.2,34.19
2020-04-01 11:30:00,930,671,284,39.1,3.3000000000000003,33.61
2020-04-01 12:00:00,960,695,276,39.400000000000006,3.5,33.03
2020-04-01 12:30:00,964,697,276,39.5,3.7,32.83
2020-04-01 13:00:00,931,626,321,39.5,3.8,32.61
2020-04-01 13:30:00,894,616,311,39.3,3.9,32.92
2020-04-01 14:00:00,847,619,290,39.2,4.1000000000000005,32.88
2020-04-01 14:30:00,778,594,278,38.8,4.2,33.6
2020-04-01 15:00:00,698,580,254,38.400000000000006,4.3,34.17
2020-04-01 15:30:00,600,537,235,37.7,4.4,35.480000000000004
2020-04-01 16:00:00,496,500,205,37.1,4.4,36.98
2020-04-01 16:30:00,380,429,177,36.2,4.4,38.87
2020-04-01 17:00:00,265,356,137,35.300000000000004,4.5,41.61
2020-04-01 17:30:00,150,239,93,34.2,4.4,44.22
2020-04-01 18:00:00,51,107,39,33.1,4.3,49.370000000000005
2020-04-02 06:30:00,18,35,16,27.9,2.2,82.51
2020-04-02 07:00:00,104,172,72,29.5,3.0,71.77
2020-04-02 07:30:00,212,301,119,30.6,3.2,67.4
2020-04-02 08:00:00,329,408,156,31.6,3.3000000000000003,57.68
2020-04-02 08:30:00,445,487,185,32.5,3.5,54.83
2020-04-02 09:00:00,556,546,208,33.300000000000004,3.7,50.38
2020-04-02 09:30:00,661,594,228,33.800000000000004,3.8,48.99
2020-04-02 10:00:00,713,456,344,34.4,3.8,46.67
2020-04-02 10:30:00,787,484,363,35.0,3.9,45.15
2020-04-02 11:00:00,854,539,354,35.6,3.9,43.02
2020-04-02 11:30:00,896,553,362,36.0,3.9,42.09
2020-04-02 12:00:00,924,598,335,36.5,3.9,40.47
2020-04-02 12:30:00,929,600,336,36.8,3.9,39.81
2020-04-02 13:00:00,928,645,299,37.1,3.9,38.84
2020-04-02 13:30:00,894,635,294,37.2,3.9,38.63
2020-04-02 14:00:00,850,646,268,37.4,3.9,37.82
2020-04-02 14:30:00,781,623,258,37.2,3.9,38.23
2020-04-02 15:00:00,700,617,227,37.1,4.0,38.04
2020-04-02 15:30:00,602,575,211,36.6,4.0,39.09
2020-04-02 16:00:00,472,412,232,36.2,4.0,39.67
2020-04-02 16:30:00,360,346,196,35.5,4.1000000000000005,41.26
2020-04-02 17:00:00,249,285,147,34.800000000000004,4.1000000000000005,43.06
2020-04-02 17:30:00,137,183,94,33.9,4.0,45.26
2020-04-02 18:00:00,43,77,35,33.1,3.9,48.78
2020-04-03 06:30:00,17,37,15,27.9,1.8,79.57000000000001
2020-04-03 07:00:00,101,163,71,29.6,2.6,70.08
2020-04-03 07:30:00,210,283,123,30.8,2.8000000000000003,65.44
2020-04-03 08:00:00,327,384,163,32.0,2.9000000000000004,56.56
2020-04-03 08:30:00,443,462,195,33.2,2.9000000000000004,52.88
2020-04-03 09:00:00,449,250,288,34.300000000000004,2.9000000000000004,46.93
2020-04-03 09:30:00,657,571,238,35.1,2.9000000000000004,44.9
2020-04-03 10:00:00,717,485,323,35.9,2.9000000000000004,42.03
2020-04-03 10:30:00,792,513,341,36.6,2.9000000000000004,40.42
2020-04-03 11:00:00,854,546,346,37.2,3.0,38.69
2020-04-03 11:30:00,895,560,355,37.6,3.1,37.86
2020-04-03 12:00:00,921,579,351,38.0,3.1,36.68
2020-04-03 12:30:00,926,581,352,38.2,3.3000000000000003,36.25
2020-04-03 13:00:00,908,565,357,38.3,3.4000000000000004,35.81
2020-04-03 13:30:00,874,554,350,38.2,3.6,35.97
2020-04-03 14:00:00,829,557,327,38.1,3.8,35.96
2020-04-03 14:30:00,760,532,313,37.8,4.0,36.51
2020-04-03 15:00:00,681,517,285,37.4,4.1000000000000005,37.17
2020-04-03 15:30:00,585,475,262,36.8,4.3,38.4
2020-04-03 16:00:00,483,441,226,36.2,4.4,40.12
2020-04-03 16:30:00,369,373,192,35.300000000000004,4.5,42.15
2020-04-03 17:00:00,256,303,147,34.4,4.7,45.74
2020-04-03 17:30:00,143,196,96,33.4,4.7,48.36
2020-04-03 18:00:00,46,81,37,32.4,4.7,54.26
2020-04-04 06:30:00,19,0,19,27.9,1.6,82.52
2020-04-04 07:00:00,80,60,69,30.1,2.1,67.32000000000001
2020-04-04 07:30:00,217,310,120,31.5,2.0,62.23
2020-04-04 08:00:00,336,421,155,33.0,1.9,50.09
2020-04-04 08:30:00,453,500,183,34.2,1.8,46.86
2020-04-04 09:00:00,567,570,201,35.5,1.7000000000000002,41.38
2020-04-04 09:30:00,670,616,218,36.3,1.8,39.6
2020-04-04 10:00:00,740,566,280,37.2,2.0,36.98
2020-04-04 10:30:00,815,593,293,37.8,2.1,35.800000000000004
2020-04-04 11:00:00,877,623,297,38.400000000000006,2.3000000000000003,34.76
2020-04-04 11:30:00,918,636,304,38.900000000000006,2.4000000000000004,33.81
2020-04-04 12:00:00,944,648,304,39.3,2.5,33.08
2020-04-04 12:30:00,951,649,308,39.400000000000006,2.6,32.9
2020-04-04 13:00:00,923,596,341,39.5,2.8000000000000003,32.78
2020-04-04 13:30:00,888,584,335,39.400000000000006,2.9000000000000004,32.96
2020-04-04 14:00:00,840,566,329,39.3,3.0,33.24
2020-04-04 14:30:00,771,541,316,38.900000000000006,3.2,33.96
2020-04-04 15:00:00,689,517,293,38.5,3.4000000000000004,34.92
2020-04-04 15:30:00,591,473,270,37.9,3.6,36.06
2020-04-04 16:00:00,487,412,248,37.2,3.8,37.87
2020-04-04 16:30:00,374,344,211,36.4,4.0,39.56
2020-04-04 17:00:00,257,259,164,35.6,4.2,41.86
2020-04-04 17:30:00,143,160,105,34.6,4.3,44.27
2020-04-04 18:00:00,45,59,38,33.6,4.5,48.36
2020-04-05 06:30:00,27,71,22,27.8,1.4,82.77
2020-04-05 07:00:00,117,247,70,30.0,2.1,68.74
2020-04-05 07:30:00,230,390,108,31.4,2.2,63.54
2020-04-05 08:00:00,349,490,137,32.800000000000004,2.3000000000000003,53.3
2020-04-05 08:30:00,467,568,159,33.9,2.3000000000000003,50.13
2020-04-05 09:00:00,581,624,179,35.0,2.4000000000000004,45.51
2020-04-05 09:30:00,685,669,193,35.7,2.5,43.79
2020-04-05 10:00:00,745,569,281,36.4,2.6,42.08
2020-04-05 10:30:00,820,597,294,36.8,2.6,41.18
2020-04-05 11:00:00,879,607,314,37.3,2.7,40.38
2020-04-05 11:30:00,921,620,320,37.6,2.8000000000000003,39.73
2020-04-05 12:00:00,942,623,326,37.8,2.9000000000000004,39.74
2020-04-05 12:30:00,945,624,326,37.9,3.0,39.49
2020-04-05 13:00:00,939,660,294,37.9,3.1,40.01
2020-04-05 13:30:00,904,649,289,37.8,3.2,40.19
2020-04-05 14:00:00,854,629,287,37.7,3.3000000000000003,40.8
2020-04-05 14:30:00,784,604,276,37.3,3.5,41.69
2020-04-05 15:00:00,701,577,258,36.9,3.6,42.99
2020-04-05 15:30:00,603,534,240,36.3,3.7,44.42
2020-04-05 16:00:00,495,479,216,35.7,3.9,46.43
2020-04-05 16:30:00,381,408,187,34.800000000000004,4.0,48.79
2020-04-05 17:00:00,264,322,149,34.0,4.2,51.92
2020-04-05 17:30:00,151,208,101,33.1,4.3,54.64
2020-04-05 18:00:00,51,85,42,32.2,4.4,59.57
2020-04-06 06:30:00,21,29,19,28.1,1.6,81.02
2020-04-06 07:00:00,110,149,81,29.700000000000003,2.1,70.21000000000001
2020-04-06 07:30:00,191,225,120,30.9,2.2,65.57000000000001
2020-04-06 08:00:00,305,326,163,32.2,2.4000000000000004,55.51
2020-04-06 08:30:00,453,461,202,33.300000000000004,2.5,52.19
2020-04-06 09:00:00,566,536,219,34.5,2.7,46.75
2020-04-06 09:30:00,668,583,238,35.4,2.8000000000000003,44.49
2020-04-06 10:00:00,746,580,272,36.2,2.9000000000000004,42.29
2020-04-06 10:30:00,820,607,285,36.7,3.1,41.15
2020-04-06 11:00:00,880,631,291,37.3,3.2,39.63
2020-04-06 11:30:00,925,644,301,37.6,3.4000000000000004,38.96
2020-04-06 12:00:00,947,647,307,37.9,3.6,38.15
2020-04-06 12:30:00,902,462,444,37.9,3.7,38.15
2020-04-06 13:00:00,876,454,431,37.9,3.9,37.99
2020-04-06 13:30:00,875,501,400,37.7,4.0,38.4
2020-04-06 14:00:00,839,557,336,37.4,4.2,39.06
2020-04-06 14:30:00,766,532,318,37.0,4.3,39.91
2020-04-06 15:00:00,685,514,291,36.6,4.5,41.02
2020-04-06 15:30:00,589,471,269,36.0,4.6000000000000005,42.38
2020-04-06 16:00:00,485,430,235,35.4,4.800000000000001,44.28
2020-04-06 16:30:00,372,361,201,34.6,4.9,46.28
2020-04-06 17:00:00,254,283,153,33.7,4.9,49.51
2020-04-06 17:30:00,142,178,100,32.9,4.9,51.82
2020-04-06 18:00:00,45,65,37,32.0,5.0,56.27
2020-04-07 06:30:00,19,27,17,28.3,2.3000000000000003,77.17
2020-04-07 07:00:00,104,121,80,29.8,3.1,68.06
2020-04-07 07:30:00,186,198,123,30.8,3.2,64.29
2020-04-07 08:00:00,286,255,175,31.700000000000003,3.3000000000000003,56.74
2020-04-07 08:30:00,411,362,214,32.7,3.3000000000000003,53.64
2020-04-07 09:00:00,504,366,267,33.6,3.3000000000000003,48.02
2020-04-07 09:30:00,602,395,310,34.4,3.3000000000000003,45.94
2020-04-07 10:00:00,744,541,301,35.1,3.2,43.83
2020-04-07 10:30:00,818,569,316,35.800000000000004,3.2,42.13
2020-04-07 11:00:00,878,592,324,36.4,3.2,40.92
2020-04-07 11:30:00,919,606,331,36.8,3.1,39.99
2020-04-07 12:00:00,863,429,439,37.2,3.1,38.94
2020-04-07 12:30:00,826,363,466,37.4,3.1,38.48
2020-04-07 13:00:00,792,318,481,37.6,3.2,37.8
2020-04-07 13:30:00,766,322,461,37.5,3.3000000000000003,38.0
2020-04-07 14:00:00,799,475,370,37.4,3.3000000000000003,37.97
2020-04-07 14:30:00,613,237,414,37.1,3.5,38.6
2020-04-07 15:00:00,437,96,363,36.7,3.6,39.38
2020-04-07 15:30:00,364,82,308,36.2,3.8,40.47
2020-04-07 16:00:00,314,95,258,35.6,4.0,41.39
2020-04-07 16:30:00,238,81,200,34.800000000000004,4.1000000000000005,43.26
2020-04-07 17:00:00,254,286,151,34.1,4.3,44.76
2020-04-07 17:30:00,141,183,98,33.1,4.4,47.37
2020-04-07 18:00:00,46,77,37,32.2,4.4,50.91
2020-04-08 06:30:00,23,38,20,28.0,2.4000000000000004,79.42
2020-04-08 07:00:00,111,152,81,29.8,3.2,68.60000000000001
2020-04-08 07:30:00,222,265,137,31.0,3.2,64.06
2020-04-08 08:00:00,338,359,181,32.2,3.2,55.29
2020-04-08 08:30:00,454,435,216,33.300000000000004,3.1,51.98
2020-04-08 09:00:00,564,491,244,34.5,3.1,45.87
2020-04-08 09:30:00,665,538,266,35.4,3.1,43.61
2020-04-08 10:00:00,749,551,297,36.2,3.0,40.79
2020-04-08 10:30:00,823,579,311,36.9,3.0,39.27
2020-04-08 11:00:00,882,600,321,37.5,3.0,37.43
2020-04-08 11:30:00,923,613,328,37.9,3.0,36.63
2020-04-08 12:00:00,946,622,330,38.3,3.1,35.39
2020-04-08 12:30:00,950,624,330,38.5,3.2,35.01
2020-04-08 13:00:00,938,633,317,38.6,3.2,34.58
2020-04-08 13:30:00,902,622,312,38.5,3.3000000000000003,34.77
2020-04-08 14:00:00,852,614,297,38.400000000000006,3.5,34.86
2020-04-08 14:30:00,782,589,285,38.1,3.6,35.43
2020-04-08 15:00:00,697,557,269,37.8,3.8,35.99
2020-04-08 15:30:00,599,514,249,37.2,4.0,37.18
2020-04-08 16:00:00,491,456,225,36.6,4.1000000000000005,38.76
2020-04-08 16:30:00,376,385,193,35.7,4.3,40.71
2020-04-08 17:00:00,261,309,150,34.9,4.5,43.65
2020-04-08 17:30:00,147,198,100,33.800000000000004,4.6000000000000005,46.39
2020-04-08 18:00:00,41,17,39,32.7,4.7,51.85
2020-04-09 06:30:00,27,44,24,27.8,1.8,84.11
2020-04-09 07:00:00,118,171,84,29.3,2.6,75.4
2020-04-09 07:30:00,230,293,135,30.200000000000003,2.9000000000000004,71.68
2020-04-09 08:00:00,348,394,174,31.1,3.2,64.99
2020-04-09 08:30:00,464,472,205,31.9,3.5,62.120000000000005
2020-04-09 09:00:00,507,364,269,32.800000000000004,3.7,56.78
2020-04-09 09:30:00,596,374,318,33.5,3.8,54.6
2020-04-09 10:00:00,592,233,400,34.2,3.9,51.2
2020-04-09 10:30:00,699,311,423,34.7,3.9,49.81
2020-04-09 11:00:00,903,675,270,35.300000000000004,3.9,47.44
2020-04-09 11:30:00,943,687,275,35.7,3.8,46.41
2020-04-09 12:00:00,968,703,271,36.1,3.7,44.56
2020-04-09 12:30:00,971,704,271,36.5,3.7,43.59
2020-04-09 13:00:00,947,671,290,36.8,3.6,41.97
2020-04-09 13:30:00,912,660,285,36.8,3.6,41.97
2020-04-09 14:00:00,862,656,269,36.7,3.6,41.43
2020-04-09 14:30:00,791,632,259,36.4,3.6,42.11
2020-04-09 15:00:00,709,611,239,36.0,3.6,42.61
2020-04-09 15:30:00,611,570,223,35.6,3.6,43.55
2020-04-09 16:00:00,516,596,169,35.1,3.7,44.8
2020-04-09 16:30:00,399,525,149,34.5,3.7,46.3
2020-04-09 17:00:00,279,437,122,33.800000000000004,3.8,48.65
2020-04-09 17:30:00,145,263,82,32.9,3.7,51.16
2020-04-09 18:00:00,59,136,43,32.0,3.6,55.97
2020-04-10 06:30:00,36,94,29,28.1,2.0,81.19
2020-04-10 07:00:00,132,290,72,29.8,2.9000000000000004,70.92
2020-04-10 07:30:00,246,434,105,30.700000000000003,3.0,67.37
2020-04-10 08:00:00,339,432,147,31.6,3.1,60.3
2020-04-10 08:30:00,487,621,144,32.5,3.2,57.38
2020-04-10 09:00:00,529,419,254,33.4,3.3000000000000003,51.73
2020-04-10 09:30:00,481,165,358,34.2,3.2,49.43
2020-04-10 10:00:00,558,184,406,35.0,3.2,46.51
2020-04-10 10:30:00,842,653,262,35.5,3.1,45.25
2020-04-10 11:00:00,903,683,262,36.1,3.0,44.28
2020-04-10 11:30:00,655,155,504,36.5,3.0,43.32
2020-04-10 12:00:00,861,426,439,36.9,3.0,42.55
2020-04-10 12:30:00,970,713,261,37.0,3.1,42.32
2020-04-10 13:00:00,792,318,481,37.2,3.1,41.79
2020-04-10 13:30:00,758,310,464,37.1,3.3000000000000003,42.02
2020-04-10 14:00:00,848,613,294,37.1,3.4000000000000004,42.06
2020-04-10 14:30:00,778,588,283,36.7,3.5,42.99
2020-04-10 15:00:00,692,550,270,36.3,3.6,44.31
2020-04-10 15:30:00,595,507,250,35.800000000000004,3.6,45.54
2020-04-10 16:00:00,459,410,220,35.2,3.7,47.63
2020-04-10 16:30:00,378,381,197,34.5,3.8,49.51
2020-04-10 17:00:00,121,2,120,33.800000000000004,3.9,52.29
2020-04-10 17:30:00,51,0,51,33.0,3.9,54.73
2020-04-10 18:00:00,22,0,22,32.2,3.9,59.24
2020-04-11 06:30:00,34,66,28,28.1,2.2,88.08
2020-04-11 07:00:00,129,224,82,29.700000000000003,2.8000000000000003,77.2
2020-04-11 07:30:00,241,354,125,30.8,2.8000000000000003,72.5
2020-04-11 08:00:00,359,468,150,32.0,2.8000000000000003,62.05
2020-04-11 08:30:00,422,373,214,33.0,2.8000000000000003,58.67
2020-04-11 09:00:00,588,610,188,34.0,2.7,51.54
2020-04-11 09:30:00,689,654,202,34.7,2.7,49.58
2020-04-11 10:00:00,765,625,250,35.5,2.7,46.04
2020-04-11 10:30:00,839,651,260,36.0,2.8000000000000003,44.8
2020-04-11 11:00:00,898,673,265,36.5,2.8000000000000003,42.87
2020-04-11 11:30:00,938,686,270,36.7,2.9000000000000004,42.41
2020-04-11 12:00:00,960,694,271,37.0,3.0,41.25
2020-04-11 12:30:00,962,695,271,36.9,3.1,41.47
2020-04-11 13:00:00,748,255,499,36.9,3.1,41.13
2020-04-11 13:30:00,716,248,480,36.6,3.2,41.76
2020-04-11 14:00:00,848,622,285,36.3,3.3000000000000003,42.3
2020-04-11 14:30:00,778,598,274,35.9,3.4000000000000004,43.23
2020-04-11 15:00:00,696,574,255,35.4,3.5,44.51
2020-04-11 15:30:00,601,531,240,35.0,3.5,45.5
2020-04-11 16:00:00,496,486,213,34.6,3.5,46.94
2020-04-11 16:30:00,335,314,186,34.1,3.5,48.26
2020-04-11 17:00:00,15,0,15,33.7,3.5,50.06
2020-04-11 17:30:00,151,224,97,33.0,3.4000000000000004,52.05
2020-04-11 18:00:00,53,97,42,32.4,3.3000000000000003,55.73
2020-04-12 06:30:00,31,50,27,28.3,2.4000000000000004,85.68
2020-04-12 07:00:00,125,182,87,29.700000000000003,2.9000000000000004,76.10000000000001
2020-04-12 07:30:00,237,301,137,30.8,2.9000000000000004,71.47
2020-04-12 08:00:00,353,413,168,31.9,2.9000000000000004,62.35
2020-04-12 08:30:00,468,489,196,32.9,2.9000000000000004,58.94
2020-04-12 09:00:00,581,562,211,34.0,2.8000000000000003,52.36
2020-04-12 09:30:00,681,606,228,34.800000000000004,2.8000000000000003,50.04
2020-04-12 10:00:00,751,555,293,35.6,2.7,46.35
2020-04-12 10:30:00,825,582,306,36.0,2.7,45.35
2020-04-12 11:00:00,882,603,315,36.5,2.7,43.62
2020-04-12 11:30:00,921,615,321,36.8,2.7,42.87
2020-04-12 12:00:00,943,625,322,37.0,2.7,42.15
2020-04-12 12:30:00,945,626,323,37.0,2.8000000000000003,42.1
2020-04-12 13:00:00,928,618,322,37.0,2.8000000000000003,41.98
2020-04-12 13:30:00,893,607,316,36.7,3.0,42.63
2020-04-12 14:00:00,840,589,307,36.5,3.1,43.04
2020-04-12 14:30:00,771,564,295,36.1,3.2,43.99
2020-04-12 15:00:00,687,537,275,35.7,3.4000000000000004,45.1
2020-04-12 15:30:00,591,494,254,35.2,3.5,46.35
2020-04-12 16:00:00,486,446,226,34.800000000000004,3.5,47.9
2020-04-12 16:30:00,373,376,194,34.2,3.5,49.51
2020-04-12 17:00:00,258,298,151,33.7,3.6,51.93
2020-04-12 17:30:00,146,190,101,33.1,3.4000000000000004,53.7
2020-04-12 18:00:00,49,75,40,32.4,3.3000000000000003,58.13
2020-04-13 06:30:00,37,82,29,27.9,1.2000000000000002,87.42
2020-04-13 07:00:00,113,177,76,29.1,1.5,78.5
2020-04-13 07:30:00,199,215,128,29.9,1.5,75.05
2020-04-13 08:00:00,256,147,190,30.8,1.6,66.66
2020-04-13 08:30:00,370,226,243,31.5,1.9,64.06
2020-04-13 09:00:00,505,346,277,32.2,2.2,59.41
2020-04-13 09:30:00,612,399,313,32.5,2.5,58.42
2020-04-13 10:00:00,739,450,367,32.7,2.8000000000000003,57.51
2020-04-13 10:30:00,811,477,385,32.800000000000004,3.0,57.19
2020-04-13 11:00:00,689,224,478,32.800000000000004,3.2,57.26
2020-04-13 11:30:00,618,122,499,32.7,3.3000000000000003,57.58
2020-04-13 12:00:00,814,332,483,32.6,3.5,58.66
2020-04-13 12:30:00,933,542,393,32.4,3.4000000000000004,59.27
2020-04-13 13:00:00,645,141,507,32.2,3.4000000000000004,60.7
2020-04-13 13:30:00,359,21,339,32.0,3.3000000000000003,61.32
2020-04-13 14:00:00,87,0,87,31.8,3.2,62.54
2020-04-13 14:30:00,201,7,195,31.6,3.1,63.25
2020-04-13 15:00:00,193,6,189,31.4,3.0,64.28
2020-04-13 15:30:00,187,4,184,31.1,3.0,65.44
2020-04-13 16:00:00,32,0,32,30.8,3.0,67.23
2020-04-13 16:30:00,46,0,46,30.3,2.8000000000000003,69.17
2020-04-13 17:00:00,15,0,15,29.8,2.7,73.81
2020-04-13 17:30:00,14,0,14,29.200000000000003,2.5,76.47
2020-04-14 06:30:00,35,63,29,25.200000000000003,2.3000000000000003,87.25
2020-04-14 07:00:00,130,208,85,25.8,2.8000000000000003,81.61
2020-04-14 07:30:00,175,124,133,26.4,2.9000000000000004,78.78
2020-04-14 08:00:00,243,116,190,27.0,2.9000000000000004,73.7
2020-04-14 08:30:00,411,331,226,27.8,2.9000000000000004,70.35000000000001
2020-04-14 09:00:00,479,282,292,28.5,2.9000000000000004,66.34
2020-04-14 09:30:00,578,324,335,29.1,2.8000000000000003,64.09
2020-04-14 10:00:00,551,171,409,29.8,2.8000000000000003,61.42
2020-04-14 10:30:00,844,663,252,30.3,2.8000000000000003,59.69
2020-04-14 11:00:00,683,216,479,30.9,2.8000000000000003,57.61
2020-04-14 11:30:00,555,79,478,31.200000000000003,2.7,56.58
2020-04-14 12:00:00,772,271,502,31.5,2.6,55.19
2020-04-14 12:30:00,782,282,500,31.6,2.4000000000000004,54.870000000000005
2020-04-14 13:00:00,726,227,504,31.8,2.2,53.53
2020-04-14 13:30:00,730,269,475,31.9,2.1,53.23
2020-04-14 14:00:00,728,334,426,32.0,2.0,52.34
2020-04-14 14:30:00,671,336,388,31.9,1.9,52.58
2020-04-14 15:00:00,594,321,347,31.9,1.8,52.17
2020-04-14 15:30:00,413,138,319,31.700000000000003,1.7000000000000002,52.76
2020-04-14 16:00:00,349,149,262,31.5,1.6,53.58
2020-04-14 16:30:00,149,1,149,31.1,1.4,54.81
2020-04-14 17:00:00,88,0,88,30.700000000000003,1.1,60.28
2020-04-14 17:30:00,119,120,90,30.0,1.1,62.74
2020-04-14 18:00:00,44,37,40,29.3,1.0,72.85000000000001
2020-04-15 06:30:00,35,59,30,26.3,0.8,90.12
2020-04-15 07:00:00,128,179,89,27.5,1.2000000000000002,81.54
2020-04-15 07:30:00,238,293,139,28.4,1.0,77.39
2020-04-15 08:00:00,333,377,162,29.200000000000003,0.8,72.10000000000001
2020-04-15 08:30:00,469,463,208,30.0,0.9,68.87
2020-04-15 09:00:00,578,525,230,30.8,1.0,63.33
2020-04-15 09:30:00,361,49,323,31.4,1.2000000000000002,61.15
2020-04-15 10:00:00,573,198,408,32.0,1.3,57.43
2020-04-15 10:30:00,828,588,303,32.5,1.3,55.84
2020-04-15 11:00:00,677,209,480,33.0,1.3,53.1
2020-04-15 11:30:00,708,210,503,33.300000000000004,1.2000000000000002,52.16
2020-04-15 12:00:00,945,628,320,33.7,1.1,49.88
2020-04-15 12:30:00,854,412,443,33.800000000000004,1.0,49.55
2020-04-15 13:00:00,637,134,505,33.9,0.8,49.02
2020-04-15 13:30:00,898,624,305,33.9,0.7000000000000001,48.97
2020-04-15 14:00:00,433,43,394,33.9,0.6000000000000001,48.21
2020-04-15 14:30:00,634,270,405,33.7,0.5,48.71
2020-04-15 15:00:00,690,544,272,33.6,0.5,48.58
2020-04-15 15:30:00,594,502,252,33.300000000000004,0.6000000000000001,49.4
2020-04-15 16:00:00,488,451,225,33.1,0.8,50.35
2020-04-15 16:30:00,322,273,192,32.7,0.9,51.49
2020-04-15 17:00:00,207,176,144,32.300000000000004,1.1,56.14
2020-04-15 17:30:00,148,192,101,31.3,1.1,59.4
2020-04-15 18:00:00,49,76,40,30.4,1.2000000000000002,71.8
2020-04-16 06:30:00,37,65,31,27.0,1.6,92.89
2020-04-16 07:00:00,132,197,89,28.0,2.1,87.29
2020-04-16 07:30:00,243,314,136,28.5,2.2,84.8
2020-04-16 08:00:00,359,412,172,29.0,2.3000000000000003,80.72
2020-04-16 08:30:00,473,485,200,29.6,2.4000000000000004,78.06
2020-04-16 09:00:00,583,544,221,30.1,2.5,73.63
2020-04-16 09:30:00,593,351,329,30.6,2.6,71.56
2020-04-16 10:00:00,479,97,399,31.0,2.6,68.3
2020-04-16 10:30:00,841,650,260,31.3,2.6,67.08
2020-04-16 11:00:00,724,270,469,31.700000000000003,2.6,64.23
2020-04-16 11:30:00,938,683,270,31.9,2.5,63.51
2020-04-16 12:00:00,959,692,271,32.1,2.4000000000000004,61.81
2020-04-16 12:30:00,960,692,271,32.2,2.2,61.41
2020-04-16 13:00:00,713,211,506,32.300000000000004,2.0,60.28
2020-04-16 13:30:00,358,21,338,32.300000000000004,1.8,60.22
2020-04-16 14:00:00,849,639,271,32.2,1.6,59.89
2020-04-16 14:30:00,780,615,261,32.2,1.4,59.89
2020-04-16 15:00:00,610,356,336,32.1,1.3,59.83
2020-04-16 15:30:00,601,556,223,32.0,1.2000000000000002,60.16
2020-04-16 16:00:00,467,437,212,32.0,1.1,60.06
2020-04-16 16:30:00,333,309,186,31.700000000000003,1.0,61.15
2020-04-16 17:00:00,267,361,137,31.4,0.9,65.25
2020-04-16 17:30:00,108,73,90,30.700000000000003,0.9,67.89
2020-04-16 18:00:00,43,27,40,30.0,0.9,78.06
2020-04-17 06:30:00,26,0,26,27.200000000000003,1.4,94.09
2020-04-17 07:00:00,142,275,81,28.200000000000003,1.8,88.93
2020-04-17 07:30:00,152,59,132,28.700000000000003,2.1,86.4
2020-04-17 08:00:00,375,515,139,29.200000000000003,2.4000000000000004,80.91
2020-04-17 08:30:00,491,588,158,29.8,2.6,78.17
2020-04-17 09:00:00,602,650,170,30.3,2.7,72.28
2020-04-17 09:30:00,703,690,181,30.8,2.8000000000000003,70.25
2020-04-17 10:00:00,782,687,211,31.3,2.9000000000000004,64.59
2020-04-17 10:30:00,855,710,219,31.6,2.9000000000000004,63.5
2020-04-17 11:00:00,912,729,223,31.9,2.9000000000000004,60.16
2020-04-17 11:30:00,951,740,227,32.1,2.9000000000000004,59.48
2020-04-17 12:00:00,725,211,515,32.2,2.8000000000000003,58.03
2020-04-17 12:30:00,778,277,502,32.1,2.7,58.3
2020-04-17 13:00:00,867,445,430,32.0,2.7,58.01
2020-04-17 13:30:00,729,269,474,31.8,2.5,58.67
2020-04-17 14:00:00,647,213,455,31.6,2.4000000000000004,59.27
2020-04-17 14:30:00,672,339,386,31.4,2.3000000000000003,59.94
2020-04-17 15:00:00,378,54,337,31.1,2.2,61.35
2020-04-17 15:30:00,263,21,248,30.700000000000003,2.2,62.76
2020-04-17 16:00:00,105,0,105,30.4,2.1,64.72
2020-04-17 16:30:00,56,0,56,29.9,2.1,66.59
2020-04-17 17:00:00,49,0,49,29.4,2.0,71.53
2020-04-17 17:30:00,58,0,58,28.700000000000003,1.9,74.48
2020-04-17 18:00:00,25,0,25,28.1,1.9,81.0
2020-04-18 06:30:00,48,146,34,26.200000000000003,1.5,93.59
2020-04-18 07:00:00,132,253,76,27.4,1.6,85.72
2020-04-18 07:30:00,73,0,73,28.3,1.5,81.43
2020-04-18 08:00:00,336,370,166,29.200000000000003,1.4,74.5
2020-04-18 08:30:00,364,201,250,30.0,1.3,71.16
2020-04-18 09:00:00,524,378,272,30.8,1.1,65.15
2020-04-18 09:30:00,723,780,134,31.6,1.1,62.27
2020-04-18 10:00:00,656,330,382,32.4,1.1,56.42
2020-04-18 10:30:00,608,174,452,33.1,1.1,54.2
2020-04-18 11:00:00,468,48,423,33.800000000000004,1.2000000000000002,49.56
2020-04-18 11:30:00,803,348,463,34.300000000000004,1.3,48.2
2020-04-18 12:00:00,648,134,514,34.7,1.4,45.91
2020-04-18 12:30:00,630,119,511,34.9,1.5,45.4
2020-04-18 13:00:00,706,203,507,35.1,1.7000000000000002,44.01
2020-04-18 13:30:00,525,72,456,35.2,1.8,43.77
2020-04-18 14:00:00,484,67,424,35.2,1.9,42.99
2020-04-18 14:30:00,599,219,414,35.1,2.0,43.23
2020-04-18 15:00:00,404,71,350,34.9,2.1,43.13
2020-04-18 15:30:00,318,47,286,34.6,2.2,43.85
2020-04-18 16:00:00,313,96,257,34.300000000000004,2.2,44.61
2020-04-18 16:30:00,254,109,202,33.800000000000004,2.2,45.86
2020-04-18 17:00:00,106,0,106,33.2,2.2,49.36
2020-04-18 17:30:00,42,0,42,32.0,2.0,52.8
2020-04-18 18:00:00,19,0,19,30.8,1.9,64.2
2020-04-19 06:30:00,44,91,35,26.6,1.3,92.18
2020-04-19 07:00:00,118,160,82,28.700000000000003,2.0,78.19
2020-04-19 07:30:00,205,206,134,29.700000000000003,2.0,73.82000000000001
2020-04-19 08:00:00,323,319,176,30.700000000000003,2.1,65.9
2020-04-19 08:30:00,353,176,253,31.5,2.2,62.97
2020-04-19 09:00:00,498,313,289,32.300000000000004,2.3000000000000003,57.07
2020-04-19 09:30:00,573,303,343,32.9,2.4000000000000004,55.18
2020-04-19 10:00:00,516,128,409,33.4,2.6,52.23
2020-04-19 10:30:00,867,750,194,33.9,2.6,50.8
2020-04-19 11:00:00,925,771,196,34.4,2.7,48.85
2020-04-19 11:30:00,651,149,505,34.800000000000004,2.8000000000000003,47.79
2020-04-19 12:00:00,775,274,502,35.2,2.9000000000000004,46.42
2020-04-19 12:30:00,717,201,517,35.5,2.9000000000000004,45.67
2020-04-19 13:00:00,842,418,431,35.7,3.0,45.13
2020-04-19 13:30:00,672,195,487,35.800000000000004,3.0,44.88
2020-04-19 14:00:00,873,743,201,35.9,3.1,44.56
2020-04-19 14:30:00,803,722,194,35.7,3.1,45.05
2020-04-19 15:00:00,721,707,177,35.6,3.2,45.15
2020-04-19 15:30:00,622,669,167,35.2,3.2,46.15
2020-04-19 16:00:00,516,632,148,34.800000000000004,3.2,46.99
2020-04-19 16:30:00,400,564,131,34.1,3.1,48.84
2020-04-19 17:00:00,283,486,107,33.4,3.0,52.14
2020-04-19 17:30:00,166,356,80,32.2,2.7,55.76
2020-04-19 18:00:00,33,0,33,30.9,2.4000000000000004,65.57000000000001
2020-04-20 06:30:00,58,224,34,27.0,1.7000000000000002,88.81
2020-04-20 07:00:00,161,429,64,29.200000000000003,2.5,74.89
2020-04-20 07:30:00,279,564,84,30.4,2.7,69.92
2020-04-20 08:00:00,306,259,186,31.700000000000003,2.8000000000000003,59.39
2020-04-20 08:30:00,519,715,111,32.7,2.9000000000000004,56.19
2020-04-20 09:00:00,507,333,285,33.7,3.0,49.77
2020-04-20 09:30:00,732,793,130,34.5,3.0,47.56
2020-04-20 10:00:00,811,782,158,35.300000000000004,3.1,44.45
2020-04-20 10:30:00,885,804,163,35.800000000000004,3.1,43.25
2020-04-20 11:00:00,940,813,171,36.2,3.1,42.37
2020-04-20 11:30:00,979,822,174,36.5,3.1,41.64
2020-04-20 12:00:00,1000,825,177,36.7,3.1,41.22
2020-04-20 12:30:00,1001,825,177,36.8,3.1,40.95
2020-04-20 13:00:00,976,796,194,36.8,3.1,40.88
2020-04-20 13:30:00,939,786,191,36.7,3.2,41.06
2020-04-20 14:00:00,886,776,184,36.6,3.2,41.04
2020-04-20 14:30:00,815,755,178,36.3,3.3000000000000003,41.72
2020-04-20 15:00:00,729,732,167,36.1,3.3000000000000003,41.95
2020-04-20 15:30:00,630,694,157,35.5,3.3000000000000003,43.31
2020-04-20 16:00:00,522,651,142,35.0,3.4000000000000004,44.73
2020-04-20 16:30:00,405,584,127,34.2,3.3000000000000003,46.8
2020-04-20 17:00:00,286,501,105,33.4,3.2,50.69
2020-04-20 17:30:00,169,371,79,32.300000000000004,3.0,53.91
2020-04-20 18:00:00,66,193,42,31.1,2.7,62.7
2020-04-21 06:30:00,56,175,37,27.1,1.7000000000000002,89.28
2020-04-21 07:00:00,157,373,72,29.4,2.5,74.3
2020-04-21 07:30:00,274,508,97,30.6,2.7,69.38
2020-04-21 08:00:00,395,603,115,31.8,2.8000000000000003,60.02
2020-04-21 08:30:00,512,671,129,32.9,2.8000000000000003,56.43
2020-04-21 09:00:00,623,721,139,34.0,2.8000000000000003,50.4
2020-04-21 09:30:00,723,757,148,34.800000000000004,2.7,48.21
2020-04-21 10:00:00,796,727,189,35.6,2.7,46.11
2020-04-21 10:30:00,869,750,196,36.2,2.6,44.62
2020-04-21 11:00:00,925,764,202,36.8,2.6,43.59
2020-04-21 11:30:00,964,775,205,37.2,2.6,42.61
2020-04-21 12:00:00,984,780,207,37.6,2.7,41.89
2020-04-21 12:30:00,985,780,207,37.8,2.8000000000000003,41.4
2020-04-21 13:00:00,964,763,214,38.1,2.8000000000000003,40.89
2020-04-21 13:30:00,927,753,210,38.1,3.0,40.85
2020-04-21 14:00:00,873,738,205,38.1,3.1,41.06
2020-04-21 14:30:00,804,715,200,37.9,3.2,41.47
2020-04-21 15:00:00,718,687,190,37.6,3.4000000000000004,42.47
2020-04-21 15:30:00,620,648,178,37.1,3.5,43.63
2020-04-21 16:00:00,512,600,162,36.6,3.6,45.26
2020-04-21 16:30:00,395,531,142,35.9,3.6,47.02
2020-04-21 17:00:00,278,445,117,35.1,3.6,50.25
2020-04-21 17:30:00,163,317,86,33.9,3.4000000000000004,53.75
2020-04-21 18:00:00,62,151,44,32.800000000000004,3.2,61.07
2020-04-22 06:30:00,53,123,40,28.3,2.3000000000000003,87.14
2020-04-22 07:00:00,151,301,82,29.6,2.9000000000000004,78.72
2020-04-22 07:30:00,232,306,125,30.5,3.1,74.85000000000001
2020-04-22 08:00:00,352,413,160,31.4,3.2,67.43
2020-04-22 08:30:00,450,415,212,32.300000000000004,3.3000000000000003,64.1
2020-04-22 09:00:00,531,386,272,33.2,3.3000000000000003,58.08
2020-04-22 09:30:00,611,379,323,33.9,3.3000000000000003,55.86
2020-04-22 10:00:00,707,449,332,34.6,3.2,51.56
2020-04-22 10:30:00,837,627,273,35.1,3.2,50.16
2020-04-22 11:00:00,893,649,279,35.7,3.1,46.98
2020-04-22 11:30:00,932,661,284,36.1,3.0,45.96
2020-04-22 12:00:00,954,674,282,36.5,2.9000000000000004,43.7
2020-04-22 12:30:00,955,674,282,36.8,2.9000000000000004,42.99
2020-04-22 13:00:00,950,713,249,37.1,2.9000000000000004,41.24
2020-04-22 13:30:00,913,703,245,37.2,2.9000000000000004,41.01
2020-04-22 14:00:00,864,701,230,37.2,3.0,40.12
2020-04-22 14:30:00,791,678,219,37.1,3.1,40.3
2020-04-22 15:00:00,709,659,203,37.0,3.3000000000000003,39.67
2020-04-22 15:30:00,611,618,190,36.6,3.4000000000000004,40.54
2020-04-22 16:00:00,448,381,226,36.2,3.5,40.73
2020-04-22 16:30:00,390,505,149,35.5,3.6,42.32
2020-04-22 17:00:00,274,420,121,34.7,3.6,44.81
2020-04-22 17:30:00,159,294,88,33.5,3.5,47.9
2020-04-22 18:00:00,60,137,43,32.300000000000004,3.3000000000000003,54.93
2020-04-23 06:30:00,46,76,38,28.1,1.2000000000000002,89.0
2020-04-23 07:00:00,94,42,85,29.200000000000003,1.6,81.97
2020-04-23 07:30:00,244,356,119,29.9,1.7000000000000002,78.74
2020-04-23 08:00:00,334,340,175,30.6,1.8,70.18
2020-04-23 08:30:00,419,321,234,31.5,2.0,66.69
2020-04-23 09:00:00,545,417,264,32.300000000000004,2.2,58.1
2020-04-23 09:30:00,711,692,184,33.300000000000004,2.4000000000000004,54.88
2020-04-23 10:00:00,799,729,189,34.2,2.6,48.2
2020-04-23 10:30:00,871,750,196,35.0,2.7,46.12
2020-04-23 11:00:00,926,764,202,35.7,2.7,43.41
2020-04-23 11:30:00,964,774,205,36.0,2.7,42.71
2020-04-23 12:00:00,981,772,211,36.4,2.7,41.9
2020-04-23 12:30:00,982,772,211,36.4,2.7,41.9
2020-04-23 13:00:00,947,707,253,36.4,2.7,42.28
2020-04-23 13:30:00,911,696,249,36.2,2.6,42.7
2020-04-23 14:00:00,854,668,250,35.9,2.6,43.92
2020-04-23 14:30:00,734,487,323,35.6,2.5,44.64
2020-04-23 15:00:00,609,357,334,35.2,2.5,46.24
2020-04-23 15:30:00,545,401,272,34.800000000000004,2.4000000000000004,47.27
2020-04-23 16:00:00,451,389,223,34.300000000000004,2.3000000000000003,49.65
2020-04-23 16:30:00,342,341,180,33.7,2.2,51.33
2020-04-23 17:00:00,134,15,128,33.0,2.0,57.48
2020-04-23 17:30:00,25,0,25,32.1,2.0,60.52
2020-04-23 18:00:00,12,0,12,31.3,2.0,68.52
2020-04-24 06:30:00,17,0,17,27.200000000000003,1.1,94.44
2020-04-24 07:00:00,39,0,39,28.0,2.2,89.33
2020-04-24 07:30:00,130,15,125,28.6,2.5,86.28
2020-04-24 08:00:00,239,93,196,29.200000000000003,2.8000000000000003,81.22
2020-04-24 08:30:00,165,1,164,29.8,3.1,78.47
2020-04-24 09:00:00,166,1,165,30.5,3.4000000000000004,71.18
2020-04-24 09:30:00,268,15,256,31.1,3.3000000000000003,68.79
2020-04-24 10:00:00,433,63,381,31.6,3.3000000000000003,61.98
2020-04-24 10:30:00,664,244,444,32.2,3.2,59.92
2020-04-24 11:00:00,785,379,426,32.9,3.1,54.57
2020-04-24 11:30:00,723,227,500,33.4,3.1,53.01
2020-04-24 12:00:00,728,216,513,34.0,3.1,49.2
2020-04-24 12:30:00,985,787,199,34.300000000000004,3.2,48.34
2020-04-24 13:00:00,967,786,195,34.6,3.3000000000000003,46.03
2020-04-24 13:30:00,650,172,486,34.6,3.4000000000000004,45.98
2020-04-24 14:00:00,752,400,390,34.7,3.5,44.8
2020-04-24 14:30:00,660,321,389,34.5,3.4000000000000004,45.29
2020-04-24 15:00:00,599,336,340,34.4,3.3000000000000003,45.04
2020-04-24 15:30:00,537,381,278,34.0,3.1,46.05
2020-04-24 16:00:00,424,314,241,33.7,3.0,46.95
2020-04-24 16:30:00,328,295,188,33.1,2.7,48.59
2020-04-24 17:00:00,244,319,129,32.5,2.4000000000000004,52.74
2020-04-24 17:30:00,80,0,80,31.5,1.9,55.79
2020-04-24 18:00:00,33,0,33,30.4,1.5,67.02
2020-04-25 06:30:00,58,151,41,26.6,1.7000000000000002,89.35000000000001
2020-04-25 07:00:00,157,312,83,28.200000000000003,2.7,78.46000000000001
2020-04-25 07:30:00,271,439,115,29.1,2.9000000000000004,74.49
2020-04-25 08:00:00,289,197,196,30.1,3.0,67.08
2020-04-25 08:30:00,502,590,162,30.9,2.7,64.09
2020-04-25 09:00:00,358,83,302,31.8,2.4000000000000004,59.84
2020-04-25 09:30:00,707,675,192,32.4,2.2,57.85
2020-04-25 10:00:00,570,187,413,33.1,2.1,54.74
2020-04-25 10:30:00,614,179,453,33.6,2.1,53.18
2020-04-25 11:00:00,575,107,474,34.2,2.1,50.52
2020-04-25 11:30:00,647,146,504,34.6,2.1,49.41
2020-04-25 12:00:00,528,59,469,35.0,2.1,47.73
2020-04-25 12:30:00,150,3,147,35.2,2.0,47.2
2020-04-25 13:00:00,93,0,93,35.5,2.0,46.25
2020-04-25 13:30:00,89,0,89,35.4,2.0,46.5
2020-04-25 14:00:00,78,0,78,35.4,1.9,46.38
2020-04-25 14:30:00,66,0,66,35.2,2.0,46.85
2020-04-25 15:00:00,333,33,308,35.0,2.0,47.22
2020-04-25 15:30:00,99,0,99,34.6,2.0,48.27
2020-04-25 16:00:00,36,0,36,34.2,2.1,49.46
2020-04-25 16:30:00,118,0,118,33.6,1.9,51.19
2020-04-25 17:00:00,18,0,18,33.0,1.8,55.71
2020-04-25 17:30:00,44,0,44,32.0,1.6,58.93
2020-04-25 18:00:00,20,0,20,31.1,1.3,70.54
2020-04-26 06:30:00,50,89,40,26.6,2.0,97.8
2020-04-26 07:00:00,131,192,86,27.200000000000003,2.5,93.76
2020-04-26 07:30:00,272,455,109,27.8,2.6,90.54
2020-04-26 08:00:00,389,550,130,28.4,2.7,83.41
2020-04-26 08:30:00,436,362,227,29.200000000000003,2.6,79.65
2020-04-26 09:00:00,520,351,282,29.9,2.5,72.91
2020-04-26 09:30:00,627,419,307,30.5,2.5,70.46000000000001
2020-04-26 10:00:00,710,451,331,31.1,2.4000000000000004,66.36
2020-04-26 10:30:00,797,484,361,31.5,2.5,64.87
2020-04-26 11:00:00,760,323,454,31.8,2.5,62.64
2020-04-26 11:30:00,937,692,258,32.1,2.6,61.52
2020-04-26 12:00:00,955,693,263,32.4,2.6,59.66
2020-04-26 12:30:00,955,693,264,32.5,2.7,59.33
2020-04-26 13:00:00,569,86,484,32.6,2.8000000000000003,58.22
2020-04-26 13:30:00,566,99,472,32.6,2.9000000000000004,58.22
2020-04-26 14:00:00,829,583,302,32.5,3.0,58.06
2020-04-26 14:30:00,761,558,290,32.300000000000004,3.0,58.66
2020-04-26 15:00:00,603,347,336,32.1,3.0,59.21
2020-04-26 15:30:00,477,247,308,31.9,2.8000000000000003,59.88
2020-04-26 16:00:00,441,362,230,31.700000000000003,2.7,60.57
2020-04-26 16:30:00,287,180,202,31.3,2.3000000000000003,61.96
2020-04-26 17:00:00,176,85,145,30.9,2.0,66.27
2020-04-26 17:30:00,125,140,91,30.200000000000003,1.7000000000000002,68.96000000000001
2020-04-26 18:00:00,51,73,42,29.4,1.5,77.36
2020-04-27 06:30:00,46,53,40,26.4,1.4,96.54
2020-04-27 07:00:00,141,139,108,26.5,2.0,93.82
2020-04-27 07:30:00,52,0,52,26.4,2.3000000000000003,94.47
2020-04-27 08:00:00,61,0,61,26.4,2.7,90.16
2020-04-27 08:30:00,283,66,245,26.5,2.9000000000000004,89.72
2020-04-27 09:00:00,274,26,256,26.5,3.2,86.24
2020-04-27 09:30:00,178,4,175,26.9,3.4000000000000004,84.24
2020-04-27 10:00:00,314,20,298,27.200000000000003,3.5,80.85000000000001
2020-04-27 10:30:00,570,133,450,27.5,3.6,79.45
2020-04-27 11:00:00,569,103,472,27.8,3.7,77.17
2020-04-27 11:30:00,697,198,503,28.1,3.7,75.83
2020-04-27 12:00:00,775,277,499,28.4,3.7,73.98
2020-04-27 12:30:00,756,251,506,28.5,3.7,73.55
2020-04-27 13:00:00,387,23,364,28.6,3.6,72.83
2020-04-27 13:30:00,659,183,485,28.700000000000003,3.4000000000000004,72.41
2020-04-27 14:00:00,602,163,454,28.700000000000003,3.3000000000000003,72.43
2020-04-27 14:30:00,514,122,411,28.8,3.1,71.94
2020-04-27 15:00:00,418,83,354,28.9,2.9000000000000004,71.61
2020-04-27 15:30:00,111,0,111,28.8,2.7,72.03
2020-04-27 16:00:00,30,0,30,28.8,2.5,72.31
2020-04-27 16:30:00,60,0,60,28.5,2.2,73.58
2020-04-27 17:00:00,94,0,94,28.3,2.0,75.87
2020-04-27 17:30:00,15,0,15,27.8,1.7000000000000002,78.18
2020-04-27 18:00:00,33,0,33,27.3,1.4,85.75
2020-04-28 06:30:00,66,233,38,24.8,1.8,94.16
2020-04-28 07:00:00,169,425,66,25.9,2.5,85.34
2020-04-28 07:30:00,285,550,87,26.9,2.8000000000000003,80.48
2020-04-28 08:00:00,405,639,102,28.0,3.1,69.02
2020-04-28 08:30:00,520,701,114,29.1,3.1,64.7
2020-04-28 09:00:00,628,743,124,30.200000000000003,3.0,57.89
2020-04-28 09:30:00,729,778,134,31.0,2.8000000000000003,55.32
2020-04-28 10:00:00,672,350,377,31.9,2.6,52.04
2020-04-28 10:30:00,740,376,400,32.5,2.4000000000000004,50.31
2020-04-28 11:00:00,857,484,398,33.2,2.2,47.83
2020-04-28 11:30:00,960,765,209,33.7,1.9,46.51
2020-04-28 12:00:00,838,393,446,34.2,1.7000000000000002,44.74
2020-04-28 12:30:00,792,301,492,34.5,1.5,43.96
2020-04-28 13:00:00,679,177,505,34.9,1.3,42.59
2020-04-28 13:30:00,583,112,476,34.9,1.2000000000000002,42.55
2020-04-28 14:00:00,566,127,451,35.0,1.1,42.4
2020-04-28 14:30:00,354,29,330,35.0,1.0,42.36
2020-04-28 15:00:00,280,18,266,34.9,0.9,42.67
2020-04-28 15:30:00,288,31,266,34.7,0.9,43.14
2020-04-28 16:00:00,467,441,209,34.5,1.0,43.68
2020-04-28 16:30:00,389,480,160,34.0,1.0,44.9
2020-04-28 17:00:00,220,216,141,33.4,1.1,49.0
2020-04-28 17:30:00,146,247,85,32.4,1.2000000000000002,51.82
2020-04-28 18:00:00,35,0,35,31.3,1.3,64.92
2020-04-29 06:30:00,57,91,45,27.0,1.0,88.5
2020-04-29 07:00:00,154,226,99,28.9,1.0,75.32000000000001
2020-04-29 07:30:00,265,342,141,29.8,0.9,71.53
2020-04-29 08:00:00,378,430,174,30.8,0.8,65.51
2020-04-29 08:30:00,490,500,199,31.700000000000003,0.8,62.25
2020-04-29 09:00:00,594,546,223,32.5,0.8,58.3
2020-04-29 09:30:00,690,588,239,33.1,0.9,56.32
2020-04-29 10:00:00,315,20,299,33.7,1.0,53.48
2020-04-29 10:30:00,73,0,73,34.1,1.0,52.3
2020-04-29 11:00:00,104,0,104,34.5,1.1,50.44
2020-04-29 11:30:00,732,240,497,34.7,1.2000000000000002,49.84
2020-04-29 12:00:00,98,0,98,35.0,1.3,49.05
2020-04-29 12:30:00,196,9,187,35.1,1.4,48.73
2020-04-29 13:00:00,95,0,95,35.300000000000004,1.5,48.03
2020-04-29 13:30:00,556,93,468,35.2,1.5,48.25
2020-04-29 14:00:00,586,147,453,35.2,1.6,48.09
2020-04-29 14:30:00,713,451,333,35.0,1.7000000000000002,48.620000000000005
2020-04-29 15:00:00,630,421,307,34.800000000000004,1.8,49.08
2020-04-29 15:30:00,583,443,281,34.5,1.9,49.9
2020-04-29 16:00:00,447,380,225,34.2,1.9,50.73
2020-04-29 16:30:00,332,307,185,33.7,1.8,52.16
2020-04-29 17:00:00,12,0,12,33.1,1.8,56.26
2020-04-30 06:30:00,51,76,42,26.3,2.1,92.98
2020-04-30 07:00:00,157,227,102,27.1,2.9000000000000004,87.43
2020-04-30 07:30:00,268,340,144,27.9,2.9000000000000004,83.53
2020-04-30 08:00:00,382,431,177,28.8,2.9000000000000004,75.99
2020-04-30 08:30:00,494,500,202,29.9,2.6,71.34
2020-04-30 09:00:00,599,555,222,30.9,2.2,65.14
2020-04-30 09:30:00,695,597,238,31.700000000000003,2.0,62.25
2020-04-30 10:00:00,783,651,236,32.5,1.8,58.47
2020-04-30 10:30:00,853,674,245,33.0,1.6,56.79
2020-04-30 11:00:00,905,682,258,33.6,1.5,54.47
2020-04-30 11:30:00,594,104,492,33.9,1.4,53.56
2020-04-30 12:00:00,608,105,503,34.1,1.3,52.77
2020-04-30 12:30:00,752,246,506,34.2,1.2000000000000002,52.48
2020-04-30 13:00:00,368,21,347,34.300000000000004,1.2000000000000002,52.0
2020-04-30 13:30:00,356,21,336,34.300000000000004,1.2000000000000002,52.0
2020-04-30 14:00:00,725,338,419,34.300000000000004,1.2000000000000002,51.25
2020-04-30 14:30:00,529,138,413,34.1,1.2000000000000002,51.82
2020-04-30 15:00:00,633,432,302,33.9,1.2000000000000002,52.13
2020-04-30 15:30:00,597,535,233,33.5,1.1,53.3
2020-04-30 16:00:00,446,377,225,33.2,1.1,54.5
2020-04-30 16:30:00,312,246,195,32.7,1.1,56.04
2020-04-30 17:00:00,68,0,68,32.2,1.1,59.870000000000005
2020-04-30 17:30:00,49,0,49,31.5,1.2000000000000002,62.34
2020-04-30 18:00:00,22,0,22,30.700000000000003,1.4,70.56
2020-05-01 06:30:00,59,110,46,27.0,1.5,92.05
2020-05-01 07:00:00,157,248,96,28.3,2.0,82.33
2020-05-01 07:30:00,267,363,135,29.4,2.1,77.27
2020-05-01 08:00:00,381,449,167,30.4,2.2,67.4
2020-05-01 08:30:00,492,517,191,31.3,2.1,64.04
2020-05-01 09:00:00,596,565,212,32.300000000000004,2.0,57.42
2020-05-01 09:30:00,692,606,227,32.9,1.8,55.52
2020-05-01 10:00:00,758,559,288,33.5,1.7000000000000002,52.85
2020-05-01 10:30:00,827,584,300,33.9,1.6,51.63
2020-05-01 11:00:00,878,594,314,34.300000000000004,1.4,50.7
2020-05-01 11:30:00,914,606,319,34.5,1.5,50.14
2020-05-01 12:00:00,937,615,324,34.7,1.6,49.89
2020-05-01 12:30:00,937,615,324,34.800000000000004,1.7000000000000002,49.61
2020-05-01 13:00:00,922,622,311,34.800000000000004,1.9,49.51
2020-05-01 13:30:00,771,343,446,34.7,2.0,49.78
2020-05-01 14:00:00,835,615,279,34.5,2.1,50.34
2020-05-01 14:30:00,686,382,365,34.300000000000004,2.1,50.85
2020-05-01 15:00:00,656,497,275,34.1,2.1,51.4
2020-05-01 15:30:00,510,319,293,33.9,2.1,51.97
2020-05-01 16:00:00,435,346,233,33.6,2.1,53.02
2020-05-01 16:30:00,337,325,182,33.1,2.1,54.52
2020-05-01 17:00:00,218,210,142,32.6,2.0,58.77
2020-05-01 17:30:00,155,229,99,31.700000000000003,1.9,61.82
2020-05-01 18:00:00,59,102,46,30.8,1.9,72.18
2020-05-02 06:30:00,59,124,43,27.0,1.1,94.98
2020-05-02 07:00:00,140,207,88,28.1,1.4,86.94
2020-05-02 07:30:00,253,352,124,28.9,1.4,83.10000000000001
2020-05-02 08:00:00,362,412,165,29.700000000000003,1.4,75.38
2020-05-02 08:30:00,503,583,163,30.6,1.3,71.60000000000001
2020-05-02 09:00:00,367,89,307,31.5,1.2000000000000002,64.9
2020-05-02 09:30:00,707,675,188,32.2,1.2000000000000002,62.39
2020-05-02 10:00:00,789,697,202,33.0,1.1,57.88
2020-05-02 10:30:00,859,719,209,33.5,1.0,56.23
2020-05-02 11:00:00,912,731,217,34.0,1.0,53.73
2020-05-02 11:30:00,948,741,221,34.4,1.0,52.55
2020-05-02 12:00:00,967,744,224,34.800000000000004,1.1,51.120000000000005
2020-05-02 12:30:00,967,744,224,35.0,1.3,50.56
2020-05-02 13:00:00,947,736,225,35.2,1.4,49.66
2020-05-02 13:30:00,911,725,222,35.300000000000004,1.6,49.39
2020-05-02 14:00:00,858,713,214,35.300000000000004,1.7000000000000002,49.04
2020-05-02 14:30:00,788,691,207,35.2,1.8,49.31
2020-05-02 15:00:00,705,667,194,35.1,1.9,49.22
2020-05-02 15:30:00,609,627,182,34.800000000000004,2.0,50.04
2020-05-02 16:00:00,503,582,164,34.6,2.1,50.09
2020-05-02 16:30:00,391,515,145,34.0,2.1,51.84
2020-05-02 17:00:00,276,429,119,33.5,2.2,53.96
2020-05-02 17:30:00,164,308,88,32.4,2.0,57.38
2020-05-02 18:00:00,65,154,45,31.3,1.9,67.89
2020-05-03 06:30:00,68,190,43,27.700000000000003,1.9,90.71
2020-05-03 07:00:00,152,273,84,28.9,2.4000000000000004,82.75
2020-05-03 07:30:00,229,246,139,29.6,2.4000000000000004,79.48
2020-05-03 08:00:00,325,283,190,30.3,2.5,73.89
2020-05-03 08:30:00,381,213,257,30.9,2.4000000000000004,71.41
2020-05-03 09:00:00,556,440,256,31.6,2.4000000000000004,67.19
2020-05-03 09:30:00,620,387,323,32.0,2.3000000000000003,65.69
2020-05-03 10:00:00,547,158,414,32.4,2.3000000000000003,62.83
2020-05-03 10:30:00,693,286,435,32.800000000000004,2.2,61.38
2020-05-03 11:00:00,733,282,465,33.2,2.2,58.6
2020-05-03 11:30:00,634,136,501,33.5,2.2,57.63
2020-05-03 12:00:00,828,377,452,33.800000000000004,2.2,55.35
2020-05-03 12:30:00,792,303,490,33.9,2.2,55.04
2020-05-03 13:00:00,807,363,450,34.1,2.2,53.25
2020-05-03 13:30:00,638,163,483,34.1,2.2,53.25
2020-05-03 14:00:00,797,481,363,34.0,2.2,52.53
2020-05-03 14:30:00,771,630,240,33.9,2.3000000000000003,52.82
2020-05-03 15:00:00,657,500,274,33.7,2.4000000000000004,52.7
2020-05-03 15:30:00,561,463,246,33.4,2.4000000000000004,53.59
2020-05-03 16:00:00,457,413,216,33.1,2.4000000000000004,54.52
2020-05-03 16:30:00,379,445,166,32.6,2.3000000000000003,56.07
2020-05-03 17:00:00,267,364,134,32.1,2.2,60.18
2020-05-03 17:30:00,157,250,95,31.200000000000003,2.1,63.32
2020-05-03 18:00:00,60,114,45,30.3,1.9,72.63
2020-05-04 06:30:00,40,0,40,28.0,1.3,92.69
2020-05-04 07:00:00,95,24,89,29.0,1.5,86.64
2020-05-04 07:30:00,116,0,116,29.5,1.4,84.27
2020-05-04 08:00:00,228,66,196,30.1,1.2000000000000002,77.63
2020-05-04 08:30:00,229,23,216,30.6,1.1,75.44
2020-05-04 09:00:00,311,44,281,31.1,1.0,67.74
2020-05-04 09:30:00,392,64,342,31.5,1.1,66.22
2020-05-04 10:00:00,388,40,354,32.0,1.2000000000000002,61.35
2020-05-04 10:30:00,422,41,385,32.5,1.2000000000000002,59.65
2020-05-04 11:00:00,492,58,437,32.9,1.3,56.53
2020-05-04 11:30:00,579,94,487,33.4,1.3,54.91
2020-05-04 12:00:00,567,80,487,33.800000000000004,1.3,52.49
2020-05-04 12:30:00,772,276,497,34.2,1.1,51.29
2020-05-04 13:00:00,739,250,493,34.5,1.0,49.39
2020-05-04 13:30:00,824,446,401,34.7,0.9,48.84
2020-05-04 14:00:00,803,490,360,34.9,0.8,46.67
2020-05-04 14:30:00,399,45,361,34.800000000000004,0.9,46.93
2020-05-04 15:00:00,532,221,363,34.800000000000004,1.0,45.98
2020-05-04 15:30:00,281,29,261,34.5,1.0,46.75
2020-05-04 16:00:00,431,336,235,34.300000000000004,1.1,48.11
2020-05-04 16:30:00,313,249,194,33.800000000000004,1.1,49.46
2020-05-04 17:00:00,241,297,132,33.300000000000004,1.1,53.91
2020-05-04 17:30:00,169,373,76,32.300000000000004,1.0,57.01
2020-05-04 18:00:00,68,204,42,31.3,0.9,71.4
2020-05-05 06:30:00,67,171,45,27.700000000000003,1.3,91.72
2020-05-05 07:00:00,161,323,80,29.5,1.9,80.07000000000001
2020-05-05 07:30:00,211,177,146,30.4,1.9,76.05
2020-05-05 08:00:00,364,413,166,31.3,1.9,69.62
2020-05-05 08:30:00,505,607,150,32.1,1.8,66.55
2020-05-05 09:00:00,610,653,164,32.800000000000004,1.7000000000000002,62.07
2020-05-05 09:30:00,706,690,175,33.5,1.6,59.69
2020-05-05 10:00:00,761,612,245,34.1,1.5,56.47
2020-05-05 10:30:00,829,635,255,34.6,1.5,54.93
2020-05-05 11:00:00,885,652,266,35.1,1.4,52.34
2020-05-05 11:30:00,812,377,442,35.4,1.4,51.43
2020-05-05 12:00:00,830,382,449,35.7,1.4,49.94
2020-05-05 12:30:00,937,665,274,35.9,1.4,49.35
2020-05-05 13:00:00,908,622,298,36.0,1.3,48.6
2020-05-05 13:30:00,872,611,293,35.9,1.4,48.82
2020-05-05 14:00:00,821,597,282,35.9,1.4,48.48
2020-05-05 14:30:00,752,573,270,35.800000000000004,1.4,48.75
2020-05-05 15:00:00,672,546,253,35.7,1.4,48.81
2020-05-05 15:30:00,578,504,235,35.4,1.5,49.620000000000005
2020-05-05 16:00:00,475,454,210,35.2,1.6,50.66
2020-05-05 16:30:00,351,371,173,34.6,1.7000000000000002,52.36
2020-05-05 17:00:00,57,0,57,34.1,1.8,56.870000000000005
2020-05-06 06:30:00,62,108,47,28.6,0.9,93.51
2020-05-06 07:00:00,160,247,97,29.6,1.4,86.01
2020-05-06 07:30:00,269,360,136,30.200000000000003,1.6,83.10000000000001
2020-05-06 08:00:00,383,454,164,30.700000000000003,1.7000000000000002,79.13
2020-05-06 08:30:00,493,522,187,31.3,2.0,76.48
2020-05-06 09:00:00,598,578,203,31.9,2.2,72.26
2020-05-06 09:30:00,693,619,217,32.4,2.4000000000000004,70.25
2020-05-06 10:00:00,785,688,206,32.9,2.5,66.97
2020-05-06 10:30:00,854,710,213,33.300000000000004,2.6,65.49
2020-05-06 11:00:00,908,727,218,33.7,2.8000000000000003,63.02
2020-05-06 11:30:00,944,737,221,34.0,2.8000000000000003,61.98
2020-05-06 12:00:00,964,748,219,34.300000000000004,2.8000000000000003,60.04
2020-05-06 12:30:00,965,748,219,34.4,2.8000000000000003,59.65
2020-05-06 13:00:00,946,745,216,34.5,2.8000000000000003,58.52
2020-05-06 13:30:00,910,735,213,34.5,2.8000000000000003,58.46
2020-05-06 14:00:00,860,731,200,34.6,2.8000000000000003,57.52
2020-05-06 14:30:00,791,710,193,34.5,2.8000000000000003,57.84
2020-05-06 15:00:00,708,693,176,34.4,2.7,57.76
2020-05-06 15:30:00,612,656,166,34.2,2.7,58.34
2020-05-06 16:00:00,508,618,147,33.9,2.7,59.17
2020-05-06 16:30:00,395,552,131,33.4,2.6,60.84
2020-05-06 17:00:00,282,476,107,33.0,2.5,63.870000000000005
2020-05-06 17:30:00,169,353,81,32.0,2.4000000000000004,67.62
2020-05-06 18:00:00,69,191,44,31.1,2.2,75.66
2020-05-07 06:30:00,69,156,48,28.4,1.5,92.23
2020-05-07 07:00:00,157,285,85,29.5,2.1,85.88
2020-05-07 07:30:00,247,309,133,30.200000000000003,2.3000000000000003,82.51
2020-05-07 08:00:00,364,410,167,30.8,2.5,77.59
2020-05-07 08:30:00,386,221,257,31.4,2.7,74.99
2020-05-07 09:00:00,522,345,286,32.0,2.8000000000000003,70.36
2020-05-07 09:30:00,613,370,328,32.5,2.9000000000000004,68.4
2020-05-07 10:00:00,636,285,396,33.0,3.0,64.62
2020-05-07 10:30:00,840,662,242,33.5,3.1,62.84
2020-05-07 11:00:00,893,680,247,33.9,3.2,59.66
2020-05-07 11:30:00,928,691,251,34.2,3.2,58.620000000000005
2020-05-07 12:00:00,948,693,257,34.5,3.3000000000000003,56.56
2020-05-07 12:30:00,948,693,257,34.7,3.3000000000000003,55.94
2020-05-07 13:00:00,927,680,261,34.800000000000004,3.4000000000000004,55.05
2020-05-07 13:30:00,891,669,256,34.800000000000004,3.5,55.05
2020-05-07 14:00:00,839,657,247,34.800000000000004,3.5,54.79
2020-05-07 14:30:00,770,633,238,34.7,3.5,55.09
2020-05-07 15:00:00,689,607,223,34.5,3.5,55.61
2020-05-07 15:30:00,594,566,209,34.1,3.5,56.85
2020-05-07 16:00:00,494,523,189,33.800000000000004,3.5,58.01
2020-05-07 16:30:00,384,454,166,33.2,3.3000000000000003,59.98
2020-05-07 17:00:00,272,378,134,32.7,3.0,63.55
2020-05-07 17:30:00,162,262,97,31.9,2.7,66.47
2020-05-07 18:00:00,46,20,43,31.0,2.4000000000000004,73.9
2020-05-08 06:30:00,73,188,48,28.3,1.4,93.79
2020-05-08 07:00:00,161,306,83,29.200000000000003,1.8,87.5
2020-05-08 07:30:00,254,335,129,29.6,1.7000000000000002,85.60000000000001
2020-05-08 08:00:00,356,379,174,30.1,1.6,80.63
2020-05-08 08:30:00,443,362,230,30.700000000000003,1.7000000000000002,78.0
2020-05-08 09:00:00,543,397,272,31.3,1.7000000000000002,72.35000000000001
2020-05-08 09:30:00,610,366,329,31.9,1.9,69.94
2020-05-08 10:00:00,560,173,414,32.4,2.1,66.59
2020-05-08 10:30:00,856,726,200,32.800000000000004,2.3000000000000003,65.12
2020-05-08 11:00:00,911,750,199,33.1,2.5,62.89
2020-05-08 11:30:00,946,759,202,33.4,2.5,61.79
2020-05-08 12:00:00,966,767,201,33.7,2.6,59.61
2020-05-08 12:30:00,965,767,201,33.800000000000004,2.5,59.22
2020-05-08 13:00:00,936,723,227,33.9,2.5,57.88
2020-05-08 13:30:00,899,713,224,33.800000000000004,2.4000000000000004,58.14
2020-05-08 14:00:00,846,696,219,33.800000000000004,2.3000000000000003,57.44
2020-05-08 14:30:00,777,673,211,33.6,2.1,58.09
2020-05-08 15:00:00,695,645,200,33.4,2.0,58.49
2020-05-08 15:30:00,600,605,188,33.1,1.9,59.48
2020-05-08 16:00:00,495,555,171,32.9,1.7000000000000002,60.56
2020-05-08 16:30:00,360,405,166,32.5,1.6,61.940000000000005
2020-05-08 17:00:00,260,378,121,32.0,1.4,66.18
2020-05-08 17:30:00,162,285,91,31.3,1.3,68.92
2020-05-08 18:00:00,65,142,47,30.6,1.2000000000000002,77.27
2020-05-09 06:30:00,52,45,46,28.1,1.6,94.07
2020-05-09 07:00:00,120,94,96,29.6,2.4000000000000004,85.44
2020-05-09 07:30:00,212,174,147,30.3,2.7,82.09
2020-05-09 08:00:00,245,88,202,31.1,3.0,75.76
2020-05-09 08:30:00,394,237,255,31.700000000000003,3.1,73.23
2020-05-09 09:00:00,494,282,302,32.4,3.2,67.71000000000001
2020-05-09 09:30:00,623,398,317,33.0,3.1,65.47
2020-05-09 10:00:00,715,460,327,33.7,3.1,60.24
2020-05-09 10:30:00,782,462,364,34.300000000000004,3.0,58.26
2020-05-09 11:00:00,845,470,399,34.800000000000004,2.9000000000000004,54.11
2020-05-09 11:30:00,879,463,426,35.2,2.9000000000000004,52.88
2020-05-09 12:00:00,853,419,436,35.6,2.9000000000000004,50.09
2020-05-09 12:30:00,853,418,437,35.9,2.9000000000000004,49.23
2020-05-09 13:00:00,884,469,424,36.2,3.0,47.45
2020-05-09 13:30:00,856,487,395,36.3,3.0,47.19
2020-05-09 14:00:00,797,485,360,36.4,3.0,46.21
2020-05-09 14:30:00,742,512,312,36.3,3.0,46.46
2020-05-09 15:00:00,667,526,264,36.2,3.0,46.05
2020-05-09 15:30:00,557,451,250,35.9,3.0,46.82
2020-05-09 16:00:00,461,426,212,35.6,2.9000000000000004,47.32
2020-05-09 16:30:00,343,342,179,35.0,2.9000000000000004,48.9
2020-05-09 17:00:00,234,264,137,34.5,2.8000000000000003,51.07
2020-05-09 17:30:00,127,136,93,33.300000000000004,2.5,54.59
2020-05-09 18:00:00,55,73,45,32.1,2.1,64.17
2020-05-10 06:30:00,78,253,43,28.4,2.4000000000000004,88.75
2020-05-10 07:00:00,170,355,79,30.5,3.0,75.55
2020-05-10 07:30:00,251,321,132,31.6,3.0,71.05
2020-05-10 08:00:00,367,413,167,32.6,3.0,62.58
2020-05-10 08:30:00,423,306,243,33.5,3.0,59.57
2020-05-10 09:00:00,561,457,248,34.5,3.0,53.2
2020-05-10 09:30:00,640,454,291,35.300000000000004,3.0,50.9
2020-05-10 10:00:00,716,461,327,36.1,3.1,46.93
2020-05-10 10:30:00,792,476,362,36.7,3.0,45.41
2020-05-10 11:00:00,703,243,473,37.3,3.0,43.91
2020-05-10 11:30:00,806,370,444,37.6,3.0,43.16
2020-05-10 12:00:00,702,192,511,37.9,2.9000000000000004,42.66
2020-05-10 12:30:00,820,369,453,38.0,3.1,42.39
2020-05-10 13:00:00,748,267,487,38.1,3.2,42.15
2020-05-10 13:30:00,686,221,476,37.9,3.3000000000000003,42.6
2020-05-10 14:00:00,711,321,421,37.7,3.5,43.12
2020-05-10 14:30:00,648,311,387,37.4,3.5,43.83
2020-05-10 15:00:00,528,216,362,37.0,3.6,45.1
2020-05-10 15:30:00,358,81,303,36.5,3.5,46.34
2020-05-10 16:00:00,335,129,259,36.1,3.4000000000000004,47.82
2020-05-10 16:30:00,237,79,199,35.4,3.0,49.69
2020-05-10 17:00:00,287,513,98,34.7,2.7,53.83
2020-05-10 17:30:00,120,104,94,33.7,2.3000000000000003,56.9
2020-05-10 18:00:00,75,235,44,32.6,1.9,67.1
2020-05-11 06:30:00,51,34,47,28.8,2.0,88.16
2020-05-11 07:00:00,173,373,77,30.0,2.6,81.15
2020-05-11 07:30:00,253,326,131,30.5,2.8000000000000003,78.87
2020-05-11 08:00:00,312,234,199,31.1,2.9000000000000004,73.37
2020-05-11 08:30:00,347,144,262,31.6,3.0,71.32000000000001
2020-05-11 09:00:00,394,117,314,32.2,3.1,65.39
2020-05-11 09:30:00,136,0,136,32.6,3.1,63.940000000000005
2020-05-11 10:00:00,65,0,65,33.0,3.1,60.42
2020-05-11 10:30:00,77,0,77,33.2,2.9000000000000004,59.75
2020-05-11 11:00:00,86,0,86,33.4,2.7,58.44
2020-05-11 11:30:00,177,7,171,33.5,2.6,58.120000000000005
2020-05-11 12:00:00,290,15,276,33.5,2.4000000000000004,58.22
2020-05-11 12:30:00,409,26,383,33.4,2.3000000000000003,58.54
2020-05-11 13:00:00,522,63,459,33.2,2.3000000000000003,59.69
2020-05-11 13:30:00,569,105,469,32.9,2.5,60.64
2020-05-11 14:00:00,650,229,444,32.6,2.7,62.74
2020-05-11 14:30:00,483,98,401,32.1,3.0,64.53
2020-05-11 15:00:00,179,4,176,31.700000000000003,3.3000000000000003,67.7
2020-05-11 15:30:00,35,0,35,31.200000000000003,3.6,69.64
2020-05-11 16:00:00,54,0,54,30.700000000000003,3.8,73.82000000000001
2020-05-11 16:30:00,131,0,131,30.200000000000003,3.8,76.03
2020-05-11 17:00:00,232,253,138,29.8,3.8,80.54
2020-05-11 17:30:00,151,259,86,29.200000000000003,3.3000000000000003,83.36
2020-05-11 18:00:00,72,157,51,28.700000000000003,2.9000000000000004,88.25
2020-05-12 06:30:00,75,216,45,25.3,1.4,97.05
2020-05-12 07:00:00,164,311,84,26.8,1.9,88.66
2020-05-12 07:30:00,254,328,131,28.200000000000003,1.7000000000000002,81.8
2020-05-12 08:00:00,304,211,201,29.6,1.4,67.44
2020-05-12 08:30:00,467,433,212,31.1,1.2000000000000002,61.91
2020-05-12 09:00:00,537,380,276,32.6,1.1,47.84
2020-05-12 09:30:00,643,464,286,33.6,1.2000000000000002,45.24
2020-05-12 10:00:00,725,480,320,34.7,1.2000000000000002,39.54
2020-05-12 10:30:00,881,792,165,35.4,1.4,38.01
2020-05-12 11:00:00,842,468,397,36.1,1.5,35.82
2020-05-12 11:30:00,874,460,424,36.6,1.6,34.86
2020-05-12 12:00:00,986,814,175,37.0,1.8,34.26
2020-05-12 12:30:00,848,416,435,37.3,1.8,33.67
2020-05-12 13:00:00,949,752,213,37.5,1.9,33.910000000000004
2020-05-12 13:30:00,914,742,212,37.6,1.9,33.69
2020-05-12 14:00:00,743,397,385,37.6,1.9,33.86
2020-05-12 14:30:00,790,702,200,37.4,1.9,34.230000000000004
2020-05-12 15:00:00,648,486,276,37.3,1.9,34.87
2020-05-12 15:30:00,521,349,283,36.9,1.9,35.63
2020-05-12 16:00:00,506,587,163,36.6,2.0,36.47
2020-05-12 16:30:00,395,521,144,35.9,1.9,37.89
2020-05-12 17:00:00,282,441,119,35.300000000000004,1.9,40.63
2020-05-12 17:30:00,170,323,89,33.9,1.7000000000000002,43.94
2020-05-12 18:00:00,71,174,48,32.4,1.5,57.25
2020-05-13 06:30:00,76,201,48,27.4,1.3,87.93
2020-05-13 07:00:00,178,367,83,29.700000000000003,2.0,73.8
2020-05-13 07:30:00,290,485,109,31.0,2.3000000000000003,68.53
2020-05-13 08:00:00,406,574,127,32.300000000000004,2.5,60.11
2020-05-13 08:30:00,517,637,142,33.300000000000004,2.6,56.84
2020-05-13 09:00:00,623,689,152,34.4,2.7,50.85
2020-05-13 09:30:00,719,724,161,35.2,2.8000000000000003,48.6
2020-05-13 10:00:00,806,767,159,36.0,2.8000000000000003,45.55
2020-05-13 10:30:00,874,786,164,36.5,2.9000000000000004,44.32
2020-05-13 11:00:00,927,795,173,37.1,2.9000000000000004,42.78
2020-05-13 11:30:00,962,803,175,37.4,3.0,42.09
2020-05-13 12:00:00,708,201,509,37.7,3.1,41.41
2020-05-13 12:30:00,829,389,442,37.7,3.2,41.36
2020-05-13 13:00:00,811,386,434,37.8,3.4000000000000004,41.19
2020-05-13 13:30:00,905,724,220,37.6,3.5,41.6
2020-05-13 14:00:00,852,709,214,37.5,3.6,41.91
2020-05-13 14:30:00,783,687,206,37.2,3.7,42.59
2020-05-13 15:00:00,702,664,193,36.8,3.7,43.55
2020-05-13 15:30:00,607,625,181,36.3,3.8,44.75
2020-05-13 16:00:00,504,583,163,35.800000000000004,3.8,46.53
2020-05-13 16:30:00,393,517,144,35.0,3.8,48.66
2020-05-13 17:00:00,281,440,118,34.2,3.7,52.56
2020-05-13 17:30:00,170,322,88,33.1,3.4000000000000004,55.88
2020-05-13 18:00:00,71,174,48,32.0,3.0,64.1
2020-05-14 06:30:00,78,196,50,28.0,1.6,92.48
2020-05-14 07:00:00,178,361,84,29.3,2.2,83.26
2020-05-14 07:30:00,167,57,145,30.1,2.3000000000000003,79.53
2020-05-14 08:00:00,324,266,195,30.9,2.4000000000000004,72.42
2020-05-14 08:30:00,413,280,248,31.700000000000003,2.3000000000000003,69.22
2020-05-14 09:00:00,485,263,305,32.5,2.2,62.11
2020-05-14 09:30:00,575,296,348,33.2,2.1,59.72
2020-05-14 10:00:00,605,237,405,34.0,1.9,53.95
2020-05-14 10:30:00,666,250,440,34.5,1.8,52.47
2020-05-14 11:00:00,893,687,242,35.1,1.7000000000000002,49.27
2020-05-14 11:30:00,928,697,246,35.5,1.8,48.2
2020-05-14 12:00:00,949,710,242,36.0,2.0,46.5
2020-05-14 12:30:00,704,197,508,36.2,2.2,45.95
2020-05-14 13:00:00,373,22,352,36.4,2.4000000000000004,45.02
2020-05-14 13:30:00,384,25,360,36.4,2.5,44.97
2020-05-14 14:00:00,752,421,373,36.5,2.7,44.37
2020-05-14 14:30:00,743,518,308,36.3,2.8000000000000003,44.81
2020-05-14 15:00:00,605,363,327,36.2,2.8000000000000003,44.56
2020-05-14 15:30:00,460,221,310,35.9,2.8000000000000003,45.3
2020-05-14 16:00:00,372,196,258,35.5,2.9000000000000004,45.87
2020-05-14 16:30:00,339,326,182,34.9,2.8000000000000003,47.41
2020-05-14 17:00:00,246,308,132,34.4,2.7,49.31
2020-05-14 17:30:00,169,321,88,33.1,2.3000000000000003,53.01
2020-05-14 18:00:00,46,12,45,31.9,1.9,63.73
2020-05-15 06:30:00,78,178,53,28.200000000000003,1.5,89.74
2020-05-15 07:00:00,179,345,90,29.5,2.1,80.64
2020-05-15 07:30:00,291,464,117,30.4,2.2,76.60000000000001
2020-05-15 08:00:00,406,557,135,31.4,2.4000000000000004,67.86
2020-05-15 08:30:00,515,621,149,32.300000000000004,2.4000000000000004,64.5
2020-05-15 09:00:00,620,672,160,33.2,2.5,58.23
2020-05-15 09:30:00,715,708,170,33.9,2.5,56.01
2020-05-15 10:00:00,796,730,181,34.7,2.5,51.6
2020-05-15 10:30:00,864,751,187,35.2,2.5,50.19
2020-05-15 11:00:00,916,764,192,35.800000000000004,2.5,47.2
2020-05-15 11:30:00,952,774,194,36.2,2.5,46.13
2020-05-15 12:00:00,969,776,197,36.7,2.5,44.06
2020-05-15 12:30:00,968,776,197,36.9,2.6,43.54
2020-05-15 13:00:00,860,447,424,37.2,2.6,42.18
2020-05-15 13:30:00,590,123,474,37.2,2.7,42.14
2020-05-15 14:00:00,507,85,430,37.2,2.8000000000000003,41.85
2020-05-15 14:30:00,788,709,192,37.0,2.9000000000000004,42.27
2020-05-15 15:00:00,704,675,187,36.8,3.0,42.67
2020-05-15 15:30:00,609,637,176,36.3,3.1,43.85
2020-05-15 16:00:00,505,586,162,35.9,3.2,45.31
2020-05-15 16:30:00,394,521,144,35.2,3.3000000000000003,47.08
2020-05-15 17:00:00,282,438,120,34.5,3.3000000000000003,50.48
2020-05-15 17:30:00,171,320,90,33.4,3.1,53.72
2020-05-15 18:00:00,73,171,50,32.300000000000004,2.9000000000000004,61.99
2020-05-16 06:30:00,76,168,52,28.5,1.6,89.8
2020-05-16 07:00:00,175,324,91,30.1,2.3000000000000003,78.93
2020-05-16 07:30:00,286,441,120,30.9,2.3000000000000003,75.42
2020-05-16 08:00:00,400,533,140,31.700000000000003,2.4000000000000004,69.35000000000001
2020-05-16 08:30:00,510,598,157,32.4,2.4000000000000004,66.67
2020-05-16 09:00:00,614,652,167,33.2,2.4000000000000004,61.67
2020-05-16 09:30:00,708,689,178,33.9,2.4000000000000004,59.31
2020-05-16 10:00:00,783,688,203,34.6,2.4000000000000004,55.370000000000005
2020-05-16 10:30:00,850,710,210,35.2,2.4000000000000004,53.51
2020-05-16 11:00:00,817,442,398,35.800000000000004,2.5,50.28
2020-05-16 11:30:00,939,741,214,36.2,2.5,49.19
2020-05-16 12:00:00,958,749,213,36.6,2.6,47.11
2020-05-16 12:30:00,958,749,213,36.8,2.7,46.6
2020-05-16 13:00:00,936,731,221,37.0,2.8000000000000003,45.45
2020-05-16 13:30:00,900,721,218,37.0,2.9000000000000004,45.41
2020-05-16 14:00:00,849,709,210,37.0,2.9000000000000004,44.98
2020-05-16 14:30:00,780,687,203,36.8,3.0,45.47
2020-05-16 15:00:00,700,663,191,36.6,3.1,45.59
2020-05-16 15:30:00,605,625,180,36.3,3.1,46.35
2020-05-16 16:00:00,502,578,164,35.9,3.2,47.23
2020-05-16 16:30:00,392,512,145,35.300000000000004,3.3000000000000003,48.81
2020-05-16 17:00:00,280,429,121,34.7,3.3000000000000003,51.23
2020-05-16 17:30:00,170,311,91,33.7,3.1,54.15
2020-05-16 18:00:00,73,164,50,32.6,2.9000000000000004,62.06
2020-05-17 06:30:00,79,200,51,29.1,2.5,83.99
2020-05-17 07:00:00,156,252,90,30.4,2.9000000000000004,76.53
2020-05-17 07:30:00,249,301,136,30.9,3.0,74.38
2020-05-17 08:00:00,406,579,124,31.5,3.1,70.01
2020-05-17 08:30:00,517,641,138,32.0,3.0,68.06
2020-05-17 09:00:00,545,401,270,32.4,2.9000000000000004,65.11
2020-05-17 09:30:00,585,315,342,32.800000000000004,2.9000000000000004,63.67
2020-05-17 10:00:00,661,334,380,33.2,2.8000000000000003,61.56
2020-05-17 10:30:00,771,451,364,33.5,2.8000000000000003,60.54
2020-05-17 11:00:00,714,262,466,33.7,2.7,59.49
2020-05-17 11:30:00,775,311,471,33.9,2.7,58.77
2020-05-17 12:00:00,794,310,487,34.0,2.7,58.17
2020-05-17 12:30:00,764,274,492,34.0,2.7,58.17
2020-05-17 13:00:00,709,220,494,34.0,2.7,58.01
2020-05-17 13:30:00,619,150,477,33.9,2.8000000000000003,58.33
2020-05-17 14:00:00,519,94,434,33.800000000000004,2.8000000000000003,58.9
2020-05-17 14:30:00,354,30,329,33.6,2.8000000000000003,59.5
2020-05-17 15:00:00,537,233,359,33.300000000000004,2.8000000000000003,61.19
2020-05-17 15:30:00,476,252,305,33.0,2.8000000000000003,62.22
2020-05-17 16:00:00,418,299,242,32.7,2.8000000000000003,64.57000000000001
2020-05-17 16:30:00,282,163,204,32.2,2.7,66.41
2020-05-17 17:00:00,164,55,144,31.8,2.6,71.46000000000001
2020-05-17 17:30:00,42,0,42,31.1,2.5,74.35000000000001
2020-05-17 18:00:00,21,0,21,30.4,2.3000000000000003,81.43
2020-05-18 06:30:00,36,0,36,28.4,1.1,90.22
2020-05-18 07:00:00,77,0,77,29.5,1.6,82.04
2020-05-18 07:30:00,244,281,138,30.3,1.9,78.37
2020-05-18 08:00:00,360,382,174,31.1,2.2,71.10000000000001
2020-05-18 08:30:00,452,384,225,31.9,2.4000000000000004,67.95
2020-05-18 09:00:00,539,388,274,32.800000000000004,2.6,61.32
2020-05-18 09:30:00,610,369,326,33.5,2.7,58.97
2020-05-18 10:00:00,707,449,329,34.2,2.7,54.85
2020-05-18 10:30:00,693,294,428,34.800000000000004,2.7,53.06
2020-05-18 11:00:00,737,297,456,35.300000000000004,2.7,50.42
2020-05-18 11:30:00,749,273,482,35.7,2.8000000000000003,49.28
2020-05-18 12:00:00,801,331,472,36.1,2.8000000000000003,47.34
2020-05-18 12:30:00,813,363,452,36.3,2.9000000000000004,46.78
2020-05-18 13:00:00,877,466,422,36.6,2.9000000000000004,45.35
2020-05-18 13:30:00,853,488,392,36.6,2.9000000000000004,45.3
2020-05-18 14:00:00,813,517,348,36.5,3.0,44.94
2020-05-18 14:30:00,748,528,305,36.3,3.0,45.43
2020-05-18 15:00:00,582,316,340,36.0,3.0,46.06
2020-05-18 15:30:00,505,313,292,35.5,2.9000000000000004,47.34
2020-05-18 16:00:00,426,321,238,35.0,2.9000000000000004,49.6
2020-05-18 16:30:00,336,312,186,34.300000000000004,2.7,51.56
2020-05-18 17:00:00,229,231,142,33.6,2.5,57.58
2020-05-18 17:30:00,144,203,92,32.7,2.3000000000000003,60.61
2020-05-18 18:00:00,65,127,47,31.700000000000003,2.1,70.77
2020-05-19 06:30:00,24,0,24,28.0,1.7000000000000002,92.08
2020-05-19 07:00:00,56,0,56,29.6,2.6,81.99
2020-05-19 07:30:00,86,0,86,30.6,3.0,77.44
2020-05-19 08:00:00,265,121,206,31.6,3.4000000000000004,68.99
2020-05-19 08:30:00,317,99,258,32.4,3.5,65.95
2020-05-19 09:00:00,517,334,288,33.2,3.7,60.97
2020-05-19 09:30:00,599,346,333,33.800000000000004,3.8,58.91
2020-05-19 10:00:00,715,467,322,34.4,3.9,55.5
2020-05-19 10:30:00,738,389,388,34.800000000000004,4.0,54.29
2020-05-19 11:00:00,766,352,433,35.1,4.1000000000000005,52.2
2020-05-19 11:30:00,820,406,424,35.300000000000004,4.2,51.58
2020-05-19 12:00:00,987,866,128,35.5,4.2,50.47
2020-05-19 12:30:00,987,865,128,35.5,4.3,50.42
2020-05-19 13:00:00,951,796,174,35.4,4.3,50.75
2020-05-19 13:30:00,801,426,398,35.2,4.2,51.31
2020-05-19 14:00:00,636,214,444,34.9,4.2,52.42
2020-05-19 14:30:00,604,241,402,34.6,4.1000000000000005,53.29
2020-05-19 15:00:00,386,62,338,34.2,4.1000000000000005,55.09
2020-05-19 15:30:00,407,136,314,33.800000000000004,4.0,56.33
2020-05-19 16:00:00,361,173,260,33.4,3.9,58.42
2020-05-19 16:30:00,403,574,126,32.9,3.8,60.07
2020-05-19 17:00:00,291,498,105,32.4,3.7,63.13
2020-05-19 17:30:00,180,374,83,31.8,3.4000000000000004,65.3
2020-05-19 18:00:00,80,216,50,31.1,3.1,71.83
2020-05-19 18:30:00,10,14,10,30.700000000000003,3.0,73.48
2020-05-20 06:00:00,12,0,12,28.5,1.4,87.33
2020-05-20 06:30:00,83,262,45,28.5,1.4,87.33
2020-05-20 07:00:00,174,359,80,30.0,2.4000000000000004,75.24
2020-05-20 07:30:00,309,617,77,30.8,2.8000000000000003,71.96000000000001
2020-05-20 08:00:00,425,697,85,31.6,3.2,66.12
2020-05-20 08:30:00,537,751,94,32.4,3.5,63.2
2020-05-20 09:00:00,642,792,99,33.1,3.8,59.22
2020-05-20 09:30:00,737,821,105,33.7,3.9,57.22
2020-05-20 10:00:00,810,807,131,34.2,4.1000000000000005,55.04
2020-05-20 10:30:00,878,825,135,34.6,4.2,53.84
2020-05-20 11:00:00,929,831,143,35.0,4.3,52.48
2020-05-20 11:30:00,619,129,494,35.300000000000004,4.4,51.620000000000005
2020-05-20 12:00:00,217,10,207,35.5,4.5,51.05
2020-05-20 12:30:00,652,147,506,35.6,4.6000000000000005,50.72
2020-05-20 13:00:00,961,832,150,35.6,4.7,50.79
2020-05-20 13:30:00,926,823,148,35.5,4.800000000000001,51.07
2020-05-20 14:00:00,871,804,149,35.4,4.800000000000001,51.620000000000005
2020-05-20 14:30:00,803,785,144,35.2,4.7,52.19
2020-05-20 15:00:00,718,747,145,34.9,4.6000000000000005,53.56
2020-05-20 15:30:00,623,713,137,34.5,4.5,54.75
2020-05-20 16:00:00,516,649,135,34.0,4.3,57.09
2020-05-20 16:30:00,349,352,178,33.5,4.2,58.7
2020-05-20 17:00:00,252,323,131,32.9,4.1000000000000005,61.940000000000005
2020-05-20 17:30:00,128,119,97,32.2,3.7,64.48
2020-05-20 18:00:00,77,159,55,31.5,3.4000000000000004,70.27
2020-05-21 06:00:00,11,0,11,28.200000000000003,1.5,88.17
2020-05-21 06:30:00,78,209,47,28.200000000000003,1.5,88.17
2020-05-21 07:00:00,164,296,87,29.5,2.4000000000000004,78.86
2020-05-21 07:30:00,262,354,128,30.4,2.6,74.9
2020-05-21 08:00:00,319,251,197,31.200000000000003,2.9000000000000004,68.57000000000001
2020-05-21 08:30:00,454,395,221,32.0,2.9000000000000004,65.54
2020-05-21 09:00:00,552,426,260,32.7,2.9000000000000004,61.33
2020-05-21 09:30:00,726,780,127,33.300000000000004,2.9000000000000004,59.31
2020-05-21 10:00:00,791,728,179,33.9,2.9000000000000004,56.19
2020-05-21 10:30:00,858,748,185,34.300000000000004,2.9000000000000004,54.96
2020-05-21 11:00:00,593,127,473,34.800000000000004,2.8000000000000003,52.55
2020-05-21 11:30:00,658,165,497,35.1,2.8000000000000003,51.68
2020-05-21 12:00:00,961,770,198,35.4,2.7,50.23
2020-05-21 12:30:00,785,308,480,35.5,2.6,49.9
2020-05-21 13:00:00,799,369,439,35.7,2.5,49.04
2020-05-21 13:30:00,687,229,470,35.7,2.4000000000000004,49.0
2020-05-21 14:00:00,534,107,438,35.6,2.4000000000000004,48.97
2020-05-21 14:30:00,644,309,385,35.4,2.4000000000000004,49.51
2020-05-21 15:00:00,495,171,364,35.2,2.5,49.94
2020-05-21 15:30:00,531,374,276,34.9,2.5,50.77
2020-05-21 16:00:00,447,380,224,34.6,2.5,51.9
2020-05-21 16:30:00,393,528,137,34.1,2.5,53.36
2020-05-21 17:00:00,287,467,112,33.6,2.4000000000000004,56.89
2020-05-21 17:30:00,177,345,87,32.800000000000004,2.2,59.49
2020-05-21 18:00:00,78,178,52,31.9,2.0,68.24
2020-05-22 06:00:00,11,0,11,28.1,1.8,87.84
2020-05-22 06:30:00,84,232,50,28.1,1.8,87.84
2020-05-22 07:00:00,185,409,77,29.200000000000003,2.3000000000000003,80.01
2020-05-22 07:30:00,297,528,97,29.9,2.5,76.93
2020-05-22 08:00:00,410,612,112,30.700000000000003,2.6,70.04
2020-05-22 08:30:00,431,327,237,31.5,2.6,66.94
2020-05-22 09:00:00,521,346,284,32.300000000000004,2.5,60.78
2020-05-22 09:30:00,609,371,324,33.0,2.3000000000000003,58.44
2020-05-22 10:00:00,678,376,362,33.800000000000004,2.2,53.55
2020-05-22 10:30:00,742,403,379,34.300000000000004,2.0,52.09
2020-05-22 11:00:00,826,456,395,34.9,1.8,48.97
2020-05-22 11:30:00,818,405,423,35.300000000000004,1.6,47.91
2020-05-22 12:00:00,826,393,436,35.6,1.3,46.85
2020-05-22 12:30:00,811,365,450,35.7,1.3,46.55
2020-05-22 13:00:00,814,399,424,35.9,1.2000000000000002,45.92
2020-05-22 13:30:00,818,448,395,35.800000000000004,1.3,46.13
2020-05-22 14:00:00,517,94,433,35.800000000000004,1.4,46.26
2020-05-22 14:30:00,497,112,403,35.6,1.5,46.77
2020-05-22 15:00:00,643,476,278,35.4,1.7000000000000002,47.27
2020-05-22 15:30:00,508,320,290,35.2,1.9,47.8
2020-05-22 16:00:00,474,469,199,34.9,2.1,49.1
2020-05-22 16:30:00,284,164,204,34.300000000000004,2.1,50.75
2020-05-22 17:00:00,164,54,144,33.800000000000004,2.2,55.94
2020-05-22 17:30:00,157,262,89,32.9,2.3000000000000003,58.81
2020-05-22 18:00:00,71,163,48,32.0,2.4000000000000004,67.21000000000001
2020-05-23 06:00:00,10,0,10,28.9,1.6,86.56
2020-05-23 06:30:00,64,95,50,28.9,1.6,86.56
2020-05-23 07:00:00,139,160,97,30.0,2.2,78.38
2020-05-23 07:30:00,242,270,140,30.700000000000003,2.3000000000000003,75.32000000000001
2020-05-23 08:00:00,403,555,132,31.3,2.4000000000000004,68.66
2020-05-23 08:30:00,466,433,211,32.0,2.4000000000000004,66.0
2020-05-23 09:00:00,562,469,241,32.7,2.4000000000000004,60.85
2020-05-23 09:30:00,577,304,343,33.2,2.5,59.17
2020-05-23 10:00:00,652,322,381,33.800000000000004,2.6,56.34
2020-05-23 10:30:00,861,771,167,34.300000000000004,2.6,54.8
2020-05-23 11:00:00,743,311,449,34.7,2.7,53.370000000000005
2020-05-23 11:30:00,468,43,426,34.9,2.7,52.78
2020-05-23 12:00:00,169,6,164,35.2,2.7,51.92
2020-05-23 12:30:00,134,0,134,35.2,2.7,51.92
2020-05-23 13:00:00,172,6,166,35.300000000000004,2.7,51.55
2020-05-23 13:30:00,373,24,351,35.1,2.7,52.120000000000005
2020-05-23 14:00:00,705,319,418,35.0,2.7,52.44
2020-05-23 14:30:00,436,66,381,34.800000000000004,2.8000000000000003,52.97
2020-05-23 15:00:00,306,25,287,34.6,2.9000000000000004,53.73
2020-05-23 15:30:00,193,6,189,34.4,2.9000000000000004,54.32
2020-05-23 16:00:00,104,0,104,34.1,2.9000000000000004,55.76
2020-05-23 16:30:00,213,46,191,33.6,2.9000000000000004,57.39
2020-05-23 17:00:00,94,0,94,33.2,2.8000000000000003,60.49
2020-05-23 17:30:00,16,0,16,32.4,2.6,63.26
2020-05-24 06:30:00,52,20,49,28.6,1.4,90.44
2020-05-24 07:00:00,113,60,97,29.6,1.8,83.47
2020-05-24 07:30:00,228,218,146,30.1,1.9,81.11
2020-05-24 08:00:00,302,205,202,30.6,2.0,76.21000000000001
2020-05-24 08:30:00,423,309,241,31.200000000000003,1.9,73.65
2020-05-24 09:00:00,558,456,246,31.8,1.8,68.47
2020-05-24 09:30:00,603,361,326,32.4,1.7000000000000002,66.19
2020-05-24 10:00:00,649,318,382,32.9,1.6,62.2
2020-05-24 10:30:00,758,439,364,33.300000000000004,1.6,60.82
2020-05-24 11:00:00,733,297,452,33.7,1.6,57.81
2020-05-24 11:30:00,788,344,452,33.9,1.6,57.11
2020-05-24 12:00:00,225,11,214,34.1,1.7000000000000002,55.36
2020-05-24 12:30:00,94,0,94,34.1,1.7000000000000002,55.36
2020-05-24 13:00:00,227,11,216,34.1,1.8,54.65
2020-05-24 13:30:00,299,15,284,34.0,1.8,54.95
2020-05-24 14:00:00,540,112,439,33.9,1.9,54.93
2020-05-24 14:30:00,535,151,408,33.7,1.9,55.55
2020-05-24 15:00:00,79,0,79,33.5,1.9,56.01
2020-05-24 15:30:00,43,0,43,33.2,2.0,56.95
2020-05-24 16:00:00,32,0,32,33.0,2.1,58.25
2020-05-24 16:30:00,26,0,26,32.6,2.2,59.57
2020-05-24 17:00:00,42,0,42,32.2,2.3000000000000003,63.48
2020-05-24 17:30:00,17,0,17,31.4,2.2,66.41
2020-05-25 06:30:00,46,0,46,28.1,1.6,95.07
2020-05-25 07:00:00,98,22,93,29.0,1.9,89.72
2020-05-25 07:30:00,260,347,129,29.5,2.1,87.27
2020-05-25 08:00:00,360,387,172,30.1,2.2,79.68
2020-05-25 08:30:00,446,375,225,30.8,2.3000000000000003,76.56
2020-05-25 09:00:00,558,460,244,31.5,2.3000000000000003,67.58
2020-05-25 09:30:00,603,362,326,32.1,2.3000000000000003,65.33
2020-05-25 10:00:00,594,229,402,32.7,2.3000000000000003,60.14
2020-05-25 10:30:00,260,12,249,33.1,2.4000000000000004,58.8
2020-05-25 11:00:00,243,12,232,33.5,2.4000000000000004,56.22
2020-05-25 11:30:00,307,16,291,33.7,2.5,55.6
2020-05-25 12:00:00,392,24,369,34.0,2.6,54.14
2020-05-25 12:30:00,431,31,400,34.0,2.7,54.14
2020-05-25 13:00:00,400,26,374,34.1,2.8000000000000003,53.46
2020-05-25 13:30:00,483,57,429,33.9,2.9000000000000004,54.06
2020-05-25 14:00:00,527,102,435,33.800000000000004,3.0,54.19
2020-05-25 14:30:00,421,58,372,33.6,3.1,54.8
2020-05-25 15:00:00,391,66,340,33.300000000000004,3.1,55.88
2020-05-25 15:30:00,372,95,307,33.0,3.1,56.82
2020-05-25 16:00:00,329,118,259,32.6,3.1,58.8
2020-05-25 16:30:00,316,243,197,32.2,2.9000000000000004,60.14
2020-05-25 17:00:00,167,57,146,31.700000000000003,2.7,64.54
2020-05-25 17:30:00,133,135,98,30.9,2.4000000000000004,67.53
2020-05-25 18:00:00,61,76,50,30.1,2.2,75.79
2020-05-25 18:30:00,10,0,10,29.700000000000003,2.2,77.62
2020-05-26 06:30:00,58,52,50,27.3,1.6,93.99
2020-05-26 07:00:00,131,124,98,27.8,2.2,89.23
2020-05-26 07:30:00,132,9,129,28.200000000000003,2.4000000000000004,87.18
2020-05-26 08:00:00,43,0,43,28.700000000000003,2.6,80.34
2020-05-26 08:30:00,30,0,30,29.5,2.5,76.8
2020-05-26 09:00:00,52,0,52,30.3,2.5,69.89
2020-05-26 09:30:00,96,0,96,31.0,2.6,67.16
2020-05-26 10:00:00,80,0,80,31.700000000000003,2.7,63.14
2020-05-26 10:30:00,202,8,195,32.2,2.9000000000000004,61.38
2020-05-26 11:00:00,339,19,321,32.7,3.0,59.1
2020-05-26 11:30:00,459,41,419,33.0,3.1,58.11
2020-05-26 12:00:00,485,47,439,33.300000000000004,3.2,56.67
2020-05-26 12:30:00,554,78,477,33.4,3.2,56.3
2020-05-26 13:00:00,587,106,484,33.5,3.1,55.57
2020-05-26 13:30:00,626,161,474,33.5,3.0,55.51
2020-05-26 14:00:00,596,168,445,33.4,3.0,55.63
2020-05-26 14:30:00,609,251,398,33.300000000000004,2.9000000000000004,55.94
2020-05-26 15:00:00,625,425,299,33.1,2.7,56.620000000000005
2020-05-26 15:30:00,514,334,286,32.800000000000004,2.6,57.58
2020-05-26 16:00:00,424,312,240,32.5,2.5,59.17
2020-05-26 16:30:00,267,127,205,32.0,2.2,60.92
2020-05-26 17:00:00,117,0,117,31.6,2.0,65.34
2020-05-26 17:30:00,70,0,70,30.9,1.7000000000000002,67.99
2020-05-26 18:00:00,33,0,33,30.1,1.4,78.4
2020-05-27 06:30:00,26,0,26,27.200000000000003,1.3,93.62
2020-05-27 07:00:00,60,0,60,28.200000000000003,2.0,86.33
2020-05-27 07:30:00,226,212,146,28.9,2.2,82.9
2020-05-27 08:00:00,270,133,205,29.700000000000003,2.5,74.97
2020-05-27 08:30:00,421,306,241,30.6,2.7,71.21000000000001
2020-05-27 09:00:00,630,756,114,31.4,2.8000000000000003,64.65
2020-05-27 09:30:00,577,309,340,32.1,2.8000000000000003,62.09
2020-05-27 10:00:00,806,812,125,32.800000000000004,2.8000000000000003,57.84
2020-05-27 10:30:00,874,829,129,33.4,2.8000000000000003,55.94
2020-05-27 11:00:00,926,841,132,33.9,2.8000000000000003,52.81
2020-05-27 11:30:00,961,849,134,34.4,2.7,51.370000000000005
2020-05-27 12:00:00,898,478,425,34.800000000000004,2.7,49.1
2020-05-27 12:30:00,978,853,134,35.1,2.7,48.25
2020-05-27 13:00:00,970,883,110,35.5,2.6,46.6
2020-05-27 13:30:00,935,876,108,35.6,2.6,46.34
2020-05-27 14:00:00,883,865,107,35.7,2.6,45.65
2020-05-27 14:30:00,816,849,103,35.7,2.6,45.65
2020-05-27 15:00:00,670,540,256,35.6,2.6,45.71
2020-05-27 15:30:00,511,326,288,35.300000000000004,2.6,46.47
2020-05-27 16:00:00,442,362,229,35.0,2.7,47.56
2020-05-27 16:30:00,343,326,184,34.4,2.6,49.16
2020-05-27 17:00:00,252,308,135,33.9,2.5,52.84
2020-05-27 17:30:00,166,295,87,32.800000000000004,2.3000000000000003,56.19
2020-05-27 18:00:00,80,215,48,31.700000000000003,2.0,66.68
2020-05-27 18:30:00,13,0,13,31.1,2.2,69.05
2020-05-28 06:30:00,82,244,46,27.4,1.5,88.41
2020-05-28 07:00:00,171,335,83,29.200000000000003,2.2,76.21000000000001
2020-05-28 07:30:00,218,185,148,30.200000000000003,2.3000000000000003,71.97
2020-05-28 08:00:00,309,227,199,31.200000000000003,2.5,63.07
2020-05-28 08:30:00,481,499,187,32.1,2.5,59.94
2020-05-28 09:00:00,641,801,94,33.1,2.5,53.120000000000005
2020-05-28 09:30:00,734,830,99,33.9,2.7,50.81
2020-05-28 10:00:00,654,332,376,34.7,2.8000000000000003,47.09
2020-05-28 10:30:00,795,496,350,35.300000000000004,2.9000000000000004,45.56
2020-05-28 11:00:00,829,466,390,36.0,3.0,43.4
2020-05-28 11:30:00,833,429,416,36.4,3.0,42.42
2020-05-28 12:00:00,889,465,429,36.8,3.0,41.5
2020-05-28 12:30:00,862,437,430,37.0,3.1,41.01
2020-05-28 13:00:00,807,393,424,37.2,3.1,40.57
2020-05-28 13:30:00,921,818,150,37.1,3.1,40.79
2020-05-28 14:00:00,867,795,153,37.0,3.1,41.12
2020-05-28 14:30:00,799,776,148,36.7,3.0,41.8
2020-05-28 15:00:00,716,741,148,36.3,3.0,43.18
2020-05-28 15:30:00,623,706,140,35.800000000000004,3.0,44.38
2020-05-28 16:00:00,518,640,140,35.300000000000004,3.0,46.44
2020-05-28 16:30:00,283,158,206,34.6,2.8000000000000003,48.27
2020-05-28 17:00:00,276,414,119,34.0,2.7,52.29
2020-05-28 17:30:00,137,145,99,32.9,2.4000000000000004,55.59
2020-05-28 18:00:00,64,84,51,31.8,2.1,65.61
2020-05-28 18:30:00,11,0,11,31.3,2.1,67.55
2020-05-29 06:30:00,14,0,14,27.3,1.1,90.37
2020-05-29 07:00:00,27,0,27,28.4,1.5,82.01
2020-05-29 07:30:00,218,187,148,29.0,1.6,79.22
2020-05-29 08:00:00,345,338,181,29.700000000000003,1.8,71.48
2020-05-29 08:30:00,470,454,203,30.4,1.9,68.67
2020-05-29 09:00:00,531,379,272,31.1,2.0,63.76
2020-05-29 09:30:00,546,253,352,31.8,2.0,61.29
2020-05-29 10:00:00,499,116,402,32.5,2.1,57.77
2020-05-29 10:30:00,639,223,439,33.2,2.1,55.49
2020-05-29 11:00:00,752,330,441,33.800000000000004,2.2,52.89
2020-05-29 11:30:00,812,403,419,34.300000000000004,2.3000000000000003,51.39
2020-05-29 12:00:00,853,431,428,34.7,2.4000000000000004,49.93
2020-05-29 12:30:00,738,248,493,34.800000000000004,2.5,49.65
2020-05-29 13:00:00,776,316,468,35.0,2.6,48.88
2020-05-29 13:30:00,819,453,392,34.9,2.8000000000000003,49.15
2020-05-29 14:00:00,726,369,395,34.800000000000004,3.0,49.22
2020-05-29 14:30:00,808,818,122,34.5,3.2,50.04
2020-05-29 15:00:00,727,792,119,34.1,3.5,51.4
2020-05-29 15:30:00,623,662,170,33.7,3.6,52.55
2020-05-29 16:00:00,507,595,155,33.2,3.7,55.46
2020-05-29 16:30:00,397,534,136,32.6,3.7,57.35
2020-05-29 17:00:00,306,574,88,31.9,3.7,63.34
2020-05-29 17:30:00,194,461,71,31.0,3.3000000000000003,66.64
2020-05-29 18:00:00,91,288,47,30.1,3.0,76.17
2020-05-29 18:30:00,16,52,14,29.6,3.0,78.46000000000001
2020-05-30 06:30:00,39,0,39,26.5,1.3,92.4
2020-05-30 07:00:00,83,0,83,27.6,1.8,83.38
2020-05-30 07:30:00,168,59,146,28.4,1.9,79.60000000000001
2020-05-30 08:00:00,244,87,201,29.200000000000003,2.1,70.13
2020-05-30 08:30:00,344,144,259,30.1,2.1,66.67
2020-05-30 09:00:00,335,63,292,31.0,2.2,59.31
2020-05-30 09:30:00,476,149,362,31.8,2.1,56.63
2020-05-30 10:00:00,541,162,406,32.6,2.1,52.29
2020-05-30 10:30:00,574,147,442,33.2,2.1,50.56
2020-05-30 11:00:00,571,113,465,33.9,2.1,47.64
2020-05-30 11:30:00,742,274,475,34.4,2.2,46.34
2020-05-30 12:00:00,767,289,481,34.9,2.3000000000000003,44.75
2020-05-30 12:30:00,719,224,497,35.300000000000004,2.4000000000000004,43.73
2020-05-30 13:00:00,717,239,485,35.6,2.5,42.99
2020-05-30 13:30:00,691,239,465,35.800000000000004,2.6,42.47
2020-05-30 14:00:00,664,258,433,35.9,2.8000000000000003,42.42
2020-05-30 14:30:00,609,252,398,35.800000000000004,3.0,42.61
2020-05-30 15:00:00,730,799,116,35.7,3.1,43.02
2020-05-30 15:30:00,636,769,110,35.2,3.3000000000000003,44.21
2020-05-30 16:00:00,533,724,104,34.800000000000004,3.5,45.7
2020-05-30 16:30:00,423,670,95,34.1,3.6,47.5
2020-05-30 17:00:00,309,589,85,33.4,3.6,51.35
2020-05-30 17:30:00,196,477,69,32.2,3.4000000000000004,54.92
2020-05-30 18:00:00,93,304,47,31.1,3.2,63.5
2020-05-30 18:30:00,16,63,14,30.4,3.3000000000000003,66.15
2020-05-31 06:00:00,11,0,11,27.200000000000003,1.3,94.42
2020-05-31 06:30:00,66,104,50,27.200000000000003,1.3,94.42
2020-05-31 07:00:00,141,172,96,28.3,1.6,85.76
2020-05-31 07:30:00,262,361,126,29.0,1.7000000000000002,82.36
2020-05-31 08:00:00,376,453,156,29.700000000000003,1.8,74.37
2020-05-31 08:30:00,417,302,240,30.5,1.8,71.05
2020-05-31 09:00:00,502,313,289,31.3,1.7000000000000002,64.66
2020-05-31 09:30:00,615,402,308,32.1,1.7000000000000002,61.81
2020-05-31 10:00:00,664,348,373,32.800000000000004,1.6,57.88
2020-05-31 10:30:00,820,551,326,33.4,1.6,55.98
2020-05-31 11:00:00,923,836,136,34.0,1.6,53.08
2020-05-31 11:30:00,958,844,138,34.4,1.6,51.91
2020-05-31 12:00:00,975,845,141,34.800000000000004,1.6,50.13
2020-05-31 12:30:00,975,845,140,35.0,1.7000000000000002,49.58
2020-05-31 13:00:00,960,849,134,35.2,1.7000000000000002,48.74
2020-05-31 13:30:00,681,227,467,35.1,1.8,49.01
2020-05-31 14:00:00,873,824,133,35.1,1.9,48.7
2020-05-31 14:30:00,324,22,305,34.9,2.0,49.19
2020-05-31 15:00:00,260,14,249,34.800000000000004,2.0,49.05
2020-05-31 15:30:00,568,493,231,34.4,2.1,50.14
2020-05-31 16:00:00,32,0,32,34.0,2.2,51.73
2020-05-31 16:30:00,45,0,45,33.5,2.3000000000000003,53.19
2020-05-31 17:00:00,64,0,64,33.0,2.3000000000000003,57.68
2020-05-31 17:30:00,33,0,33,32.0,2.3000000000000003,61.07
2020-05-31 18:00:00,18,0,18,31.1,2.3000000000000003,70.71000000000001
2020-06-01 06:00:00,11,0,11,27.700000000000003,1.4,91.66
2020-06-01 06:30:00,66,110,50,27.700000000000003,1.4,91.66
2020-06-01 07:00:00,143,179,96,28.4,1.7000000000000002,86.15
2020-06-01 07:30:00,211,167,148,28.9,1.8,83.7
2020-06-01 08:00:00,244,88,201,29.4,1.9,78.59
2020-06-01 08:30:00,432,343,231,30.0,1.9,75.93
2020-06-01 09:00:00,503,316,288,30.6,1.9,71.15
2020-06-01 09:30:00,719,778,125,31.200000000000003,1.8,68.77
2020-06-01 10:00:00,692,435,328,31.700000000000003,1.8,64.84
2020-06-01 10:30:00,670,271,427,32.1,1.7000000000000002,63.39
2020-06-01 11:00:00,738,314,443,32.5,1.6,59.94
2020-06-01 11:30:00,805,396,421,32.800000000000004,1.5,58.88
2020-06-01 12:00:00,869,447,428,33.0,1.5,56.69
2020-06-01 12:30:00,967,821,156,33.2,1.4,56.06
2020-06-01 13:00:00,959,849,133,33.300000000000004,1.3,54.58
2020-06-01 13:30:00,924,841,131,33.300000000000004,1.3,54.58
2020-06-01 14:00:00,874,830,128,33.4,1.2000000000000002,53.42
2020-06-01 14:30:00,650,323,379,33.300000000000004,1.1,53.72
2020-06-01 15:00:00,727,792,119,33.2,1.1,53.43
2020-06-01 15:30:00,340,65,296,33.0,1.1,54.03
2020-06-01 16:00:00,412,278,248,32.7,1.1,55.47
2020-06-01 16:30:00,291,172,206,32.4,1.1,56.41
2020-06-01 17:00:00,152,31,141,32.0,1.1,61.16
2020-06-01 17:30:00,72,0,72,31.3,1.2000000000000002,63.63
2020-06-01 18:00:00,35,0,35,30.6,1.2000000000000002,73.24
2020-06-02 07:30:00,57,0,57,28.8,3.0,87.35000000000001
2020-06-02 08:00:00,118,0,118,29.200000000000003,3.3000000000000003,82.13
2020-06-02 08:30:00,322,111,256,29.8,3.4000000000000004,79.35000000000001
2020-06-02 09:00:00,521,359,277,30.3,3.5,73.06
2020-06-02 09:30:00,508,195,359,30.8,3.5,71.01
2020-06-02 10:00:00,640,313,379,31.200000000000003,3.5,66.85
2020-06-02 10:30:00,678,286,423,31.6,3.3000000000000003,65.36
2020-06-02 11:00:00,717,281,453,31.9,3.2,62.79
2020-06-02 11:30:00,747,284,471,32.0,3.1,62.43
2020-06-02 12:00:00,818,391,432,32.2,2.9000000000000004,60.91
2020-06-02 12:30:00,843,423,426,32.1,2.8000000000000003,61.2
2020-06-02 13:00:00,734,263,478,32.0,2.6,61.21
2020-06-02 13:30:00,681,227,467,31.9,2.5,61.55
2020-06-02 14:00:00,653,242,436,31.700000000000003,2.4000000000000004,62.26
2020-06-02 14:30:00,618,267,394,31.5,2.3000000000000003,62.97
2020-06-02 15:00:00,523,212,361,31.3,2.2,64.13
2020-06-02 15:30:00,473,242,307,31.1,2.3000000000000003,64.87
2020-06-02 16:00:00,484,498,189,30.8,2.3000000000000003,66.94
2020-06-02 16:30:00,388,480,152,30.5,2.2,68.09
2020-06-02 17:00:00,304,537,98,30.1,2.2,72.25
2020-06-02 17:30:00,193,424,78,29.5,2.0,74.77
2020-06-02 18:00:00,92,271,50,28.9,1.8,82.51
2020-06-02 18:30:00,17,53,15,28.5,1.8,84.43
2020-06-03 06:00:00,10,0,10,26.8,1.4,95.01
2020-06-03 06:30:00,70,143,49,26.8,1.4,95.01
2020-06-03 07:00:00,153,235,91,27.700000000000003,1.7000000000000002,89.9
2020-06-03 07:30:00,248,305,134,28.200000000000003,1.8,87.33
2020-06-03 08:00:00,365,416,164,28.700000000000003,1.9,82.05
2020-06-03 08:30:00,485,531,174,29.3,1.9,79.26
2020-06-03 09:00:00,500,310,289,29.8,2.0,74.67
2020-06-03 09:30:00,719,784,121,30.200000000000003,2.0,72.98
2020-06-03 10:00:00,799,804,128,30.6,2.0,70.12
2020-06-03 10:30:00,866,821,132,31.0,2.0,68.54
2020-06-03 11:00:00,916,827,139,31.3,2.0,66.66
2020-06-03 11:30:00,952,835,141,31.5,2.0,65.91
2020-06-03 12:00:00,827,406,427,31.700000000000003,2.1,64.56
2020-06-03 12:30:00,899,485,420,31.8,2.1,64.19
2020-06-03 13:00:00,767,312,464,31.9,2.2,63.39
2020-06-03 13:30:00,410,32,380,31.9,2.2,63.39
2020-06-03 14:00:00,619,196,443,31.8,2.2,63.55
2020-06-03 14:30:00,584,214,404,31.700000000000003,2.2,63.91
2020-06-03 15:00:00,302,24,283,31.5,2.2,64.88
2020-06-03 15:30:00,185,5,182,31.200000000000003,2.3000000000000003,65.99
2020-06-03 16:00:00,271,50,241,30.9,2.3000000000000003,68.60000000000001
2020-06-03 16:30:00,330,273,195,30.4,2.3000000000000003,70.58
2020-06-03 17:00:00,270,369,128,29.9,2.4000000000000004,75.77
2020-06-03 17:30:00,155,214,97,29.3,2.3000000000000003,78.42
2020-06-03 18:00:00,75,142,53,28.6,2.2,85.38
2020-06-03 18:30:00,15,0,15,28.3,2.3000000000000003,86.87
2020-06-04 06:30:00,53,27,49,26.5,1.4,93.82
2020-06-04 07:00:00,114,67,97,27.3,1.8,88.73
2020-06-04 07:30:00,257,345,127,27.8,1.9,86.19
2020-06-04 08:00:00,366,423,162,28.4,2.0,80.37
2020-06-04 08:30:00,462,438,206,29.1,2.0,77.18
2020-06-04 09:00:00,376,103,306,29.8,2.0,71.16
2020-06-04 09:30:00,720,789,118,30.4,2.0,68.76
2020-06-04 10:00:00,687,427,331,31.0,1.9,64.4
2020-06-04 10:30:00,716,355,399,31.6,1.8,62.25
2020-06-04 11:00:00,701,258,458,32.1,1.7000000000000002,58.98
2020-06-04 11:30:00,825,425,412,32.5,1.6,57.67
2020-06-04 12:00:00,841,422,425,32.9,1.6,55.19
2020-06-04 12:30:00,816,389,432,33.0,1.7000000000000002,54.83
2020-06-04 13:00:00,737,267,477,33.1,1.8,54.02
2020-06-04 13:30:00,789,417,396,33.0,2.0,54.27
2020-06-04 14:00:00,668,264,431,32.9,2.2,54.620000000000005
2020-06-04 14:30:00,630,287,389,32.6,2.4000000000000004,55.55
2020-06-04 15:00:00,682,565,247,32.300000000000004,2.6,57.04
2020-06-04 15:30:00,43,0,43,31.9,2.7,58.34
2020-06-04 16:00:00,32,0,32,31.4,2.8000000000000003,61.64
2020-06-04 16:30:00,54,0,54,30.8,2.8000000000000003,63.77
2020-06-04 17:00:00,16,0,16,30.3,2.7,68.78
2020-06-04 17:30:00,12,0,12,29.6,2.5,71.59
2020-06-05 06:00:00,13,0,13,26.6,1.7000000000000002,94.69
2020-06-05 06:30:00,81,244,46,26.6,1.7000000000000002,94.69
2020-06-05 07:00:00,154,244,90,27.4,2.1,89.65
2020-06-05 07:30:00,258,350,127,27.9,2.3000000000000003,87.17
2020-06-05 08:00:00,371,444,157,28.3,2.6,82.91
2020-06-05 08:30:00,452,407,214,29.0,2.7,79.62
2020-06-05 09:00:00,549,447,246,29.700000000000003,2.9000000000000004,74.21000000000001
2020-06-05 09:30:00,592,350,325,30.4,3.0,71.3
2020-06-05 10:00:00,638,312,378,31.1,3.0,66.98
2020-06-05 10:30:00,553,129,438,31.6,3.1,65.11
2020-06-05 11:00:00,795,432,389,32.1,3.1,62.71
2020-06-05 11:30:00,742,278,472,32.4,3.1,61.66
2020-06-05 12:00:00,596,107,490,32.6,3.1,60.78
2020-06-05 12:30:00,116,0,116,32.6,3.1,60.72
2020-06-05 13:00:00,149,3,146,32.6,3.1,60.67
2020-06-05 13:30:00,109,0,109,32.6,3.0,60.67
2020-06-05 14:00:00,84,0,84,32.5,3.0,60.98
2020-06-05 14:30:00,102,0,102,32.300000000000004,2.9000000000000004,61.67
2020-06-05 15:00:00,55,0,55,32.2,2.9000000000000004,62.25
2020-06-05 15:30:00,171,3,169,32.0,2.9000000000000004,62.96
2020-06-05 16:00:00,32,0,32,31.700000000000003,2.9000000000000004,64.59
2020-06-05 16:30:00,270,124,208,31.200000000000003,2.8000000000000003,66.44
2020-06-05 17:00:00,125,1,124,30.8,2.8000000000000003,70.51
2020-06-05 17:30:00,78,0,78,30.0,2.6,73.87
2020-06-05 18:00:00,38,0,38,29.200000000000003,2.4000000000000004,81.33
2020-06-06 06:00:00,10,0,10,26.700000000000003,2.0,94.04
2020-06-06 06:30:00,65,101,50,26.700000000000003,2.0,94.04
2020-06-06 07:00:00,139,168,95,27.9,2.6,88.24
2020-06-06 07:30:00,247,304,133,28.5,3.0,85.22
2020-06-06 08:00:00,315,252,193,29.200000000000003,3.3000000000000003,79.33
2020-06-06 08:30:00,411,293,240,29.8,3.6,76.64
2020-06-06 09:00:00,522,366,273,30.5,3.9,70.93
2020-06-06 09:30:00,563,294,340,30.9,3.9,69.34
2020-06-06 10:00:00,796,795,133,31.3,4.0,66.99
2020-06-06 10:30:00,863,812,138,31.5,4.0,66.24
2020-06-06 11:00:00,915,827,139,31.700000000000003,4.0,65.28
2020-06-06 11:30:00,951,835,141,31.8,4.0,64.91
2020-06-06 12:00:00,819,396,429,31.8,4.0,64.92
2020-06-06 12:30:00,834,415,425,31.8,3.9,64.86
2020-06-06 13:00:00,776,325,460,31.8,3.9,65.01
2020-06-06 13:30:00,907,777,175,31.6,3.9,65.75
2020-06-06 14:00:00,764,451,359,31.5,3.9,66.52
2020-06-06 14:30:00,617,265,395,31.3,3.9,67.28
2020-06-06 15:00:00,563,278,349,31.1,3.9,68.98
2020-06-06 15:30:00,623,691,147,30.700000000000003,3.9,70.57000000000001
2020-06-06 16:00:00,524,657,133,30.4,3.8,73.48
2020-06-06 16:30:00,416,598,120,30.1,3.7,74.82000000000001
2020-06-06 17:00:00,307,535,100,29.700000000000003,3.5,79.16
2020-06-06 17:30:00,133,109,103,29.3,3.3000000000000003,81.0
2020-06-06 18:00:00,96,278,52,28.8,3.1,85.62
2020-06-06 18:30:00,19,57,17,28.6,3.1,86.61
2020-06-07 06:30:00,56,49,49,26.9,1.7000000000000002,96.23
2020-06-07 07:00:00,122,97,97,27.8,2.5,91.47
2020-06-07 07:30:00,268,402,118,28.3,2.8000000000000003,88.85000000000001
2020-06-07 08:00:00,345,352,176,28.700000000000003,3.0,84.88
2020-06-07 08:30:00,403,274,243,29.3,3.2,82.0
2020-06-07 09:00:00,489,291,292,29.8,3.4000000000000004,77.91
2020-06-07 09:30:00,514,208,356,30.200000000000003,3.4000000000000004,76.15
2020-06-07 10:00:00,609,262,390,30.6,3.5,73.06
2020-06-07 10:30:00,667,272,425,30.9,3.5,71.83
2020-06-07 11:00:00,736,316,440,31.3,3.5,69.18
2020-06-07 11:30:00,780,346,445,31.4,3.5,68.79
2020-06-07 12:00:00,745,264,486,31.6,3.6,66.93
2020-06-07 12:30:00,734,247,491,31.6,3.6,66.93
2020-06-07 13:00:00,741,275,474,31.700000000000003,3.6,65.84
2020-06-07 13:30:00,761,359,423,31.6,3.6,66.15
2020-06-07 14:00:00,730,383,386,31.6,3.6,65.78
2020-06-07 14:30:00,679,387,353,31.4,3.5,66.53
2020-06-07 15:00:00,583,316,340,31.3,3.4000000000000004,66.95
2020-06-07 15:30:00,584,534,217,31.1,3.3000000000000003,67.71000000000001
2020-06-07 16:00:00,416,281,249,30.9,3.2,69.31
2020-06-07 16:30:00,253,93,207,30.5,3.0,70.98
2020-06-07 17:00:00,119,0,119,30.1,2.8000000000000003,75.48
2020-06-07 18:00:00,57,21,54,28.8,2.3000000000000003,84.97
2020-06-08 06:00:00,11,0,11,26.9,2.3000000000000003,90.98
2020-06-08 06:30:00,71,154,48,26.9,2.3000000000000003,90.98
2020-06-08 07:00:00,151,232,91,27.9,2.9000000000000004,86.55
2020-06-08 07:30:00,255,342,127,28.5,3.3000000000000003,83.68
2020-06-08 08:00:00,289,185,200,29.1,3.7,79.44
2020-06-08 08:30:00,420,318,234,29.700000000000003,4.0,76.75
2020-06-08 09:00:00,453,220,304,30.3,4.2,71.36
2020-06-08 09:30:00,482,162,358,30.8,4.3,69.36
2020-06-08 10:00:00,566,199,400,31.3,4.3,66.02
2020-06-08 10:30:00,536,115,434,31.6,4.3,64.91
2020-06-08 11:00:00,651,196,467,31.9,4.2,63.54
2020-06-08 11:30:00,759,306,463,32.1,4.2,62.77
2020-06-08 12:00:00,746,265,485,32.2,4.1000000000000005,62.76
2020-06-08 12:30:00,866,445,427,32.2,4.0,62.7
2020-06-08 13:00:00,771,311,468,32.300000000000004,4.0,63.08
2020-06-08 13:30:00,726,292,451,32.2,3.9,63.43
2020-06-08 14:00:00,739,405,375,32.0,3.8,64.93
2020-06-08 14:30:00,631,287,390,31.8,3.8,65.66
2020-06-08 15:00:00,598,347,331,31.5,3.7,67.85
2020-06-08 15:30:00,635,752,117,31.200000000000003,3.6,69.01
2020-06-08 16:00:00,533,709,110,30.8,3.6,72.4
2020-06-08 16:30:00,425,655,101,30.4,3.4000000000000004,74.06
2020-06-08 17:00:00,295,475,111,29.9,3.2,79.23
2020-06-08 17:30:00,202,468,73,29.3,2.8000000000000003,82.09
2020-06-08 18:00:00,99,308,50,28.700000000000003,2.5,88.25
2020-06-08 18:30:00,21,70,18,28.4,2.5,89.79
2020-06-09 06:00:00,10,0,10,27.200000000000003,2.3000000000000003,95.46
2020-06-09 06:30:00,88,318,42,27.200000000000003,2.3000000000000003,95.46
2020-06-09 07:00:00,190,485,64,28.3,2.8000000000000003,90.72
2020-06-09 07:30:00,301,597,79,28.8,3.0,88.13
2020-06-09 08:00:00,374,465,151,29.4,3.2,82.73
2020-06-09 08:30:00,365,191,254,29.9,3.2,80.39
2020-06-09 09:00:00,525,379,268,30.4,3.3000000000000003,75.19
2020-06-09 09:30:00,604,380,316,30.700000000000003,3.3000000000000003,73.92
2020-06-09 10:00:00,663,362,362,31.0,3.4000000000000004,71.14
2020-06-09 10:30:00,719,372,387,31.3,3.5,69.94
2020-06-09 11:00:00,749,339,431,31.700000000000003,3.6,67.6
2020-06-09 11:30:00,783,356,438,31.9,3.7,66.84
2020-06-09 12:00:00,748,269,484,32.2,3.8,64.87
2020-06-09 12:30:00,809,378,436,32.300000000000004,3.8,64.51
2020-06-09 13:00:00,758,300,466,32.4,3.9,63.690000000000005
2020-06-09 13:30:00,686,234,465,32.300000000000004,3.9,63.98
2020-06-09 14:00:00,671,269,429,32.300000000000004,3.9,63.72
2020-06-09 14:30:00,445,72,384,32.1,3.9,64.44
2020-06-09 15:00:00,483,153,365,31.9,3.9,65.27
2020-06-09 15:30:00,628,712,137,31.6,3.9,66.38
2020-06-09 16:00:00,377,192,262,31.200000000000003,3.9,68.53
2020-06-09 16:30:00,298,179,209,30.8,3.7,70.11
2020-06-09 17:00:00,285,424,120,30.3,3.5,73.82000000000001
2020-06-09 17:30:00,192,406,79,29.700000000000003,3.1,76.47
2020-06-09 18:00:00,98,273,54,29.0,2.6,82.7
2020-06-09 18:30:00,20,54,18,28.700000000000003,2.5,84.14
2020-06-10 06:00:00,14,67,12,26.9,1.4,94.38
2020-06-10 06:30:00,74,187,47,26.9,1.4,94.38
2020-06-10 07:00:00,191,502,61,28.0,2.1,88.56
2020-06-10 07:30:00,302,612,75,28.6,2.4000000000000004,85.53
2020-06-10 08:00:00,333,313,182,29.200000000000003,2.8000000000000003,80.60000000000001
2020-06-10 08:30:00,406,286,240,29.8,2.9000000000000004,77.79
2020-06-10 09:00:00,488,292,290,30.3,3.0,74.06
2020-06-10 09:30:00,586,346,324,30.8,3.1,71.98
2020-06-10 10:00:00,670,388,347,31.200000000000003,3.2,69.97
2020-06-10 10:30:00,711,349,400,31.5,3.2,68.79
2020-06-10 11:00:00,780,414,392,31.9,3.2,67.17
2020-06-10 11:30:00,766,318,458,32.2,3.2,66.04
2020-06-10 12:00:00,791,340,456,32.5,3.2,64.81
2020-06-10 12:30:00,784,317,472,32.800000000000004,3.2,63.73
2020-06-10 13:00:00,794,377,429,33.1,3.2,62.32
2020-06-10 13:30:00,763,365,419,33.2,3.2,61.97
2020-06-10 14:00:00,715,338,411,33.300000000000004,3.2,61.22
2020-06-10 14:30:00,805,804,128,33.0,3.2,62.190000000000005
2020-06-10 15:00:00,597,344,332,32.800000000000004,3.1,63.03
2020-06-10 15:30:00,541,388,273,32.300000000000004,3.1,64.82000000000001
2020-06-10 16:00:00,472,433,213,31.9,3.0,67.55
2020-06-10 16:30:00,356,345,185,31.3,2.9000000000000004,69.87
2020-06-10 17:00:00,216,155,156,30.700000000000003,2.7,74.63
2020-06-10 17:30:00,200,428,81,30.0,2.5,77.67
2020-06-10 18:00:00,63,45,56,29.3,2.2,84.12
2020-06-10 18:30:00,20,46,18,29.0,2.2,85.59
2020-06-11 06:00:00,14,68,12,26.8,1.1,92.95
2020-06-11 06:30:00,87,322,41,26.8,1.1,92.95
2020-06-11 07:00:00,189,492,62,27.9,1.6,85.44
2020-06-11 07:30:00,300,602,76,28.4,1.8,83.0
2020-06-11 08:00:00,411,670,90,29.0,2.0,78.13
2020-06-11 08:30:00,520,725,99,29.5,2.2,75.92
2020-06-11 09:00:00,620,755,111,30.0,2.3000000000000003,72.83
2020-06-11 09:30:00,713,786,117,30.4,2.5,71.19
2020-06-11 10:00:00,781,748,160,30.8,2.6,68.99
2020-06-11 10:30:00,848,768,165,31.1,2.7,67.82000000000001
2020-06-11 11:00:00,899,778,171,31.4,2.8000000000000003,66.09
2020-06-11 11:30:00,633,150,487,31.6,2.8000000000000003,65.28
2020-06-11 12:00:00,676,181,498,31.8,2.9000000000000004,64.02
2020-06-11 12:30:00,738,254,488,31.8,2.9000000000000004,64.02
2020-06-11 13:00:00,780,342,448,31.9,2.9000000000000004,63.29
2020-06-11 13:30:00,769,379,411,31.9,3.0,63.29
2020-06-11 14:00:00,768,456,358,31.8,3.0,63.55
2020-06-11 14:30:00,663,346,372,31.8,3.0,63.49
2020-06-11 15:00:00,597,342,333,31.700000000000003,3.0,63.92
2020-06-11 15:30:00,543,392,272,31.5,3.0,64.64
2020-06-11 16:00:00,506,570,165,31.4,3.0,65.44
2020-06-11 16:30:00,421,605,119,31.0,2.8000000000000003,66.94
2020-06-11 17:00:00,279,387,128,30.700000000000003,2.6,69.88
2020-06-11 17:30:00,136,110,105,30.0,2.3000000000000003,72.73
2020-06-11 18:00:00,66,60,57,29.4,2.0,78.99
2020-06-11 18:30:00,16,0,16,29.1,2.0,80.45
2020-06-12 06:00:00,13,42,12,27.200000000000003,1.4,91.55
2020-06-12 06:30:00,85,273,46,27.200000000000003,1.4,91.55
2020-06-12 07:00:00,186,467,66,28.6,1.8,82.36
2020-06-12 07:30:00,297,579,82,29.3,2.1,79.10000000000001
2020-06-12 08:00:00,408,655,95,30.0,2.4000000000000004,74.73
2020-06-12 08:30:00,459,443,202,30.4,2.7,73.04
2020-06-12 09:00:00,515,359,273,30.9,2.9000000000000004,70.10000000000001
2020-06-12 09:30:00,633,481,269,31.1,3.1,69.31
2020-06-12 10:00:00,725,513,299,31.4,3.2,67.28
2020-06-12 10:30:00,757,456,351,31.8,3.1,65.78
2020-06-12 11:00:00,819,465,384,32.2,3.0,63.120000000000005
2020-06-12 11:30:00,853,457,410,32.5,2.9000000000000004,62.07
2020-06-12 12:00:00,844,428,424,32.800000000000004,2.7,59.47
2020-06-12 12:30:00,865,445,427,33.1,2.5,58.48
2020-06-12 13:00:00,846,443,415,33.300000000000004,2.3000000000000003,56.39
2020-06-12 13:30:00,829,465,390,33.5,2.1,55.77
2020-06-12 14:00:00,657,246,435,33.6,1.9,54.57
2020-06-12 14:30:00,567,189,408,33.6,1.8,54.57
2020-06-12 15:00:00,732,804,111,33.6,1.6,54.34
2020-06-12 15:30:00,549,403,271,33.5,1.6,54.64
2020-06-12 16:00:00,491,504,188,33.300000000000004,1.5,55.83
2020-06-12 16:30:00,416,586,123,33.0,1.5,56.78
2020-06-12 17:00:00,318,581,90,32.6,1.4,60.33
2020-06-12 17:30:00,165,239,98,31.700000000000003,1.4,63.52
2020-06-12 18:00:00,83,167,56,30.8,1.3,74.92
2020-06-12 18:30:00,20,0,20,30.200000000000003,1.5,77.53
2020-06-13 06:30:00,69,147,48,27.1,2.4000000000000004,89.99
2020-06-13 07:00:00,151,242,89,28.0,2.8000000000000003,84.63
2020-06-13 07:30:00,267,411,115,28.6,3.0,81.74
2020-06-13 08:00:00,407,657,93,29.200000000000003,3.2,77.89
2020-06-13 08:30:00,473,504,180,29.8,3.2,75.25
2020-06-13 09:00:00,570,536,208,30.4,3.2,71.37
2020-06-13 09:30:00,639,496,263,31.0,3.1,68.97
2020-06-13 10:00:00,699,466,312,31.6,3.0,64.91
2020-06-13 10:30:00,724,393,375,32.1,2.8000000000000003,63.1
2020-06-13 11:00:00,742,324,439,32.6,2.6,59.58
2020-06-13 11:30:00,790,376,426,32.9,2.5,58.59
2020-06-13 12:00:00,889,477,420,33.300000000000004,2.4000000000000004,55.96
2020-06-13 12:30:00,910,512,405,33.6,2.5,54.98
2020-06-13 13:00:00,946,813,156,33.9,2.5,53.21
2020-06-13 13:30:00,914,806,154,34.0,2.5,52.92
2020-06-13 14:00:00,866,798,148,34.2,2.5,51.92
2020-06-13 14:30:00,802,780,144,34.2,2.4000000000000004,51.92
2020-06-13 15:00:00,623,406,309,34.2,2.4000000000000004,51.94
2020-06-13 15:30:00,604,581,202,34.0,2.3000000000000003,52.52
2020-06-13 16:00:00,488,489,194,33.800000000000004,2.3000000000000003,54.23
2020-06-13 16:30:00,397,484,155,33.300000000000004,2.1,55.77
2020-06-13 17:00:00,299,475,112,32.7,1.9,61.52
2020-06-13 17:30:00,203,441,80,31.8,1.9,64.72
2020-06-13 18:00:00,101,276,55,30.9,1.8,71.94
2020-06-13 18:30:00,22,62,19,30.5,2.0,73.60000000000001
2020-06-14 06:00:00,12,0,12,27.6,1.8,92.09
2020-06-14 06:30:00,81,233,48,27.6,1.8,92.09
2020-06-14 07:00:00,169,357,77,28.0,2.2,90.02
2020-06-14 07:30:00,255,358,123,28.3,2.4000000000000004,88.46000000000001
2020-06-14 08:00:00,337,337,176,28.5,2.7,88.47
2020-06-14 08:30:00,449,415,209,28.9,2.9000000000000004,86.45
2020-06-14 09:00:00,539,431,249,29.200000000000003,3.1,84.59
2020-06-14 09:30:00,646,516,256,29.700000000000003,3.3000000000000003,82.19
2020-06-14 10:00:00,678,420,330,30.1,3.4000000000000004,77.91
2020-06-14 10:30:00,723,391,375,30.5,3.4000000000000004,76.15
2020-06-14 11:00:00,772,404,394,30.9,3.3000000000000003,72.26
2020-06-14 11:30:00,796,389,419,31.3,3.2,70.64
2020-06-14 12:00:00,813,391,429,31.700000000000003,3.1,67.73
2020-06-14 12:30:00,746,265,485,32.0,3.0,66.53
2020-06-14 13:00:00,707,230,484,32.300000000000004,2.8000000000000003,64.12
2020-06-14 13:30:00,789,419,395,32.4,2.6,63.76
2020-06-14 14:00:00,684,289,424,32.5,2.4000000000000004,62.29
2020-06-14 14:30:00,660,337,376,32.5,2.1,62.23
2020-06-14 15:00:00,546,244,358,32.5,1.9,61.76
2020-06-14 15:30:00,400,121,316,32.4,1.5,62.11
2020-06-14 16:00:00,280,55,247,32.2,1.2000000000000002,64.23
2020-06-14 16:30:00,122,0,122,32.0,1.0,64.95
2020-06-14 17:00:00,104,0,104,31.8,0.8,67.08
2020-06-14 17:30:00,14,0,14,31.200000000000003,0.8,69.46000000000001
2020-06-15 06:30:00,19,0,19,26.3,1.4,96.34
2020-06-15 07:00:00,37,0,37,27.0,1.9,92.13
2020-06-15 07:30:00,37,0,37,27.4,2.1,90.0
2020-06-15 08:00:00,217,58,190,27.8,2.4000000000000004,86.41
2020-06-15 08:30:00,344,158,253,28.200000000000003,2.6,84.42
2020-06-15 09:00:00,417,166,306,28.6,2.8000000000000003,81.43
2020-06-15 09:30:00,439,116,352,29.1,2.9000000000000004,79.11
2020-06-15 10:00:00,447,80,381,29.5,3.1,77.36
2020-06-15 10:30:00,405,39,371,29.9,3.1,75.61
2020-06-15 11:00:00,339,19,321,30.200000000000003,3.2,74.4
2020-06-15 11:30:00,303,15,288,30.3,3.2,73.98
2020-06-15 12:00:00,398,26,373,30.5,3.2,72.97
2020-06-15 12:30:00,406,27,380,30.5,3.1,72.97
2020-06-15 13:00:00,434,34,400,30.6,3.1,72.25
2020-06-15 13:30:00,602,140,470,30.6,3.1,72.25
2020-06-15 14:00:00,583,154,444,30.6,3.0,72.02
2020-06-15 14:30:00,387,41,352,30.4,2.9000000000000004,72.84
2020-06-15 15:00:00,418,85,353,30.3,2.8000000000000003,73.21000000000001
2020-06-15 15:30:00,313,44,283,30.1,2.7,74.05
2020-06-15 16:00:00,304,78,257,29.9,2.7,75.49
2020-06-15 16:30:00,250,84,208,29.6,2.6,76.8
2020-06-15 17:00:00,127,1,126,29.200000000000003,2.4000000000000004,80.31
2020-06-15 17:30:00,12,0,12,28.700000000000003,2.2,82.66
2020-06-16 06:30:00,39,0,39,26.0,2.0,95.04
2020-06-16 07:00:00,84,1,84,26.9,2.5,90.61
2020-06-16 07:30:00,151,38,137,27.3,2.7,88.61
2020-06-16 08:00:00,187,27,175,27.700000000000003,2.9000000000000004,84.52
2020-06-16 08:30:00,280,68,241,28.3,3.0,81.63
2020-06-16 09:00:00,268,26,251,28.8,3.1,77.15
2020-06-16 09:30:00,418,95,346,29.200000000000003,3.1,75.39
2020-06-16 10:00:00,532,161,399,29.700000000000003,3.1,72.38
2020-06-16 10:30:00,694,325,405,30.0,3.1,71.08
2020-06-16 11:00:00,646,195,464,30.3,3.1,69.7
2020-06-16 11:30:00,655,175,486,30.5,3.0,68.91
2020-06-16 12:00:00,585,102,485,30.700000000000003,3.0,68.1
2020-06-16 12:30:00,635,140,497,30.8,3.0,67.71000000000001
2020-06-16 13:00:00,668,183,489,31.0,2.9000000000000004,66.96000000000001
2020-06-16 13:30:00,563,107,462,31.0,2.9000000000000004,66.89
2020-06-16 14:00:00,549,121,440,31.0,2.8000000000000003,66.96000000000001
2020-06-16 14:30:00,528,142,408,30.9,2.7,67.34
2020-06-16 15:00:00,451,115,362,30.700000000000003,2.7,68.48
2020-06-16 15:30:00,257,19,244,30.4,2.6,69.66
2020-06-16 16:00:00,250,33,231,30.1,2.5,72.2
2020-06-16 16:30:00,213,39,193,29.6,2.3000000000000003,74.29
2020-06-16 17:00:00,184,72,155,29.1,2.1,79.15
2020-06-16 17:30:00,159,198,103,28.5,1.9,81.94
2020-06-16 18:00:00,42,0,42,28.0,1.6,88.14
2020-06-16 18:30:00,12,0,12,27.700000000000003,1.6,89.78
2020-06-17 06:30:00,36,0,36,25.8,1.5,93.82
2020-06-17 07:00:00,78,0,78,26.8,2.2,87.97
2020-06-17 07:30:00,201,154,144,27.4,2.5,84.94
2020-06-17 08:00:00,137,0,137,27.9,2.8000000000000003,79.81
2020-06-17 08:30:00,245,37,224,28.5,3.1,77.09
2020-06-17 09:00:00,403,145,305,29.1,3.3000000000000003,72.5
2020-06-17 09:30:00,487,176,354,29.5,3.4000000000000004,70.85000000000001
2020-06-17 10:00:00,573,215,394,30.0,3.4000000000000004,68.76
2020-06-17 10:30:00,489,82,416,30.200000000000003,3.4000000000000004,67.98
2020-06-17 11:00:00,443,44,402,30.4,3.4000000000000004,67.91
2020-06-17 11:30:00,435,36,400,30.5,3.3000000000000003,67.53
2020-06-17 12:00:00,626,134,494,30.5,3.2,68.44
2020-06-17 12:30:00,610,119,492,30.4,3.1,68.84
2020-06-17 13:00:00,714,239,482,30.3,3.0,70.37
2020-06-17 13:30:00,513,73,444,30.1,2.9000000000000004,71.17
2020-06-17 14:00:00,466,63,410,29.8,2.8000000000000003,73.47
2020-06-17 14:30:00,360,31,333,29.5,2.6,74.75
2020-06-17 15:00:00,138,0,138,29.200000000000003,2.5,77.36
2020-06-17 15:30:00,66,0,66,28.9,2.3000000000000003,78.71000000000001
2020-06-17 16:00:00,52,0,52,28.6,2.1,82.08
2020-06-17 16:30:00,44,0,44,28.3,2.0,83.52
2020-06-17 17:00:00,28,0,28,27.9,1.9,85.67
2020-06-18 06:30:00,42,0,42,25.700000000000003,1.0,97.51
2020-06-18 07:00:00,92,17,88,26.700000000000003,1.4,92.72
2020-06-18 07:30:00,216,206,140,27.1,1.6,90.58
2020-06-18 08:00:00,305,243,190,27.6,1.8,86.88
2020-06-18 08:30:00,369,210,248,27.9,1.9,85.38
2020-06-18 09:00:00,465,255,294,28.3,2.0,82.39
2020-06-18 09:30:00,445,124,352,28.6,2.0,80.97
2020-06-18 10:00:00,507,133,396,29.0,2.1,78.66
2020-06-18 10:30:00,610,200,433,29.3,2.1,77.31
2020-06-18 11:00:00,620,167,465,29.6,2.1,75.71000000000001
2020-06-18 11:30:00,700,229,479,29.8,2.0,74.85000000000001
2020-06-18 12:00:00,780,314,471,30.1,2.0,73.49
2020-06-18 12:30:00,772,305,472,30.200000000000003,2.0,73.0
2020-06-18 13:00:00,634,149,489,30.4,2.0,72.32000000000001
2020-06-18 13:30:00,720,283,453,30.5,1.9,71.91
2020-06-18 14:00:00,726,369,393,30.6,1.8,71.35000000000001
2020-06-18 14:30:00,687,405,345,30.6,1.7000000000000002,71.35000000000001
2020-06-18 15:00:00,598,339,335,30.6,1.7000000000000002,71.49
2020-06-18 15:30:00,508,303,298,30.5,1.6,71.9
2020-06-18 16:00:00,476,430,216,30.4,1.6,73.49
2020-06-18 16:30:00,387,435,167,30.1,1.5,74.76
2020-06-18 17:00:00,282,380,131,29.8,1.4,77.85000000000001
2020-06-18 17:30:00,51,0,51,29.200000000000003,1.2000000000000002,80.57000000000001
2020-06-18 18:00:00,27,0,27,28.700000000000003,1.1,86.29
2020-06-19 06:30:00,54,55,47,26.0,1.4,94.5
2020-06-19 07:00:00,121,107,93,27.5,2.2,86.06
2020-06-19 07:30:00,203,165,143,28.200000000000003,2.5,82.63
2020-06-19 08:00:00,299,227,191,28.9,2.8000000000000003,76.59
2020-06-19 08:30:00,405,299,233,29.5,2.9000000000000004,74.06
2020-06-19 09:00:00,515,372,266,30.1,3.0,70.47
2020-06-19 09:30:00,554,290,335,30.700000000000003,3.1,68.03
2020-06-19 10:00:00,519,148,397,31.200000000000003,3.1,66.49
2020-06-19 10:30:00,372,29,346,31.5,3.1,65.37
2020-06-19 11:00:00,494,67,432,31.9,3.2,64.07000000000001
2020-06-19 11:30:00,636,156,485,32.1,3.2,63.35
2020-06-19 12:00:00,774,311,468,32.300000000000004,3.2,62.52
2020-06-19 12:30:00,871,453,424,32.4,3.2,62.17
2020-06-19 13:00:00,887,502,399,32.5,3.2,61.870000000000005
2020-06-19 13:30:00,932,887,95,32.4,3.2,62.15
2020-06-19 14:00:00,746,419,369,32.4,3.2,62.15
2020-06-19 14:30:00,523,137,408,32.2,3.1,62.86
2020-06-19 15:00:00,332,33,306,32.1,3.0,63.190000000000005
2020-06-19 15:30:00,322,49,288,31.8,2.9000000000000004,64.27
2020-06-19 16:00:00,327,104,264,31.5,2.7,65.85
2020-06-19 16:30:00,263,102,212,31.1,2.5,67.36
2020-06-19 17:00:00,105,0,105,30.700000000000003,2.2,71.3
2020-06-19 17:30:00,128,74,107,30.0,1.9,74.21000000000001
2020-06-19 18:00:00,64,33,59,29.3,1.6,81.05
2020-06-19 18:30:00,17,0,17,28.8,1.6,83.42
2020-06-20 06:30:00,85,372,35,26.1,1.3,93.06
2020-06-20 07:00:00,188,544,51,27.5,1.8,84.16
2020-06-20 07:30:00,299,649,62,28.3,1.9,80.34
2020-06-20 08:00:00,321,296,181,29.200000000000003,1.9,75.02
2020-06-20 08:30:00,521,772,77,29.9,1.8,72.07000000000001
2020-06-20 09:00:00,623,806,84,30.5,1.7000000000000002,69.89
2020-06-20 09:30:00,717,834,89,31.0,1.7000000000000002,67.93
2020-06-20 10:00:00,789,811,119,31.5,1.7000000000000002,66.57000000000001
2020-06-20 10:30:00,858,829,123,31.9,1.6,65.08
2020-06-20 11:00:00,910,838,129,32.300000000000004,1.6,63.88
2020-06-20 11:30:00,947,846,130,32.4,1.5,63.52
2020-06-20 12:00:00,966,847,133,32.6,1.4,62.59
2020-06-20 12:30:00,969,848,133,32.7,1.4,62.24
2020-06-20 13:00:00,946,813,156,32.800000000000004,1.4,61.75
2020-06-20 13:30:00,914,805,154,32.7,1.4,62.03
2020-06-20 14:00:00,864,787,155,32.7,1.5,61.9
2020-06-20 14:30:00,801,770,150,32.5,1.5,62.6
2020-06-20 15:00:00,501,171,368,32.4,1.5,63.07
2020-06-20 15:30:00,415,138,319,32.2,1.5,63.78
2020-06-20 16:00:00,535,670,130,32.0,1.5,65.53
2020-06-20 16:30:00,428,613,118,31.6,1.5,67.02
2020-06-20 17:00:00,317,536,103,31.3,1.6,70.11
2020-06-20 17:30:00,207,429,84,30.5,1.6,73.44
2020-06-20 18:00:00,54,0,54,29.8,1.5,80.63
2020-06-20 18:30:00,25,72,21,29.3,1.7000000000000002,82.98
2020-06-21 06:30:00,55,69,46,26.5,2.0,94.03
2020-06-21 07:00:00,156,297,81,27.3,2.3000000000000003,89.04
2020-06-21 07:30:00,142,28,132,27.700000000000003,2.5,87.07000000000001
2020-06-21 08:00:00,318,287,182,28.1,2.6,84.43
2020-06-21 08:30:00,452,441,199,28.4,2.7,82.98
2020-06-21 09:00:00,511,364,268,28.700000000000003,2.8000000000000003,81.88
2020-06-21 09:30:00,633,496,260,29.0,2.9000000000000004,80.48
2020-06-21 10:00:00,703,484,304,29.3,3.0,79.39
2020-06-21 10:30:00,862,850,109,29.700000000000003,3.0,77.51
2020-06-21 11:00:00,915,860,113,30.1,3.1,75.37
2020-06-21 11:30:00,952,868,115,30.4,2.9000000000000004,74.02
2020-06-21 12:00:00,972,871,116,30.700000000000003,2.7,72.17
2020-06-21 12:30:00,974,871,116,30.9,2.3000000000000003,71.29
2020-06-21 13:00:00,959,868,116,31.1,1.9,69.55
2020-06-21 13:30:00,927,861,114,31.3,1.5,68.77
2020-06-21 14:00:00,879,850,112,31.4,1.0,67.6
2020-06-21 14:30:00,815,835,109,31.3,1.2000000000000002,67.98
2020-06-21 15:00:00,739,820,102,31.1,1.4,69.31
2020-06-21 15:30:00,650,793,97,30.9,1.5,70.10000000000001
2020-06-21 16:00:00,552,767,88,30.700000000000003,1.7000000000000002,72.89
2020-06-21 16:30:00,319,217,209,30.3,1.6,74.57000000000001
2020-06-21 17:00:00,119,0,119,30.0,1.6,76.16
2020-06-21 17:30:00,10,0,10,29.3,1.5,79.28
2020-06-22 07:30:00,226,252,134,28.200000000000003,1.1,92.04
2020-06-22 08:00:00,363,453,149,28.6,1.0,88.53
2020-06-22 08:30:00,435,390,212,29.0,0.9,86.51
2020-06-22 09:00:00,552,498,219,29.4,0.9,81.92
2020-06-22 09:30:00,701,761,129,29.700000000000003,0.7000000000000001,80.53
2020-06-22 10:00:00,778,763,149,30.0,0.6000000000000001,77.52
2020-06-22 10:30:00,846,782,154,30.3,0.5,76.2
2020-06-22 11:00:00,898,791,161,30.6,0.5,74.27
2020-06-22 11:30:00,702,232,478,30.8,0.6000000000000001,73.43
2020-06-22 12:00:00,954,799,169,31.0,0.7000000000000001,72.26
2020-06-22 12:30:00,957,800,169,31.1,0.8,71.78
2020-06-22 13:00:00,711,235,483,31.200000000000003,0.9,71.03
2020-06-22 13:30:00,644,182,472,31.200000000000003,1.0,71.03
2020-06-22 14:00:00,494,78,423,31.3,1.0,70.25
2020-06-22 14:30:00,117,0,117,31.3,1.1,70.25
2020-06-22 15:00:00,56,0,56,31.200000000000003,1.2000000000000002,70.48
2020-06-22 15:30:00,46,0,46,31.1,1.3,70.88
2020-06-22 16:00:00,81,0,81,31.0,1.3,71.62
2020-06-22 16:30:00,62,0,62,30.700000000000003,1.4,72.93
2020-06-22 17:00:00,21,0,21,30.4,1.4,74.86
2020-06-22 17:30:00,12,0,12,29.700000000000003,1.3,77.91
2020-06-23 07:30:00,14,0,14,28.5,2.4000000000000004,90.19
2020-06-23 08:00:00,21,0,21,28.9,2.6,86.41
2020-06-23 08:30:00,106,0,106,29.4,2.7,83.96000000000001
2020-06-23 09:00:00,490,316,279,29.8,2.8000000000000003,80.25
2020-06-23 09:30:00,168,3,166,30.200000000000003,2.7,78.44
2020-06-23 10:00:00,317,22,298,30.5,2.7,76.18
2020-06-23 10:30:00,600,188,433,30.8,2.7,74.82000000000001
2020-06-23 11:00:00,705,277,446,31.1,2.7,73.3
2020-06-23 11:30:00,638,159,485,31.4,2.6,72.07000000000001
2020-06-23 12:00:00,736,256,484,31.6,2.5,71.04
2020-06-23 12:30:00,253,13,240,31.700000000000003,2.4000000000000004,70.57000000000001
2020-06-23 13:00:00,230,11,219,31.700000000000003,2.3000000000000003,70.19
2020-06-23 13:30:00,423,35,390,31.8,2.1,69.8
2020-06-23 14:00:00,683,284,427,31.8,2.0,69.48
2020-06-23 14:30:00,707,448,328,31.700000000000003,1.9,69.8
2020-06-23 15:00:00,186,5,182,31.700000000000003,1.8,69.63
2020-06-23 15:30:00,127,0,127,31.5,1.7000000000000002,70.42
2020-06-23 16:00:00,173,3,171,31.3,1.7000000000000002,71.58
2020-06-23 16:30:00,269,110,214,31.0,1.6,72.81
2020-06-23 17:00:00,215,134,161,30.6,1.6,76.59
2020-06-23 17:30:00,175,259,100,29.9,1.5,79.72
2020-06-23 18:00:00,91,187,59,29.200000000000003,1.3,86.69
2020-06-23 18:30:00,25,60,21,28.8,1.4,88.71000000000001
2020-06-24 06:30:00,76,258,42,27.200000000000003,1.3,95.83
2020-06-24 07:00:00,159,329,77,28.200000000000003,1.7000000000000002,90.26
2020-06-24 07:30:00,214,211,138,28.700000000000003,1.9,87.69
2020-06-24 08:00:00,327,326,174,29.200000000000003,2.0,83.46000000000001
2020-06-24 08:30:00,505,702,103,29.700000000000003,2.0,81.10000000000001
2020-06-24 09:00:00,608,746,111,30.200000000000003,2.0,77.76
2020-06-24 09:30:00,702,779,117,30.6,1.9,76.01
2020-06-24 10:00:00,785,806,120,31.1,1.9,73.3
2020-06-24 10:30:00,853,824,124,31.4,1.8,72.06
2020-06-24 11:00:00,907,840,125,31.8,1.8,70.13
2020-06-24 11:30:00,945,848,127,32.1,1.8,68.89
2020-06-24 12:00:00,966,854,127,32.4,1.7000000000000002,67.33
2020-06-24 12:30:00,547,77,471,32.5,1.8,66.96000000000001
2020-06-24 13:00:00,433,34,400,32.7,1.8,65.64
2020-06-24 13:30:00,814,447,392,32.7,1.8,65.64
2020-06-24 14:00:00,469,63,411,32.800000000000004,1.8,64.91
2020-06-24 14:30:00,443,69,385,32.7,1.8,65.21000000000001
2020-06-24 15:00:00,459,120,366,32.7,1.8,64.82000000000001
2020-06-24 15:30:00,530,345,290,32.5,1.7000000000000002,65.55
2020-06-24 16:00:00,535,667,130,32.300000000000004,1.6,68.0
2020-06-24 16:30:00,429,611,119,31.9,1.6,69.55
2020-06-24 17:00:00,318,534,104,31.5,1.6,71.22
2020-06-24 17:30:00,208,429,83,30.8,1.5,74.10000000000001
2020-06-24 18:00:00,106,283,56,30.0,1.3,82.68
2020-06-24 18:30:00,24,56,21,29.5,1.4,85.09
2020-06-25 06:30:00,70,212,42,27.0,2.3000000000000003,98.76
2020-06-25 07:00:00,154,302,79,27.5,2.6,97.17
2020-06-25 07:30:00,237,306,126,27.8,2.6,95.49
2020-06-25 08:00:00,354,426,154,28.0,2.7,94.51
2020-06-25 08:30:00,447,433,199,28.3,2.7,92.88
2020-06-25 09:00:00,514,379,262,28.6,2.6,89.63
2020-06-25 09:30:00,594,379,310,28.8,2.5,88.60000000000001
2020-06-25 10:00:00,649,354,357,29.1,2.4000000000000004,84.9
2020-06-25 10:30:00,716,386,374,29.3,2.4000000000000004,83.93
2020-06-25 11:00:00,698,268,449,29.6,2.4000000000000004,80.68
2020-06-25 11:30:00,726,266,470,29.8,2.4000000000000004,79.68
2020-06-25 12:00:00,718,233,489,30.0,2.4000000000000004,77.42
2020-06-25 12:30:00,786,327,464,30.1,2.4000000000000004,76.9
2020-06-25 13:00:00,839,436,414,30.3,2.4000000000000004,75.10000000000001
2020-06-25 13:30:00,744,318,443,30.4,2.4000000000000004,74.68
2020-06-25 14:00:00,701,312,419,30.5,2.3000000000000003,73.73
2020-06-25 14:30:00,502,113,406,30.5,2.3000000000000003,73.73
2020-06-25 15:00:00,478,140,368,30.5,2.2,73.72
2020-06-25 15:30:00,501,278,306,30.3,2.0,74.57000000000001
2020-06-25 16:00:00,340,119,268,30.200000000000003,1.9,76.66
2020-06-25 16:30:00,91,0,91,30.0,1.8,77.54
2020-06-25 17:00:00,51,0,51,29.700000000000003,1.7000000000000002,79.09
2020-06-25 17:30:00,14,0,14,29.200000000000003,1.4,81.39
2020-06-26 06:30:00,73,246,41,26.4,1.7000000000000002,95.02
2020-06-26 07:00:00,160,345,75,27.3,2.2,90.75
2020-06-26 07:30:00,246,353,119,27.9,2.3000000000000003,87.63
2020-06-26 08:00:00,334,352,168,28.5,2.5,83.78
2020-06-26 08:30:00,429,379,213,29.0,2.6,81.4
2020-06-26 09:00:00,542,472,228,29.6,2.8000000000000003,76.65
2020-06-26 09:30:00,617,459,272,29.9,2.8000000000000003,75.35000000000001
2020-06-26 10:00:00,691,466,307,30.3,2.8000000000000003,72.69
2020-06-26 10:30:00,684,316,406,30.5,2.8000000000000003,71.86
2020-06-26 11:00:00,756,378,404,30.8,2.7,70.44
2020-06-26 11:30:00,682,207,482,30.9,2.6,70.04
2020-06-26 12:00:00,741,264,482,31.0,2.6,69.87
2020-06-26 12:30:00,744,263,484,30.9,2.5,70.2
2020-06-26 13:00:00,659,173,490,30.9,2.4000000000000004,70.5
2020-06-26 13:30:00,746,322,441,30.700000000000003,2.3000000000000003,71.3
2020-06-26 14:00:00,707,321,416,30.6,2.2,72.10000000000001
2020-06-26 14:30:00,588,212,408,30.3,2.2,73.34
2020-06-26 15:00:00,488,152,369,30.1,2.1,74.92
2020-06-26 15:30:00,351,68,304,29.8,2.1,76.22
2020-06-26 16:00:00,314,84,262,29.5,2.0,79.05
2020-06-26 16:30:00,272,112,215,29.1,2.0,80.89
2020-06-26 17:00:00,140,9,136,28.700000000000003,2.0,84.24
2020-06-26 17:30:00,110,23,103,28.3,2.0,86.21000000000001
2020-06-26 18:00:00,55,0,55,27.8,1.9,89.88
2020-06-26 18:30:00,17,0,17,27.5,2.0,91.46
2020-06-27 06:00:00,10,39,9,25.6,1.6,94.43
2020-06-27 06:30:00,78,292,39,25.6,1.6,94.43
2020-06-27 07:00:00,177,467,62,26.4,2.1,89.92
2020-06-27 07:30:00,287,583,77,26.9,2.2,87.32000000000001
2020-06-27 08:00:00,365,476,142,27.3,2.3000000000000003,84.66
2020-06-27 08:30:00,506,709,102,27.8,2.4000000000000004,82.23
2020-06-27 09:00:00,607,745,113,28.200000000000003,2.4000000000000004,80.2
2020-06-27 09:30:00,701,777,119,28.6,2.4000000000000004,78.36
2020-06-27 10:00:00,781,791,130,28.9,2.4000000000000004,77.12
2020-06-27 10:30:00,849,809,134,29.1,2.5,76.24
2020-06-27 11:00:00,902,818,140,29.4,2.6,75.2
2020-06-27 11:30:00,610,133,482,29.5,2.6,74.77
2020-06-27 12:00:00,959,828,146,29.700000000000003,2.6,74.28
2020-06-27 12:30:00,356,20,337,29.8,2.7,73.78
2020-06-27 13:00:00,949,826,145,29.9,2.7,73.75
2020-06-27 13:30:00,493,62,434,29.9,2.6,73.75
2020-06-27 14:00:00,659,246,437,29.9,2.6,74.03
2020-06-27 14:30:00,808,789,138,29.9,2.5,74.03
2020-06-27 15:00:00,536,219,365,29.8,2.4000000000000004,74.69
2020-06-27 15:30:00,555,400,275,29.700000000000003,2.3000000000000003,75.12
2020-06-27 16:00:00,463,377,233,29.5,2.2,76.49
2020-06-27 16:30:00,160,4,158,29.200000000000003,2.0,77.82000000000001
2020-06-27 17:00:00,66,0,66,28.9,1.8,80.92
2020-06-27 17:30:00,105,15,101,28.4,1.6,83.29
2020-06-27 18:00:00,53,0,53,28.0,1.4,87.72
2020-06-27 18:30:00,16,0,16,27.700000000000003,1.4,89.26
2020-06-28 06:30:00,76,293,38,25.8,1.1,94.07
2020-06-28 07:00:00,176,474,60,26.8,1.5,87.48
2020-06-28 07:30:00,286,589,75,27.3,1.6,84.96000000000001
2020-06-28 08:00:00,399,669,86,27.8,1.8,81.7
2020-06-28 08:30:00,508,725,95,28.3,1.8,79.45
2020-06-28 09:00:00,611,767,102,28.9,1.8,76.38
2020-06-28 09:30:00,705,797,108,29.5,2.0,73.72
2020-06-28 10:00:00,787,823,111,30.1,2.1,71.83
2020-06-28 10:30:00,855,840,113,30.6,2.2,69.81
2020-06-28 11:00:00,910,854,115,31.1,2.4000000000000004,68.57000000000001
2020-06-28 11:30:00,947,862,116,31.3,2.4000000000000004,67.8
2020-06-28 12:00:00,631,139,495,31.5,2.5,67.34
2020-06-28 12:30:00,436,33,403,31.6,2.5,66.89
2020-06-28 13:00:00,694,212,487,31.700000000000003,2.4000000000000004,66.6
2020-06-28 13:30:00,554,99,461,31.700000000000003,2.3000000000000003,66.6
2020-06-28 14:00:00,551,120,442,31.6,2.2,66.94
2020-06-28 14:30:00,533,144,411,31.4,2.0,67.7
2020-06-28 15:00:00,222,9,215,31.200000000000003,1.9,68.84
2020-06-28 15:30:00,222,10,215,30.9,1.7000000000000002,70.02
2020-06-28 16:00:00,313,82,263,30.5,1.6,74.28
2020-06-28 16:30:00,239,63,207,30.1,1.6,75.99
2020-06-28 17:00:00,279,341,141,29.6,1.6,78.74
2020-06-28 17:30:00,108,18,102,29.0,1.6,81.58
2020-06-28 18:00:00,55,0,55,28.4,1.5,87.06
2020-06-28 18:30:00,17,0,17,28.1,1.6,88.59
2020-06-29 06:30:00,22,0,22,24.9,2.2,95.21
2020-06-29 07:00:00,46,0,46,25.8,2.5,90.83
2020-06-29 07:30:00,180,113,140,26.6,2.6,86.65
2020-06-29 08:00:00,285,205,190,27.3,2.6,82.35000000000001
2020-06-29 08:30:00,518,787,71,28.0,2.7,79.07000000000001
2020-06-29 09:00:00,484,309,279,28.8,2.7,74.26
2020-06-29 09:30:00,715,847,82,29.4,2.8000000000000003,71.74
2020-06-29 10:00:00,609,281,377,30.0,2.9000000000000004,69.13
2020-06-29 10:30:00,856,835,119,30.4,3.0,67.57000000000001
2020-06-29 11:00:00,908,842,124,30.8,3.2,66.59
2020-06-29 11:30:00,946,850,126,31.1,3.2,65.4
2020-06-29 12:00:00,965,849,131,31.3,3.3000000000000003,65.36
2020-06-29 12:30:00,970,850,132,31.3,3.4000000000000004,65.36
2020-06-29 13:00:00,591,111,483,31.200000000000003,3.4000000000000004,66.11
2020-06-29 13:30:00,417,33,385,30.9,3.5,67.25
2020-06-29 14:00:00,690,292,426,30.5,3.6,69.64
2020-06-29 14:30:00,383,39,351,30.1,3.7,71.18
2020-06-29 15:00:00,573,281,354,29.6,3.8,74.52
2020-06-29 15:30:00,430,153,323,29.200000000000003,3.8,76.26
2020-06-29 16:00:00,436,302,252,28.700000000000003,3.8,80.09
2020-06-29 16:30:00,374,367,186,28.3,3.6,81.97
2020-06-29 17:00:00,289,383,134,27.9,3.4000000000000004,86.01
2020-06-29 17:30:00,154,150,110,27.5,3.2,88.04
2020-06-29 18:00:00,79,92,63,27.1,3.1,91.74
2020-06-29 18:30:00,22,14,22,27.0,3.1,92.28
2020-06-30 06:30:00,75,303,37,25.6,1.7000000000000002,92.64
2020-06-30 07:00:00,175,485,57,26.5,2.2,87.26
2020-06-30 07:30:00,286,600,72,26.9,2.4000000000000004,85.24
2020-06-30 08:00:00,398,679,82,27.4,2.7,81.64
2020-06-30 08:30:00,507,734,90,27.9,2.8000000000000003,79.3
2020-06-30 09:00:00,449,236,293,28.5,2.9000000000000004,76.14
2020-06-30 09:30:00,518,234,343,29.0,3.0,73.98
2020-06-30 10:00:00,783,809,118,29.6,3.0,71.39
2020-06-30 10:30:00,852,826,122,30.1,3.0,69.37
2020-06-30 11:00:00,578,127,459,30.6,3.0,67.48
2020-06-30 11:30:00,945,850,125,31.0,3.0,65.9
2020-06-30 12:00:00,479,47,433,31.4,2.9000000000000004,64.63
2020-06-30 12:30:00,628,134,496,31.6,2.9000000000000004,63.84
2020-06-30 13:00:00,733,262,477,31.9,2.8000000000000003,63.31
2020-06-30 13:30:00,662,200,472,31.9,2.7,63.31
2020-06-30 14:00:00,628,201,445,32.0,2.7,63.47
2020-06-30 14:30:00,546,157,413,31.700000000000003,2.6,64.56
2020-06-30 15:00:00,587,306,348,31.5,2.6,66.25
2020-06-30 15:30:00,511,294,304,31.1,2.7,67.76
2020-06-30 16:00:00,495,479,202,30.6,2.7,72.3
2020-06-30 16:30:00,365,335,193,30.0,2.7,74.81
2020-06-30 17:00:00,184,63,159,29.4,2.8000000000000003,79.56
2020-06-30 17:30:00,114,30,105,28.700000000000003,2.7,82.84
2020-06-30 18:00:00,112,321,55,28.1,2.6,87.31
2020-06-30 18:30:00,30,99,23,27.8,2.6,88.85000000000001
2020-07-01 06:30:00,39,0,39,26.1,2.5,92.4
2020-07-01 07:00:00,91,25,85,27.200000000000003,3.2,87.9
2020-07-01 07:30:00,126,12,122,27.8,3.5,84.89
2020-07-01 08:00:00,145,2,144,28.4,3.9,79.82000000000001
2020-07-01 08:30:00,153,0,153,28.9,4.2,77.55
2020-07-01 09:00:00,132,0,132,29.4,4.6000000000000005,70.28
2020-07-01 09:30:00,530,257,338,29.8,4.6000000000000005,68.69
2020-07-01 10:00:00,243,11,234,30.200000000000003,4.7,64.96000000000001
2020-07-01 10:30:00,338,22,318,30.5,4.7,63.86
2020-07-01 11:00:00,617,165,463,30.9,4.6000000000000005,62.58
2020-07-01 11:30:00,737,282,466,31.200000000000003,4.5,61.47
2020-07-01 12:00:00,969,864,120,31.5,4.4,61.04
2020-07-01 12:30:00,625,131,496,31.700000000000003,4.2,60.29
2020-07-01 13:00:00,689,205,489,31.9,4.1000000000000005,60.19
2020-07-01 13:30:00,654,191,473,31.8,4.0,60.47
2020-07-01 14:00:00,616,186,447,31.8,3.9,61.27
2020-07-01 14:30:00,587,208,410,31.6,3.7,61.97
2020-07-01 15:00:00,732,762,136,31.4,3.6,63.89
2020-07-01 15:30:00,527,328,296,31.1,3.3000000000000003,64.99
2020-07-01 16:00:00,308,76,262,30.8,3.1,68.34
2020-07-01 16:30:00,236,58,206,30.3,2.8000000000000003,70.39
2020-07-01 17:00:00,257,251,155,29.9,2.6,74.42
2020-07-01 17:30:00,176,244,104,29.200000000000003,2.3000000000000003,77.47
2020-07-01 18:00:00,60,3,59,28.4,2.0,82.86
2020-07-01 18:30:00,18,0,18,28.0,2.1,84.89
2020-07-02 06:30:00,44,23,41,25.700000000000003,1.7000000000000002,94.46
2020-07-02 07:00:00,103,63,88,26.8,2.2,90.02
2020-07-02 07:30:00,288,628,65,27.200000000000003,2.4000000000000004,87.94
2020-07-02 08:00:00,400,698,76,27.6,2.6,84.84
2020-07-02 08:30:00,358,201,244,28.0,2.8000000000000003,82.89
2020-07-02 09:00:00,434,209,296,28.4,3.0,79.82000000000001
2020-07-02 09:30:00,501,206,346,28.700000000000003,3.0,78.45
2020-07-02 10:00:00,534,171,394,29.0,3.1,76.83
2020-07-02 10:30:00,569,155,432,29.200000000000003,3.1,75.95
2020-07-02 11:00:00,904,829,132,29.5,3.1,74.88
2020-07-02 11:30:00,653,175,485,29.700000000000003,3.0,73.95
2020-07-02 12:00:00,961,836,140,29.9,2.8000000000000003,73.59
2020-07-02 12:30:00,576,94,483,29.9,2.7,73.59
2020-07-02 13:00:00,542,78,466,30.0,2.6,73.86
2020-07-02 13:30:00,310,16,295,29.9,2.5,74.29
2020-07-02 14:00:00,543,112,441,29.8,2.4000000000000004,75.7
2020-07-02 14:30:00,561,174,413,29.700000000000003,2.3000000000000003,76.14
2020-07-02 15:00:00,558,251,361,29.5,2.3000000000000003,78.47
2020-07-02 15:30:00,309,39,282,29.3,2.3000000000000003,79.3
2020-07-02 16:00:00,75,0,75,29.1,2.2,81.9
2020-07-02 16:30:00,115,0,115,28.9,2.1,82.93
2020-07-02 17:00:00,52,0,52,28.6,2.1,85.95
2020-07-02 17:30:00,49,0,49,28.1,1.9,88.47
2020-07-02 18:00:00,26,0,26,27.700000000000003,1.7000000000000002,92.56
2020-07-02 18:30:00,10,0,10,27.5,1.7000000000000002,93.65
2020-07-03 06:30:00,52,80,42,26.0,2.5,96.15
2020-07-03 07:00:00,127,169,86,26.700000000000003,3.1,93.65
2020-07-03 07:30:00,159,65,136,27.1,3.4000000000000004,91.48
2020-07-03 08:00:00,238,103,191,27.6,3.7,88.15
2020-07-03 08:30:00,402,313,225,28.0,3.9,86.13
2020-07-03 09:00:00,521,409,251,28.5,4.2,81.93
2020-07-03 09:30:00,598,408,294,28.9,4.2,80.06
2020-07-03 10:00:00,606,278,377,29.4,4.2,76.82000000000001
2020-07-03 10:30:00,606,199,430,29.700000000000003,4.2,75.51
2020-07-03 11:00:00,599,147,462,30.0,4.1000000000000005,74.19
2020-07-03 11:30:00,630,151,484,30.1,4.1000000000000005,73.77
2020-07-03 12:00:00,711,224,491,30.200000000000003,4.0,73.43
2020-07-03 12:30:00,703,210,496,30.3,4.0,73.02
2020-07-03 13:00:00,694,211,488,30.3,3.9,73.04
2020-07-03 13:30:00,751,318,449,30.200000000000003,3.9,73.38
2020-07-03 14:00:00,747,410,376,30.1,3.8,73.77
2020-07-03 14:30:00,544,153,413,29.9,3.8,74.62
2020-07-03 15:00:00,527,201,369,29.700000000000003,3.8,75.49
2020-07-03 15:30:00,420,137,323,29.4,3.7,76.81
2020-07-03 16:00:00,223,17,212,29.1,3.7,78.86
2020-07-03 16:30:00,209,31,193,28.700000000000003,3.4000000000000004,80.7
2020-07-03 17:00:00,91,0,91,28.200000000000003,3.2,85.35000000000001
2020-07-03 17:30:00,59,0,59,27.700000000000003,2.9000000000000004,87.86
2020-07-03 18:00:00,31,0,31,27.3,2.6,91.15
2020-07-03 18:30:00,11,0,11,27.0,2.6,92.76
2020-07-04 06:30:00,37,0,37,25.0,2.4000000000000004,93.0
2020-07-04 07:00:00,86,15,82,26.200000000000003,3.0,88.60000000000001
2020-07-04 07:30:00,126,13,122,26.8,3.2,85.53
2020-07-04 08:00:00,177,22,166,27.4,3.5,82.52
2020-07-04 08:30:00,175,5,172,27.9,3.5,80.16
2020-07-04 09:00:00,352,91,292,28.4,3.6,77.58
2020-07-04 09:30:00,444,130,347,28.700000000000003,3.6,76.25
2020-07-04 10:00:00,479,111,388,28.9,3.5,75.47
2020-07-04 10:30:00,552,137,430,29.0,3.5,75.04
2020-07-04 11:00:00,634,186,462,29.1,3.5,74.58
2020-07-04 11:30:00,670,194,483,29.3,3.6,73.65
2020-07-04 12:00:00,583,101,484,29.4,3.6,73.29
2020-07-04 12:30:00,552,79,474,29.6,3.6,72.38
2020-07-04 13:00:00,622,136,489,29.8,3.7,71.87
2020-07-04 13:30:00,692,238,467,29.9,3.6,71.46000000000001
2020-07-04 14:00:00,664,249,438,30.0,3.6,71.07000000000001
2020-07-04 14:30:00,604,231,407,29.9,3.5,71.47
2020-07-04 15:00:00,544,226,366,29.9,3.4000000000000004,71.29
2020-07-04 15:30:00,406,119,322,29.700000000000003,3.2,72.11
2020-07-04 16:00:00,275,46,247,29.5,3.0,72.88
2020-07-04 16:30:00,284,127,218,29.1,2.7,74.58
2020-07-04 17:00:00,205,102,164,28.700000000000003,2.4000000000000004,77.73
2020-07-04 17:30:00,35,0,35,28.1,2.0,80.48
2020-07-04 18:00:00,20,0,20,27.4,1.6,86.01
2020-07-05 06:30:00,66,223,39,25.0,1.4,94.42
2020-07-05 07:00:00,151,324,74,26.5,2.2,86.37
2020-07-05 07:30:00,234,326,120,27.200000000000003,2.5,82.91
2020-07-05 08:00:00,351,445,146,27.9,2.8000000000000003,77.7
2020-07-05 08:30:00,397,301,227,28.5,2.9000000000000004,75.04
2020-07-05 09:00:00,469,282,283,29.1,3.0,70.48
2020-07-05 09:30:00,535,269,335,29.700000000000003,3.0,68.09
2020-07-05 10:00:00,553,197,392,30.200000000000003,3.0,65.98
2020-07-05 10:30:00,683,316,404,30.700000000000003,3.0,64.07000000000001
2020-07-05 11:00:00,638,190,462,31.200000000000003,2.9000000000000004,62.77
2020-07-05 11:30:00,658,181,484,31.6,2.9000000000000004,61.3
2020-07-05 12:00:00,453,38,415,32.0,2.8000000000000003,60.38
2020-07-05 12:30:00,298,15,284,32.300000000000004,2.8000000000000003,59.31
2020-07-05 13:00:00,254,13,241,32.6,2.8000000000000003,58.67
2020-07-05 13:30:00,301,15,286,32.6,2.7,58.620000000000005
2020-07-05 14:00:00,569,134,447,32.7,2.7,58.68
2020-07-05 14:30:00,449,71,389,32.7,2.6,58.68
2020-07-05 15:00:00,262,14,251,32.6,2.5,59.58
2020-07-05 15:30:00,440,164,325,32.300000000000004,2.4000000000000004,60.6
2020-07-05 16:00:00,355,134,273,31.9,2.3000000000000003,63.09
2020-07-05 16:30:00,309,177,218,31.4,2.2,64.9
2020-07-05 17:00:00,271,297,149,30.9,2.1,69.62
2020-07-05 17:30:00,183,271,102,30.0,1.8,73.36
2020-07-05 18:00:00,82,101,64,29.200000000000003,1.6,80.59
2020-07-05 18:30:00,21,0,21,28.6,1.6,83.43
2020-07-06 07:00:00,17,0,17,26.5,2.2,88.24
2020-07-06 07:30:00,102,0,102,27.6,2.6,82.74
2020-07-06 08:00:00,294,241,183,28.6,2.9000000000000004,79.17
2020-07-06 08:30:00,288,86,240,29.4,3.0,75.61
2020-07-06 09:00:00,350,90,291,30.200000000000003,3.1,72.68
2020-07-06 09:30:00,415,99,341,30.8,2.9000000000000004,70.24
2020-07-06 10:00:00,403,56,358,31.3,2.7,68.5
2020-07-06 10:30:00,625,225,426,31.700000000000003,2.4000000000000004,66.97
2020-07-06 11:00:00,718,300,439,32.1,2.1,65.31
2020-07-06 11:30:00,633,154,484,32.300000000000004,1.9,64.51
2020-07-06 12:00:00,740,260,484,32.5,1.8,63.58
2020-07-06 12:30:00,974,855,129,32.6,1.7000000000000002,63.22
2020-07-06 13:00:00,956,832,144,32.7,1.6,62.98
2020-07-06 13:30:00,926,825,142,32.7,1.6,62.98
2020-07-06 14:00:00,878,810,142,32.7,1.5,63.34
2020-07-06 14:30:00,815,794,137,32.6,1.5,63.7
2020-07-06 15:00:00,738,771,133,32.5,1.5,64.55
2020-07-06 15:30:00,649,741,126,32.300000000000004,1.6,65.28
2020-07-06 16:00:00,549,695,121,32.1,1.6,67.21000000000001
2020-07-06 16:30:00,286,130,219,31.8,1.6,68.35000000000001
2020-07-06 17:00:00,292,382,136,31.4,1.7000000000000002,71.35000000000001
2020-07-06 17:30:00,177,240,105,30.6,1.7000000000000002,74.74
2020-07-06 18:00:00,93,172,62,29.700000000000003,1.7000000000000002,82.88
2020-07-06 18:30:00,27,63,23,29.200000000000003,1.8,85.3
2020-07-07 06:30:00,10,0,10,26.200000000000003,1.4,95.82
2020-07-07 07:00:00,19,0,19,26.8,1.9,92.08
2020-07-07 07:30:00,164,81,136,27.3,2.1,89.51
2020-07-07 08:00:00,382,600,106,27.700000000000003,2.3000000000000003,86.85000000000001
2020-07-07 08:30:00,492,663,118,28.0,2.4000000000000004,85.35000000000001
2020-07-07 09:00:00,595,710,127,28.3,2.5,82.62
2020-07-07 09:30:00,689,744,134,28.700000000000003,2.5,80.73
2020-07-07 10:00:00,778,797,124,29.0,2.5,78.97
2020-07-07 10:30:00,848,816,129,29.200000000000003,2.4000000000000004,78.07000000000001
2020-07-07 11:00:00,903,827,133,29.5,2.3000000000000003,76.87
2020-07-07 11:30:00,941,836,135,29.6,2.2,76.43
2020-07-07 12:00:00,964,843,135,29.8,2.1,75.84
2020-07-07 12:30:00,268,13,254,29.9,2.1,75.41
2020-07-07 13:00:00,611,126,488,30.0,2.1,75.46000000000001
2020-07-07 13:30:00,334,18,316,30.0,2.2,75.46000000000001
2020-07-07 14:00:00,520,93,435,30.1,2.3000000000000003,75.57000000000001
2020-07-07 14:30:00,305,18,290,30.0,2.4000000000000004,76.01
2020-07-07 15:00:00,120,0,120,30.0,2.6,76.65
2020-07-07 15:30:00,85,0,85,29.8,2.6,77.53
2020-07-07 16:00:00,28,0,28,29.5,2.7,79.84
2020-07-07 16:30:00,40,0,40,29.1,2.6,81.7
2020-07-07 17:00:00,145,12,140,28.700000000000003,2.5,85.68
2020-07-07 17:30:00,57,0,57,28.1,2.2,88.71000000000001
2020-07-07 18:00:00,30,0,30,27.6,2.0,92.5
2020-07-07 18:30:00,11,0,11,27.4,2.0,93.68
2020-07-08 06:30:00,70,277,37,26.3,1.5,97.57
2020-07-08 07:00:00,169,465,59,27.6,2.1,91.36
2020-07-08 07:30:00,280,586,75,28.3,2.4000000000000004,87.81
2020-07-08 08:00:00,212,63,183,29.0,2.6,83.15
2020-07-08 08:30:00,346,183,243,29.6,2.7,80.33
2020-07-08 09:00:00,608,771,100,30.200000000000003,2.8000000000000003,76.82000000000001
2020-07-08 09:30:00,704,802,106,30.6,2.8000000000000003,75.09
2020-07-08 10:00:00,783,806,123,31.0,2.9000000000000004,72.84
2020-07-08 10:30:00,853,824,127,31.3,3.0,71.61
2020-07-08 11:00:00,910,845,124,31.6,3.0,69.66
2020-07-08 11:30:00,948,853,126,31.700000000000003,3.0,69.2
2020-07-08 12:00:00,972,861,124,31.9,3.1,67.82000000000001
2020-07-08 12:30:00,977,862,125,31.9,3.1,67.82000000000001
2020-07-08 13:00:00,676,188,492,31.9,3.1,67.1
2020-07-08 13:30:00,650,183,475,31.9,3.1,67.1
2020-07-08 14:00:00,723,339,414,31.8,3.1,67.18
2020-07-08 14:30:00,748,505,316,31.6,3.0,67.88
2020-07-08 15:00:00,739,769,135,31.5,3.0,68.1
2020-07-08 15:30:00,650,739,128,31.200000000000003,2.9000000000000004,69.26
2020-07-08 16:00:00,552,706,117,30.9,2.9000000000000004,71.04
2020-07-08 16:30:00,295,146,220,30.4,2.8000000000000003,73.09
2020-07-08 17:00:00,235,175,164,29.9,2.7,77.19
2020-07-08 17:30:00,118,35,108,29.200000000000003,2.5,80.36
2020-07-08 18:00:00,58,0,58,28.5,2.3000000000000003,85.8
2020-07-08 18:30:00,32,123,24,28.200000000000003,2.3000000000000003,87.39
2020-07-09 06:30:00,57,146,39,26.6,1.5,96.2
2020-07-09 07:00:00,138,255,78,27.6,2.0,90.59
2020-07-09 07:30:00,227,301,122,28.200000000000003,2.1,87.49
2020-07-09 08:00:00,313,308,172,28.700000000000003,2.2,82.97
2020-07-09 08:30:00,447,460,188,29.1,2.2,81.08
2020-07-09 09:00:00,486,324,273,29.5,2.2,78.13
2020-07-09 09:30:00,620,482,261,29.8,2.1,76.8
2020-07-09 10:00:00,694,480,301,30.1,2.0,75.02
2020-07-09 10:30:00,708,369,382,30.3,2.0,74.16
2020-07-09 11:00:00,748,359,414,30.6,2.0,72.73
2020-07-09 11:30:00,779,358,433,30.9,2.0,71.43
2020-07-09 12:00:00,787,334,459,31.1,1.9,70.56
2020-07-09 12:30:00,784,313,474,31.3,1.9,69.69
2020-07-09 13:00:00,828,421,417,31.5,1.9,68.75
2020-07-09 13:30:00,807,431,397,31.5,1.9,68.75
2020-07-09 14:00:00,770,443,367,31.6,1.8,68.1
2020-07-09 14:30:00,573,185,415,31.6,1.8,68.1
2020-07-09 15:00:00,529,200,372,31.5,1.8,68.59
2020-07-09 15:30:00,590,502,235,31.3,1.7000000000000002,69.38
2020-07-09 16:00:00,440,300,255,31.1,1.7000000000000002,71.16
2020-07-09 16:30:00,448,677,98,30.8,1.6,72.38
2020-07-09 17:00:00,252,226,159,30.6,1.6,74.7
2020-07-09 17:30:00,223,511,71,29.8,1.5,78.27
2020-07-09 18:00:00,83,101,64,29.1,1.3,85.02
2020-07-09 18:30:00,31,117,23,28.6,1.5,87.51
2020-07-10 06:30:00,67,271,35,26.3,1.5,95.3
2020-07-10 07:00:00,166,461,58,27.5,2.1,88.27
2020-07-10 07:30:00,202,199,132,28.1,2.2,85.24
2020-07-10 08:00:00,389,660,86,28.700000000000003,2.4000000000000004,81.63
2020-07-10 08:30:00,499,717,96,29.200000000000003,2.4000000000000004,79.31
2020-07-10 09:00:00,481,314,275,29.700000000000003,2.5,76.23
2020-07-10 09:30:00,697,787,112,30.200000000000003,2.5,74.08
2020-07-10 10:00:00,778,799,124,30.700000000000003,2.6,71.16
2020-07-10 10:30:00,849,818,128,31.1,2.6,69.49
2020-07-10 11:00:00,770,410,388,31.5,2.6,67.15
2020-07-10 11:30:00,945,844,131,31.9,2.5,65.65
2020-07-10 12:00:00,968,852,130,32.300000000000004,2.5,63.39
2020-07-10 12:30:00,901,489,417,32.6,2.4000000000000004,62.33
2020-07-10 13:00:00,949,807,160,32.9,2.4000000000000004,60.83
2020-07-10 13:30:00,919,800,158,33.1,2.3000000000000003,60.09
2020-07-10 14:00:00,822,521,348,33.2,2.3000000000000003,59.620000000000005
2020-07-10 14:30:00,766,538,306,33.300000000000004,2.2,59.23
2020-07-10 15:00:00,668,494,279,33.300000000000004,2.1,58.9
2020-07-10 15:30:00,555,386,283,33.1,2.0,59.56
2020-07-10 16:00:00,157,0,157,32.9,1.9,61.55
2020-07-10 16:30:00,24,0,24,32.5,1.9,62.95
2020-07-10 17:00:00,63,0,63,32.1,1.9,65.31
2020-07-10 17:30:00,125,50,110,31.1,1.7000000000000002,69.10000000000001
2020-07-10 18:00:00,64,14,61,30.0,1.5,79.49
2020-07-10 18:30:00,19,0,19,29.5,1.6,81.89
2020-07-11 06:30:00,55,138,39,25.9,1.5,95.53
2020-07-11 07:00:00,142,285,75,26.8,2.0,90.69
2020-07-11 07:30:00,230,321,118,27.5,2.2,87.14
2020-07-11 08:00:00,333,384,157,28.1,2.4000000000000004,83.11
2020-07-11 08:30:00,446,458,188,28.700000000000003,2.5,80.28
2020-07-11 09:00:00,595,707,130,29.3,2.6,76.35000000000001
2020-07-11 09:30:00,578,361,310,29.700000000000003,2.6,74.62
2020-07-11 10:00:00,699,491,298,30.200000000000003,2.5,71.04
2020-07-11 10:30:00,757,471,342,30.700000000000003,2.4000000000000004,68.98
2020-07-11 11:00:00,755,377,404,31.1,2.3000000000000003,66.01
2020-07-11 11:30:00,779,358,434,31.6,2.1,64.16
2020-07-11 12:00:00,707,216,494,32.0,2.0,61.690000000000005
2020-07-11 12:30:00,724,233,494,32.300000000000004,1.8,60.66
2020-07-11 13:00:00,732,256,482,32.6,1.7000000000000002,58.97
2020-07-11 13:30:00,689,230,471,32.800000000000004,1.5,58.25
2020-07-11 14:00:00,638,209,448,33.0,1.4,57.33
2020-07-11 14:30:00,543,149,416,33.0,1.2000000000000002,57.33
2020-07-11 15:00:00,513,177,374,33.1,1.1,56.78
2020-07-11 15:30:00,225,11,217,33.1,1.0,56.72
2020-07-11 16:00:00,393,195,272,33.0,0.9,58.33
2020-07-11 16:30:00,288,132,220,32.7,0.9,59.38
2020-07-11 17:00:00,270,286,152,32.5,0.9,59.32
2020-07-11 17:30:00,181,254,105,31.700000000000003,0.9,62.05
2020-07-11 18:00:00,96,185,62,30.9,0.9,72.68
2020-07-11 18:30:00,27,70,23,30.200000000000003,1.1,75.72
2020-07-12 06:30:00,47,69,39,26.8,1.3,95.82
2020-07-12 07:00:00,115,132,84,27.700000000000003,1.7000000000000002,90.87
2020-07-12 07:30:00,170,100,135,28.1,1.8,88.78
2020-07-12 08:00:00,212,65,182,28.5,1.9,85.84
2020-07-12 08:30:00,331,156,243,28.9,2.1,83.97
2020-07-12 09:00:00,436,219,292,29.4,2.2,78.96000000000001
2020-07-12 09:30:00,491,196,346,29.8,2.2,77.17
2020-07-12 10:00:00,554,199,391,30.200000000000003,2.1,72.86
2020-07-12 10:30:00,577,165,432,30.6,2.1,71.22
2020-07-12 11:00:00,630,179,463,31.0,2.0,68.13
2020-07-12 11:30:00,697,225,480,31.3,2.0,66.98
2020-07-12 12:00:00,710,219,494,31.6,2.0,65.27
2020-07-12 12:30:00,683,184,501,31.700000000000003,2.0,64.91
2020-07-12 13:00:00,655,164,494,31.9,2.1,64.17
2020-07-12 13:30:00,628,159,477,31.9,2.2,64.11
2020-07-12 14:00:00,647,220,446,31.9,2.2,64.05
2020-07-12 14:30:00,634,272,401,31.8,2.3000000000000003,64.41
2020-07-12 15:00:00,499,158,375,31.700000000000003,2.3000000000000003,65.05
2020-07-12 15:30:00,428,143,327,31.5,2.2,65.79
2020-07-12 16:00:00,467,367,240,31.200000000000003,2.2,68.66
2020-07-12 16:30:00,403,448,171,30.700000000000003,2.1,70.71000000000001
2020-07-12 17:00:00,298,400,133,30.3,2.0,75.03
2020-07-12 17:30:00,155,142,113,29.5,1.9,78.54
2020-07-12 18:00:00,80,86,64,28.700000000000003,1.7000000000000002,85.81
2020-07-12 18:30:00,23,14,22,28.4,1.8,87.31
2020-07-13 06:30:00,36,0,36,26.1,1.2000000000000002,97.98
2020-07-13 07:00:00,88,30,81,26.8,1.4,94.1
2020-07-13 07:30:00,164,85,134,27.0,1.5,93.1
2020-07-13 08:00:00,341,421,149,27.3,1.5,90.61
2020-07-13 08:30:00,492,684,109,27.6,1.6,89.04
2020-07-13 09:00:00,501,366,261,27.8,1.7000000000000002,85.97
2020-07-13 09:30:00,554,308,324,28.1,1.6,84.48
2020-07-13 10:00:00,675,439,315,28.4,1.6,81.77
2020-07-13 10:30:00,675,303,408,28.700000000000003,1.5,80.36
2020-07-13 11:00:00,731,321,433,29.1,1.5,77.54
2020-07-13 11:30:00,816,423,408,29.3,1.4,76.66
2020-07-13 12:00:00,641,145,497,29.5,1.3,74.96000000000001
2020-07-13 12:30:00,964,810,161,29.6,1.3,74.54
2020-07-13 13:00:00,704,219,490,29.700000000000003,1.2000000000000002,73.62
2020-07-13 13:30:00,708,253,466,29.700000000000003,1.2000000000000002,73.55
2020-07-13 14:00:00,649,222,446,29.700000000000003,1.1,73.49
2020-07-13 14:30:00,671,336,383,29.6,1.1,73.91
2020-07-13 15:00:00,599,318,348,29.5,1.1,74.87
2020-07-13 15:30:00,595,512,233,29.4,1.0,75.31
2020-07-13 16:00:00,387,184,274,29.3,1.0,77.82000000000001
2020-07-13 16:30:00,202,25,189,29.0,1.1,79.18
2020-07-13 17:00:00,152,18,145,28.700000000000003,1.2000000000000002,80.39
2020-07-13 17:30:00,128,56,111,28.1,1.1,83.23
2020-07-13 18:00:00,65,19,62,27.6,1.1,89.77
2020-07-13 18:30:00,20,0,20,27.200000000000003,1.1,91.98
2020-07-14 06:30:00,20,0,20,25.5,1.4,97.73
2020-07-14 07:00:00,46,0,46,26.200000000000003,2.0,93.88
2020-07-14 07:30:00,86,0,86,26.700000000000003,2.2,91.17
2020-07-14 08:00:00,174,22,164,27.200000000000003,2.4000000000000004,86.44
2020-07-14 08:30:00,285,85,237,27.8,2.4000000000000004,83.47
2020-07-14 09:00:00,373,119,295,28.3,2.4000000000000004,79.45
2020-07-14 09:30:00,440,127,345,28.9,2.2,76.74
2020-07-14 10:00:00,505,138,392,29.4,2.0,73.76
2020-07-14 10:30:00,593,183,431,29.9,1.9,71.68
2020-07-14 11:00:00,684,248,453,30.3,1.7000000000000002,69.57000000000001
2020-07-14 11:30:00,729,267,471,30.6,1.6,68.39
2020-07-14 12:00:00,740,258,486,30.9,1.5,66.92
2020-07-14 12:30:00,745,258,489,31.1,1.4,66.1
2020-07-14 13:00:00,741,267,480,31.200000000000003,1.3,65.48
2020-07-14 13:30:00,721,272,462,31.3,1.2000000000000002,65.04
2020-07-14 14:00:00,652,226,446,31.4,1.1,64.63
2020-07-14 14:30:00,592,208,414,31.3,0.9,64.99
2020-07-14 15:00:00,485,140,374,31.3,0.8,65.03
2020-07-14 15:30:00,341,56,301,31.200000000000003,0.7000000000000001,65.4
2020-07-14 16:00:00,269,40,244,31.1,0.5,66.36
2020-07-14 16:30:00,190,17,181,30.9,0.4,67.11
2020-07-14 17:00:00,150,16,143,30.700000000000003,0.3,69.31
2020-07-14 17:30:00,116,29,107,30.200000000000003,0.4,71.39
2020-07-14 18:00:00,59,0,59,29.8,0.4,74.52
2020-07-14 18:30:00,18,0,18,29.3,0.6000000000000001,76.69
2020-07-15 07:30:00,94,0,94,27.200000000000003,2.2,90.42
2020-07-15 08:00:00,299,271,176,27.700000000000003,2.3000000000000003,85.14
2020-07-15 08:30:00,444,456,188,28.200000000000003,2.3000000000000003,82.7
2020-07-15 09:00:00,468,287,280,28.8,2.3000000000000003,76.7
2020-07-15 09:30:00,545,292,328,29.200000000000003,2.2,74.95
2020-07-15 10:00:00,572,226,387,29.6,2.1,71.66
2020-07-15 10:30:00,605,198,430,29.9,2.1,70.44
2020-07-15 11:00:00,654,208,461,30.200000000000003,2.0,68.61
2020-07-15 11:30:00,737,278,468,30.3,1.9,68.16
2020-07-15 12:00:00,524,65,461,30.5,1.9,67.14
2020-07-15 12:30:00,566,86,481,30.4,1.9,67.53
2020-07-15 13:00:00,648,156,495,30.4,1.9,67.71000000000001
2020-07-15 13:30:00,698,239,470,30.200000000000003,2.0,68.49
2020-07-15 14:00:00,514,87,435,30.1,2.0,69.22
2020-07-15 14:30:00,217,9,210,29.700000000000003,2.1,70.83
2020-07-15 15:00:00,137,0,137,29.4,2.1,73.84
2020-07-15 15:30:00,122,0,122,29.0,2.0,75.56
2020-07-15 16:00:00,174,3,172,28.6,2.0,78.84
2020-07-15 16:30:00,337,240,213,28.1,2.0,81.15
2020-07-15 17:00:00,301,413,131,27.700000000000003,2.0,83.77
2020-07-15 17:30:00,189,297,100,27.200000000000003,1.8,86.24
2020-07-15 18:00:00,101,229,60,26.8,1.7000000000000002,90.4
2020-07-15 18:30:00,29,95,23,26.6,1.7000000000000002,91.47
2020-07-16 06:30:00,61,227,35,25.8,1.3,98.79
2020-07-16 07:00:00,159,437,59,26.3,1.7000000000000002,95.99
2020-07-16 07:30:00,270,562,76,26.5,1.9,94.87
2020-07-16 08:00:00,385,661,85,26.700000000000003,2.1,93.27
2020-07-16 08:30:00,497,720,94,27.0,2.2,91.65
2020-07-16 09:00:00,603,770,98,27.4,2.4000000000000004,88.74
2020-07-16 09:30:00,700,801,104,27.8,2.4000000000000004,86.7
2020-07-16 10:00:00,787,835,103,28.200000000000003,2.4000000000000004,83.17
2020-07-16 10:30:00,858,852,106,28.6,2.3000000000000003,81.27
2020-07-16 11:00:00,914,862,111,29.0,2.2,77.98
2020-07-16 11:30:00,953,870,112,29.3,2.1,76.64
2020-07-16 12:00:00,976,873,115,29.700000000000003,2.0,74.46000000000001
2020-07-16 12:30:00,981,874,115,29.9,1.9,73.54
2020-07-16 13:00:00,514,62,454,30.1,1.8,72.69
2020-07-16 13:30:00,932,838,133,30.200000000000003,1.8,72.28
2020-07-16 14:00:00,884,821,134,30.3,1.8,72.34
2020-07-16 14:30:00,822,806,130,30.200000000000003,1.8,72.75
2020-07-16 15:00:00,744,780,128,30.200000000000003,1.8,73.9
2020-07-16 15:30:00,655,751,121,30.0,1.8,74.75
2020-07-16 16:00:00,460,344,247,29.9,1.9,77.7
2020-07-16 16:30:00,247,67,212,29.5,1.9,79.5
2020-07-16 17:00:00,17,0,17,29.1,2.0,82.53
2020-07-16 17:30:00,134,72,112,28.5,1.8,85.44
2020-07-16 18:00:00,68,31,63,27.9,1.7000000000000002,90.56
2020-07-16 18:30:00,20,0,20,27.6,1.7000000000000002,92.15
2020-07-17 06:30:00,65,311,31,25.200000000000003,1.0,93.56
2020-07-17 07:00:00,165,506,50,26.9,1.6,85.29
2020-07-17 07:30:00,278,625,63,27.700000000000003,1.9,81.4
2020-07-17 08:00:00,392,702,74,28.5,2.2,75.65
2020-07-17 08:30:00,504,757,81,29.1,2.3000000000000003,73.07000000000001
2020-07-17 09:00:00,610,794,89,29.8,2.4000000000000004,70.16
2020-07-17 09:30:00,707,824,95,30.3,2.4000000000000004,68.18
2020-07-17 10:00:00,789,837,104,30.9,2.4000000000000004,66.64
2020-07-17 10:30:00,860,853,108,31.4,2.3000000000000003,64.78
2020-07-17 11:00:00,916,864,111,31.8,2.2,63.99
2020-07-17 11:30:00,956,872,113,32.1,2.1,62.92
2020-07-17 12:00:00,980,875,116,32.4,2.0,62.22
2020-07-17 12:30:00,985,876,116,32.5,1.9,61.81
2020-07-17 13:00:00,966,848,134,32.6,1.9,61.58
2020-07-17 13:30:00,936,842,132,32.6,1.8,61.58
2020-07-17 14:00:00,889,830,130,32.6,1.8,61.690000000000005
2020-07-17 14:30:00,550,153,418,32.5,1.8,62.04
2020-07-17 15:00:00,570,260,364,32.4,1.8,62.65
2020-07-17 15:30:00,308,37,282,32.1,1.8,63.72
2020-07-17 16:00:00,184,5,181,31.9,1.9,65.06
2020-07-17 16:30:00,350,273,208,31.4,1.8,66.93
2020-07-17 17:00:00,338,606,88,31.0,1.8,71.16
2020-07-17 17:30:00,224,507,73,30.1,1.7000000000000002,74.91
2020-07-17 18:00:00,101,226,60,29.200000000000003,1.6,82.28
2020-07-17 18:30:00,29,93,22,28.6,1.7000000000000002,85.18
2020-07-18 06:30:00,60,222,35,26.3,1.1,95.4
2020-07-18 07:00:00,157,425,60,27.4,1.6,89.18
2020-07-18 07:30:00,267,552,78,28.0,1.7000000000000002,86.12
2020-07-18 08:00:00,381,641,91,28.6,1.8,82.29
2020-07-18 08:30:00,352,203,239,29.1,1.8,79.95
2020-07-18 09:00:00,598,745,110,29.6,1.7000000000000002,77.49
2020-07-18 09:30:00,694,778,116,29.9,1.6,76.17
2020-07-18 10:00:00,600,271,378,30.3,1.5,74.65
2020-07-18 10:30:00,842,789,146,30.5,1.5,73.8
2020-07-18 11:00:00,899,804,150,30.8,1.4,72.60000000000001
2020-07-18 11:30:00,939,813,153,31.0,1.4,71.78
2020-07-18 12:00:00,662,165,500,31.1,1.5,71.3
2020-07-18 12:30:00,667,165,503,31.200000000000003,1.5,70.9
2020-07-18 13:00:00,700,212,493,31.3,1.6,70.33
2020-07-18 13:30:00,764,341,439,31.3,1.6,70.33
2020-07-18 14:00:00,411,36,378,31.3,1.7000000000000002,70.2
2020-07-18 14:30:00,418,51,374,31.200000000000003,1.8,70.60000000000001
2020-07-18 15:00:00,477,130,374,31.1,1.8,71.16
2020-07-18 15:30:00,327,47,294,31.0,1.8,71.49
2020-07-18 16:00:00,410,226,270,30.8,1.8,72.89
2020-07-18 16:30:00,385,381,187,30.5,1.7000000000000002,74.14
2020-07-18 17:00:00,336,590,93,30.200000000000003,1.6,77.57000000000001
2020-07-18 17:30:00,222,489,76,29.5,1.4,80.82000000000001
2020-07-18 18:00:00,100,222,60,28.8,1.3,87.03
2020-07-18 18:30:00,28,89,22,28.3,1.3,89.58
2020-07-19 06:30:00,19,0,19,26.6,1.3,96.95
2020-07-19 07:00:00,157,436,58,27.8,1.8,91.66
2020-07-19 07:30:00,267,563,75,28.4,1.9,88.52
2020-07-19 08:00:00,382,648,88,28.9,2.1,84.89
2020-07-19 08:30:00,494,708,98,29.3,2.0,82.96000000000001
2020-07-19 09:00:00,597,744,110,29.700000000000003,2.0,80.60000000000001
2020-07-19 09:30:00,694,778,117,30.0,2.0,79.15
2020-07-19 10:00:00,234,10,226,30.4,2.0,77.57000000000001
2020-07-19 10:30:00,603,195,431,30.6,2.0,76.69
2020-07-19 11:00:00,736,327,432,30.9,2.0,75.5
2020-07-19 11:30:00,774,339,447,31.1,1.9,74.65
2020-07-19 12:00:00,976,862,125,31.3,1.9,73.8
2020-07-19 12:30:00,982,863,125,31.4,1.9,73.38
2020-07-19 13:00:00,960,827,149,31.5,1.8,72.75
2020-07-19 13:30:00,930,821,146,31.6,1.7000000000000002,72.27
2020-07-19 14:00:00,884,813,141,31.8,1.7000000000000002,71.22
2020-07-19 14:30:00,822,797,137,31.700000000000003,1.6,71.62
2020-07-19 15:00:00,746,778,130,31.700000000000003,1.5,70.98
2020-07-19 15:30:00,539,339,298,31.5,1.4,71.79
2020-07-19 16:00:00,442,297,258,31.4,1.4,73.19
2020-07-19 16:30:00,383,374,189,31.0,1.3,74.87
2020-07-19 17:00:00,299,405,133,30.700000000000003,1.3,76.82000000000001
2020-07-19 17:30:00,184,272,103,30.1,1.2000000000000002,79.5
2020-07-19 18:00:00,96,195,61,29.5,1.1,85.8
2020-07-19 18:30:00,27,71,22,29.1,1.1,87.79
2020-07-20 06:30:00,41,51,36,26.6,0.9,98.0
2020-07-20 07:00:00,106,107,82,27.3,1.6,95.36
2020-07-20 07:30:00,188,165,132,27.6,1.9,93.7
2020-07-20 08:00:00,240,117,187,28.0,2.1,91.88
2020-07-20 08:30:00,351,201,239,28.5,2.0,89.34
2020-07-20 09:00:00,442,234,289,29.0,1.8,86.15
2020-07-20 09:30:00,515,237,340,29.5,1.5,83.71000000000001
2020-07-20 10:00:00,639,343,359,30.0,1.1,80.37
2020-07-20 10:30:00,728,418,359,30.3,1.0,79.0
2020-07-20 11:00:00,745,344,424,30.6,0.9,77.39
2020-07-20 11:30:00,749,294,464,30.700000000000003,0.8,76.95
2020-07-20 12:00:00,718,226,495,30.8,0.8,76.16
2020-07-20 12:30:00,834,408,429,30.8,0.7000000000000001,76.16
2020-07-20 13:00:00,794,354,446,30.9,0.6000000000000001,75.73
2020-07-20 13:30:00,496,60,439,30.9,0.7000000000000001,75.65
2020-07-20 14:00:00,611,172,454,30.9,0.7000000000000001,75.73
2020-07-20 14:30:00,199,8,192,30.9,0.8,75.73
2020-07-20 15:00:00,148,1,147,30.8,0.8,76.89
2020-07-20 15:30:00,135,0,135,30.700000000000003,0.9,77.33
2020-07-20 16:00:00,34,0,34,30.6,0.9,78.57000000000001
2020-07-20 16:30:00,31,0,31,30.3,1.0,80.01
2020-07-20 17:00:00,168,36,154,30.0,1.1,80.11
2020-07-20 17:30:00,45,0,45,29.4,1.0,82.91
2020-07-20 18:00:00,24,0,24,28.8,1.0,90.63
2020-07-21 06:30:00,35,6,34,26.6,0.8,97.43
2020-07-21 07:00:00,89,42,80,27.6,1.1,93.58
2020-07-21 07:30:00,157,77,131,28.1,1.3,90.9
2020-07-21 08:00:00,265,177,185,28.700000000000003,1.4,87.19
2020-07-21 08:30:00,369,243,233,29.1,1.6,85.21000000000001
2020-07-21 09:00:00,516,410,248,29.5,1.7000000000000002,79.91
2020-07-21 09:30:00,522,248,338,29.8,1.8,78.54
2020-07-21 10:00:00,577,232,386,30.1,1.8,74.59
2020-07-21 10:30:00,491,85,416,30.3,1.8,73.74
2020-07-21 11:00:00,263,13,251,30.6,1.8,71.98
2020-07-21 11:30:00,609,129,484,30.8,1.8,71.17
2020-07-21 12:00:00,139,1,137,30.9,1.8,70.83
2020-07-21 12:30:00,230,11,219,30.9,1.8,70.83
2020-07-21 13:00:00,194,8,185,30.9,1.8,71.04
2020-07-21 13:30:00,251,12,240,30.8,1.8,71.45
2020-07-21 14:00:00,144,2,142,30.6,1.9,72.34
2020-07-21 14:30:00,127,0,127,30.4,1.8,73.17
2020-07-21 15:00:00,108,0,108,30.200000000000003,1.8,74.61
2020-07-21 15:30:00,98,0,98,29.9,1.8,75.9
2020-07-21 16:00:00,210,12,203,29.6,1.7000000000000002,79.23
2020-07-21 16:30:00,320,195,219,29.200000000000003,1.7000000000000002,81.07000000000001
2020-07-21 17:00:00,295,385,136,28.700000000000003,1.7000000000000002,83.58
2020-07-21 17:30:00,149,121,113,28.200000000000003,1.6,86.03
2020-07-21 18:00:00,76,69,63,27.6,1.5,91.35
2020-07-21 18:30:00,21,0,21,27.4,1.6,92.42
2020-07-22 06:30:00,56,199,35,26.1,1.2000000000000002,97.89
2020-07-22 07:00:00,117,169,79,26.8,1.6,94.93
2020-07-22 07:30:00,262,522,84,27.200000000000003,1.7000000000000002,92.73
2020-07-22 08:00:00,377,619,97,27.5,1.9,90.38
2020-07-22 08:30:00,489,682,108,27.9,2.0,88.3
2020-07-22 09:00:00,595,737,113,28.3,2.0,84.87
2020-07-22 09:30:00,692,771,120,28.700000000000003,2.1,82.92
2020-07-22 10:00:00,769,762,145,29.1,2.2,80.51
2020-07-22 10:30:00,841,783,150,29.5,2.4000000000000004,78.68
2020-07-22 11:00:00,898,799,153,29.8,2.5,77.46000000000001
2020-07-22 11:30:00,939,809,156,29.9,2.6,77.01
2020-07-22 12:00:00,963,817,155,30.1,2.7,75.98
2020-07-22 12:30:00,549,75,475,30.1,2.8000000000000003,75.98
2020-07-22 13:00:00,943,766,190,30.200000000000003,2.9000000000000004,75.45
2020-07-22 13:30:00,553,93,465,30.200000000000003,2.9000000000000004,75.45
2020-07-22 14:00:00,208,9,200,30.1,3.0,75.48
2020-07-22 14:30:00,66,0,66,30.0,3.0,75.91
2020-07-22 15:00:00,501,156,377,29.9,3.0,76.03
2020-07-22 15:30:00,57,0,57,29.700000000000003,2.9000000000000004,76.9
2020-07-22 16:00:00,101,0,101,29.5,2.8000000000000003,77.60000000000001
2020-07-22 16:30:00,50,0,50,29.1,2.5,79.4
2020-07-22 17:00:00,39,0,39,28.700000000000003,2.3000000000000003,82.81
2020-07-22 17:30:00,34,0,34,28.1,2.0,85.73
2020-07-22 18:00:00,19,0,19,27.5,1.7000000000000002,90.48
2020-07-23 06:30:00,57,211,34,26.200000000000003,0.6000000000000001,96.08
2020-07-23 07:00:00,134,275,72,27.200000000000003,0.6000000000000001,90.73
2020-07-23 07:30:00,230,353,111,27.9,0.7000000000000001,87.11
2020-07-23 08:00:00,378,634,92,28.6,0.7000000000000001,81.82000000000001
2020-07-23 08:30:00,490,695,103,29.1,0.8,79.49
2020-07-23 09:00:00,596,741,111,29.6,1.0,75.26
2020-07-23 09:30:00,693,775,118,30.1,1.0,73.14
2020-07-23 10:00:00,781,808,119,30.6,1.0,70.99
2020-07-23 10:30:00,853,826,123,31.0,1.0,69.4
2020-07-23 11:00:00,556,107,456,31.4,1.0,67.68
2020-07-23 11:30:00,503,60,445,31.6,1.0,66.92
2020-07-23 12:00:00,778,307,474,31.8,1.0,65.94
2020-07-23 12:30:00,977,846,136,31.8,1.0,65.87
2020-07-23 13:00:00,964,838,140,31.9,1.1,65.35
2020-07-23 13:30:00,934,831,139,31.9,1.2000000000000002,65.35
2020-07-23 14:00:00,887,817,138,31.9,1.3,65.38
2020-07-23 14:30:00,824,801,135,31.8,1.3,65.75
2020-07-23 15:00:00,746,780,128,31.700000000000003,1.4,66.57000000000001
2020-07-23 15:30:00,656,752,122,31.5,1.4,67.32000000000001
2020-07-23 16:00:00,556,710,116,31.3,1.4,69.4
2020-07-23 16:30:00,406,458,169,31.0,1.4,70.59
2020-07-23 17:00:00,265,270,155,30.700000000000003,1.4,73.63
2020-07-23 17:30:00,116,31,107,30.0,1.3,76.63
2020-07-23 18:00:00,59,0,59,29.3,1.2000000000000002,84.29
2020-07-23 18:30:00,17,0,17,28.8,1.3,86.75
2020-07-24 07:30:00,13,0,13,27.8,1.3,89.8
2020-07-24 08:00:00,20,0,20,28.3,1.5,86.51
2020-07-24 08:30:00,361,224,236,28.6,1.7000000000000002,85.02
2020-07-24 09:00:00,337,79,285,29.0,1.9,81.71000000000001
2020-07-24 09:30:00,595,405,294,29.200000000000003,1.9,80.78
2020-07-24 10:00:00,689,468,305,29.5,2.0,79.34
2020-07-24 10:30:00,679,306,409,29.8,1.9,77.99
2020-07-24 11:00:00,752,360,416,30.0,1.9,77.43
2020-07-24 11:30:00,826,429,410,30.1,1.9,76.99
2020-07-24 12:00:00,844,423,426,30.3,1.8,76.19
2020-07-24 12:30:00,705,204,503,30.3,1.8,76.11
2020-07-24 13:00:00,779,308,476,30.4,1.8,75.62
2020-07-24 13:30:00,632,158,481,30.4,1.6,75.54
2020-07-24 14:00:00,597,155,455,30.3,1.5,75.68
2020-07-24 14:30:00,546,147,419,30.1,1.5,76.55
2020-07-24 15:00:00,455,106,371,29.8,1.4,78.46000000000001
2020-07-24 15:30:00,346,59,304,29.5,1.5,79.82000000000001
2020-07-24 16:00:00,236,21,223,29.1,1.6,84.24
2020-07-24 16:30:00,25,0,25,28.6,1.7000000000000002,86.71000000000001
2020-07-24 17:00:00,17,0,17,28.200000000000003,1.8,88.41
2020-07-24 17:30:00,26,0,26,27.8,1.8,90.48
2020-07-24 18:00:00,14,0,14,27.4,1.8,93.81
2020-07-25 07:00:00,21,0,21,26.9,2.3000000000000003,95.33
2020-07-25 07:30:00,22,0,22,27.200000000000003,2.4000000000000004,93.67
2020-07-25 08:00:00,186,35,170,27.5,2.6,91.96
2020-07-25 08:30:00,320,142,241,27.9,2.6,89.84
2020-07-25 09:00:00,587,691,135,28.200000000000003,2.6,87.39
2020-07-25 09:30:00,684,728,143,28.6,2.6,85.39
2020-07-25 10:00:00,770,764,144,28.9,2.6,83.5
2020-07-25 10:30:00,843,785,150,29.3,2.7,81.52
2020-07-25 11:00:00,497,68,433,29.6,2.7,80.06
2020-07-25 11:30:00,942,814,153,29.9,2.7,78.69
2020-07-25 12:00:00,624,127,498,30.1,2.7,77.55
2020-07-25 12:30:00,153,4,149,30.200000000000003,2.8000000000000003,77.03
2020-07-25 13:00:00,90,0,90,30.3,2.9000000000000004,76.39
2020-07-25 13:30:00,103,0,103,30.3,3.0,76.39
2020-07-25 14:00:00,230,11,220,30.3,3.1,75.98
2020-07-25 14:30:00,242,11,233,30.1,3.2,76.85000000000001
2020-07-25 15:00:00,111,0,111,29.9,3.2,77.97
2020-07-25 15:30:00,78,0,78,29.700000000000003,3.2,78.87
2020-07-25 16:00:00,71,0,71,29.4,3.2,80.87
2020-07-25 16:30:00,69,0,69,29.0,3.0,82.75
2020-07-25 17:00:00,43,0,43,28.700000000000003,2.9000000000000004,85.66
2020-07-25 17:30:00,24,0,24,28.1,2.6,88.78
2020-07-25 18:00:00,14,0,14,27.5,2.3000000000000003,92.93
2020-07-26 06:30:00,44,94,34,26.3,1.5,98.88
2020-07-26 07:00:00,116,173,78,27.200000000000003,1.9,95.35
2020-07-26 07:30:00,233,371,108,27.700000000000003,2.0,92.61
2020-07-26 08:00:00,277,213,181,28.1,2.2,90.28
2020-07-26 08:30:00,381,275,228,28.6,2.2,87.7
2020-07-26 09:00:00,495,355,263,29.0,2.2,85.2
2020-07-26 09:30:00,567,337,317,29.4,2.3000000000000003,83.17
2020-07-26 10:00:00,362,36,332,29.9,2.3000000000000003,80.32000000000001
2020-07-26 10:30:00,551,134,432,30.3,2.3000000000000003,78.51
2020-07-26 11:00:00,662,214,462,30.700000000000003,2.4000000000000004,75.88
2020-07-26 11:30:00,743,281,470,30.8,2.3000000000000003,75.37
2020-07-26 12:00:00,866,440,430,30.9,2.3000000000000003,74.0
2020-07-26 12:30:00,979,842,141,30.9,2.2,74.0
2020-07-26 13:00:00,958,813,158,30.9,2.2,73.33
2020-07-26 13:30:00,929,807,156,30.9,2.2,73.25
2020-07-26 14:00:00,883,799,150,30.8,2.2,73.23
2020-07-26 14:30:00,821,783,146,30.700000000000003,2.3000000000000003,73.65
2020-07-26 15:00:00,567,252,368,30.6,2.3000000000000003,73.92
2020-07-26 15:30:00,654,738,128,30.5,2.3000000000000003,74.34
2020-07-26 16:00:00,504,483,205,30.3,2.2,76.46000000000001
2020-07-26 16:30:00,371,336,197,29.9,2.2,78.22
2020-07-26 17:00:00,294,388,135,29.5,2.1,81.18
2020-07-26 17:30:00,200,369,91,28.9,1.9,84.03
2020-07-26 18:00:00,71,53,62,28.200000000000003,1.8,90.07000000000001
2020-07-26 18:30:00,27,116,20,27.9,1.9,91.65
2020-07-27 06:30:00,55,219,32,26.6,1.4,97.16
2020-07-27 07:00:00,151,416,59,27.700000000000003,1.7000000000000002,92.49
2020-07-27 07:30:00,262,547,78,28.1,1.9,90.36
2020-07-27 08:00:00,376,622,96,28.6,2.1,86.60000000000001
2020-07-27 08:30:00,488,686,107,28.9,2.3000000000000003,85.11
2020-07-27 09:00:00,592,714,125,29.3,2.4000000000000004,81.55
2020-07-27 09:30:00,690,750,133,29.6,2.4000000000000004,80.16
2020-07-27 10:00:00,768,744,158,30.0,2.4000000000000004,77.45
2020-07-27 10:30:00,841,766,164,30.3,2.2,76.13
2020-07-27 11:00:00,897,784,165,30.700000000000003,2.1,73.86
2020-07-27 11:30:00,938,794,168,30.9,1.9,72.96000000000001
2020-07-27 12:00:00,963,805,166,31.200000000000003,1.8,71.38
2020-07-27 12:30:00,969,807,166,31.3,1.7000000000000002,70.98
2020-07-27 13:00:00,968,844,137,31.5,1.6,69.87
2020-07-27 13:30:00,938,838,135,31.5,1.5,69.8
2020-07-27 14:00:00,891,826,133,31.6,1.4,69.12
2020-07-27 14:30:00,828,811,130,31.6,1.3,69.12
2020-07-27 15:00:00,750,790,124,31.5,1.2000000000000002,69.49
2020-07-27 15:30:00,660,761,118,31.4,1.1,69.89
2020-07-27 16:00:00,558,722,111,31.3,1.1,71.48
2020-07-27 16:30:00,421,524,149,31.1,1.1,72.37
2020-07-27 17:00:00,275,309,148,30.8,1.1,73.61
2020-07-27 17:30:00,67,0,67,30.200000000000003,1.0,76.17
2020-07-27 18:00:00,34,0,34,29.6,1.0,82.14
2020-07-27 18:30:00,11,0,11,29.200000000000003,1.1,84.05
2020-07-28 06:30:00,44,103,34,26.5,1.2000000000000002,98.33
2020-07-28 07:00:00,118,189,77,27.200000000000003,1.6,95.05
2020-07-28 07:30:00,135,34,123,27.6,1.7000000000000002,92.86
2020-07-28 08:00:00,230,102,184,27.9,1.9,90.29
2020-07-28 08:30:00,375,260,230,28.200000000000003,2.0,88.73
2020-07-28 09:00:00,488,338,268,28.5,2.1,84.84
2020-07-28 09:30:00,610,455,272,28.9,2.2,82.9
2020-07-28 10:00:00,677,439,317,29.200000000000003,2.2,79.12
2020-07-28 10:30:00,594,181,434,29.5,2.2,77.77
2020-07-28 11:00:00,726,305,441,29.9,2.2,75.07000000000001
2020-07-28 11:30:00,832,433,412,30.200000000000003,2.1,73.79
2020-07-28 12:00:00,842,418,428,30.4,2.0,72.36
2020-07-28 12:30:00,777,295,483,30.6,1.8,71.54
2020-07-28 13:00:00,735,250,489,30.8,1.7000000000000002,70.39
2020-07-28 13:30:00,734,283,463,30.8,1.6,70.39
2020-07-28 14:00:00,681,258,444,30.9,1.4,69.77
2020-07-28 14:30:00,519,119,416,30.9,1.4,69.77
2020-07-28 15:00:00,81,0,81,30.9,1.3,69.89
2020-07-28 15:30:00,46,0,46,30.700000000000003,1.3,70.69
2020-07-28 16:00:00,273,42,247,30.5,1.3,73.43
2020-07-28 16:30:00,163,4,161,30.1,1.4,75.12
2020-07-28 17:00:00,93,0,93,29.700000000000003,1.5,76.72
2020-07-28 17:30:00,155,150,111,28.9,1.3,80.33
2020-07-28 18:00:00,78,91,62,28.200000000000003,1.2000000000000002,87.81
2020-07-28 18:30:00,20,3,20,27.8,1.2000000000000002,89.87
2020-07-29 06:30:00,44,102,33,26.0,1.0,97.84
2020-07-29 07:00:00,118,188,77,26.8,1.7000000000000002,94.53
2020-07-29 07:30:00,214,282,119,27.1,1.9,92.88
2020-07-29 08:00:00,321,362,158,27.5,2.1,90.49
2020-07-29 08:30:00,412,365,209,27.8,2.3000000000000003,88.92
2020-07-29 09:00:00,518,411,249,28.1,2.5,86.72
2020-07-29 09:30:00,608,449,274,28.4,2.6,85.23
2020-07-29 10:00:00,684,456,310,28.8,2.8000000000000003,82.72
2020-07-29 10:30:00,848,789,150,29.1,2.8000000000000003,81.3
2020-07-29 11:00:00,904,800,156,29.5,2.8000000000000003,78.93
2020-07-29 11:30:00,784,353,441,29.8,2.8000000000000003,77.58
2020-07-29 12:00:00,806,362,447,30.1,2.8000000000000003,75.74
2020-07-29 12:30:00,794,317,478,30.200000000000003,2.7,75.31
2020-07-29 13:00:00,798,356,448,30.4,2.6,74.17
2020-07-29 13:30:00,780,370,425,30.5,2.5,73.68
2020-07-29 14:00:00,702,291,435,30.5,2.4000000000000004,73.72
2020-07-29 14:30:00,647,283,403,30.5,2.3000000000000003,73.72
2020-07-29 15:00:00,595,301,356,30.5,2.1,74.14
2020-07-29 15:30:00,506,266,317,30.3,2.0,74.99
2020-07-29 16:00:00,442,299,257,30.1,1.9,77.09
2020-07-29 16:30:00,442,629,117,29.700000000000003,1.8,78.87
2020-07-29 17:00:00,329,558,102,29.3,1.8,81.03
2020-07-29 17:30:00,192,336,94,28.6,1.5,84.37
2020-07-29 18:00:00,99,244,56,28.0,1.3,90.23
2020-07-29 18:30:00,25,83,20,27.700000000000003,1.3,91.9
2020-07-30 06:30:00,46,129,33,25.4,1.0,95.77
2020-07-30 07:00:00,138,327,66,26.8,1.7000000000000002,88.55
2020-07-30 07:30:00,214,286,118,27.6,2.1,84.51
2020-07-30 08:00:00,326,383,154,28.3,2.6,79.08
2020-07-30 08:30:00,428,417,197,29.0,2.9000000000000004,75.95
2020-07-30 09:00:00,525,440,237,29.6,3.2,72.85000000000001
2020-07-30 09:30:00,573,349,314,30.200000000000003,3.3000000000000003,70.39
2020-07-30 10:00:00,793,853,94,30.8,3.5,68.66
2020-07-30 10:30:00,765,476,344,31.3,3.5,66.74
2020-07-30 11:00:00,781,417,390,31.8,3.5,66.04
2020-07-30 11:30:00,856,455,414,32.1,3.4000000000000004,64.87
2020-07-30 12:00:00,811,370,443,32.4,3.4000000000000004,64.8
2020-07-30 12:30:00,812,363,450,32.6,3.3000000000000003,64.01
2020-07-30 13:00:00,800,357,447,32.800000000000004,3.2,63.89
2020-07-30 13:30:00,770,342,442,32.800000000000004,3.1,63.89
2020-07-30 14:00:00,752,395,390,32.800000000000004,3.0,64.1
2020-07-30 14:30:00,763,514,320,32.800000000000004,2.8000000000000003,64.1
2020-07-30 15:00:00,759,833,99,32.800000000000004,2.6,64.31
2020-07-30 15:30:00,548,357,294,32.6,2.5,65.03
2020-07-30 16:00:00,442,297,258,32.300000000000004,2.4000000000000004,66.58
2020-07-30 16:30:00,345,263,209,31.8,2.2,68.55
2020-07-30 17:00:00,240,193,162,31.3,2.0,73.32000000000001
2020-07-30 17:30:00,195,352,92,30.4,1.7000000000000002,77.17
2020-07-30 18:00:00,102,278,54,29.6,1.5,84.17
2020-07-30 18:30:00,25,103,20,29.200000000000003,1.5,86.13
2020-07-31 06:30:00,43,101,33,26.200000000000003,2.1,95.03
2020-07-31 07:00:00,117,186,76,27.200000000000003,2.6,90.13
2020-07-31 07:30:00,206,248,122,27.700000000000003,2.8000000000000003,87.55
2020-07-31 08:00:00,342,448,141,28.200000000000003,3.1,83.34
2020-07-31 08:30:00,424,402,201,28.6,3.5,81.43
2020-07-31 09:00:00,475,304,276,29.1,3.8,77.21000000000001
2020-07-31 09:30:00,524,251,338,29.6,4.1000000000000005,75.03
2020-07-31 10:00:00,622,304,372,30.200000000000003,4.4,71.06
2020-07-31 10:30:00,714,372,384,30.6,4.4,69.46000000000001
2020-07-31 11:00:00,747,337,432,31.1,4.4,66.54
2020-07-31 11:30:00,799,385,425,31.5,4.2,64.98
2020-07-31 12:00:00,844,418,430,31.9,4.0,63.84
2020-07-31 12:30:00,797,323,475,32.2,3.9,62.77
2020-07-31 13:00:00,738,252,490,32.6,3.7,62.07
2020-07-31 13:30:00,802,410,409,32.6,3.5,62.07
2020-07-31 14:00:00,718,315,429,32.7,3.4000000000000004,62.05
2020-07-31 14:30:00,746,483,329,32.5,3.2,62.75
2020-07-31 15:00:00,601,311,354,32.4,3.0,64.02
2020-07-31 15:30:00,321,43,291,31.9,2.8000000000000003,65.85
2020-07-31 16:00:00,417,240,268,31.5,2.6,69.99
2020-07-31 16:30:00,396,425,176,30.9,2.5,72.48
2020-07-31 17:00:00,315,494,114,30.3,2.4000000000000004,77.68
2020-07-31 17:30:00,191,333,94,29.6,2.3000000000000003,80.85000000000001
2020-07-31 18:00:00,99,253,55,28.9,2.2,86.22
2020-07-31 18:30:00,25,86,20,28.6,2.5,87.81
2020-08-01 06:30:00,40,77,33,26.200000000000003,2.1,95.32
2020-08-01 07:00:00,111,153,78,27.200000000000003,2.4000000000000004,91.17
2020-08-01 07:30:00,190,184,128,27.8,2.6,88.04
2020-08-01 08:00:00,321,365,158,28.4,2.8000000000000003,85.17
2020-08-01 08:30:00,327,153,241,28.8,2.9000000000000004,83.23
2020-08-01 09:00:00,322,65,279,29.3,3.0,81.13
2020-08-01 09:30:00,464,155,349,29.5,3.1,80.2
2020-08-01 10:00:00,495,125,393,29.8,3.2,79.49
2020-08-01 10:30:00,495,86,419,29.9,3.3000000000000003,79.03
2020-08-01 11:00:00,339,19,321,30.1,3.3000000000000003,78.74
2020-08-01 11:30:00,525,69,458,30.0,3.4000000000000004,79.19
2020-08-01 12:00:00,646,143,504,30.0,3.4000000000000004,79.60000000000001
2020-08-01 12:30:00,679,171,508,30.0,3.5,79.60000000000001
2020-08-01 13:00:00,578,94,485,29.9,3.5,80.58
2020-08-01 13:30:00,403,28,376,29.8,3.6,81.04
2020-08-01 14:00:00,461,54,411,29.700000000000003,3.7,81.59
2020-08-01 14:30:00,651,289,402,29.5,3.6,82.53
2020-08-01 15:00:00,546,216,375,29.3,3.6,83.27
2020-08-01 15:30:00,526,308,308,29.0,3.4000000000000004,84.72
2020-08-01 16:00:00,320,85,268,28.700000000000003,3.3000000000000003,86.38
2020-08-01 16:30:00,263,91,217,28.3,3.0,88.4
2020-08-01 17:00:00,263,271,153,27.9,2.7,90.88
2020-08-01 17:30:00,158,171,108,27.5,2.5,93.02
2020-08-01 18:00:00,79,107,60,27.1,2.4000000000000004,94.43
2020-08-01 18:30:00,19,5,19,26.9,2.4000000000000004,95.64
2020-08-02 06:30:00,23,0,23,25.8,4.0,92.19
2020-08-02 07:00:00,59,0,59,26.4,4.1000000000000005,89.99
2020-08-02 07:30:00,177,139,130,26.8,4.2,87.9
2020-08-02 08:00:00,225,92,183,27.200000000000003,4.2,87.24
2020-08-02 08:30:00,350,201,239,27.6,4.3,85.23
2020-08-02 09:00:00,359,102,292,28.0,4.5,82.84
2020-08-02 09:30:00,387,75,332,28.3,4.5,81.42
2020-08-02 10:00:00,385,45,348,28.6,4.6000000000000005,81.47
2020-08-02 10:30:00,391,35,360,28.8,4.6000000000000005,80.54
2020-08-02 11:00:00,397,30,370,29.1,4.7,81.62
2020-08-02 11:30:00,326,17,309,29.3,4.800000000000001,80.69
2020-08-02 12:00:00,343,18,325,29.4,4.9,81.11
2020-08-02 12:30:00,504,52,452,29.4,4.9,81.03
2020-08-02 13:00:00,615,121,496,29.5,4.9,79.53
2020-08-02 13:30:00,626,148,484,29.4,4.9,79.91
2020-08-02 14:00:00,586,142,456,29.3,4.800000000000001,78.67
2020-08-02 14:30:00,480,86,406,29.200000000000003,4.6000000000000005,79.12
2020-08-02 15:00:00,475,125,376,29.1,4.4,78.74
2020-08-02 15:30:00,404,111,326,28.8,4.3,80.11
2020-08-02 16:00:00,326,92,270,28.6,4.1000000000000005,81.25
2020-08-02 16:30:00,285,127,220,28.200000000000003,4.1000000000000005,83.15
2020-08-02 17:00:00,174,47,155,27.9,4.0,84.3
2020-08-02 17:30:00,19,0,19,27.5,4.0,86.28
2020-08-02 18:00:00,11,0,11,27.1,4.1000000000000005,86.92
2020-08-03 06:30:00,14,0,14,26.700000000000003,3.4000000000000004,95.69
2020-08-03 07:00:00,32,0,32,27.5,3.9,92.92
2020-08-03 07:30:00,93,0,93,27.9,4.0,90.78
2020-08-03 08:00:00,169,20,160,28.3,4.2,89.74
2020-08-03 08:30:00,329,158,241,28.700000000000003,4.4,87.69
2020-08-03 09:00:00,412,176,296,29.1,4.7,84.99
2020-08-03 09:30:00,509,221,344,29.3,4.9,84.02
2020-08-03 10:00:00,587,243,388,29.6,5.1000000000000005,82.36
2020-08-03 10:30:00,557,137,435,29.8,5.2,81.42
2020-08-03 11:00:00,582,125,465,30.0,5.4,81.2
2020-08-03 11:30:00,656,169,493,30.1,5.4,80.66
2020-08-03 12:00:00,379,22,357,30.200000000000003,5.4,80.87
2020-08-03 12:30:00,455,36,419,30.3,5.300000000000001,80.41
2020-08-03 13:00:00,420,29,391,30.3,5.2,81.09
2020-08-03 13:30:00,614,137,483,30.4,5.2,80.63
2020-08-03 14:00:00,696,278,441,30.4,5.1000000000000005,81.07000000000001
2020-08-03 14:30:00,643,274,407,30.3,5.0,81.53
2020-08-03 15:00:00,421,77,360,30.200000000000003,4.800000000000001,81.81
2020-08-03 15:30:00,485,228,324,30.0,4.6000000000000005,82.83
2020-08-03 16:00:00,439,294,258,29.700000000000003,4.3,83.94
2020-08-03 16:30:00,98,0,98,29.4,4.1000000000000005,85.4
2020-08-03 17:00:00,174,47,155,29.0,3.8,86.67
2020-08-03 17:30:00,82,0,82,28.6,3.5,88.7
2020-08-03 18:00:00,40,0,40,28.1,3.3000000000000003,89.9
2020-08-03 18:30:00,11,0,11,27.9,3.3000000000000003,90.95
2020-08-04 06:30:00,20,0,20,26.4,3.2,94.7
2020-08-04 07:00:00,50,0,50,27.4,3.6,91.21
2020-08-04 07:30:00,157,84,129,27.9,3.8,88.59
2020-08-04 08:00:00,129,0,129,28.3,4.0,86.91
2020-08-04 08:30:00,291,96,238,28.700000000000003,4.2,84.92
2020-08-04 09:00:00,271,31,251,29.1,4.5,81.19
2020-08-04 09:30:00,424,107,344,29.4,4.6000000000000005,79.8
2020-08-04 10:00:00,373,40,340,29.6,4.7,77.62
2020-08-04 10:30:00,491,83,418,29.9,4.6000000000000005,76.3
2020-08-04 11:00:00,616,157,469,30.1,4.6000000000000005,74.95
2020-08-04 11:30:00,665,177,493,30.3,4.5,74.10000000000001
2020-08-04 12:00:00,677,172,506,30.4,4.4,73.74
2020-08-04 12:30:00,711,205,507,30.5,4.3,73.33
2020-08-04 13:00:00,809,373,441,30.6,4.2,73.58
2020-08-04 13:30:00,736,281,466,30.5,4.1000000000000005,74.0
2020-08-04 14:00:00,662,229,452,30.5,4.1000000000000005,75.29
2020-08-04 14:30:00,659,301,399,30.4,4.0,75.64
2020-08-04 15:00:00,498,151,378,30.3,3.9,77.57000000000001
2020-08-04 15:30:00,313,39,286,30.0,3.9,78.91
2020-08-04 16:00:00,259,34,238,29.8,3.9,81.45
2020-08-04 16:30:00,156,2,155,29.3,3.8,83.82000000000001
2020-08-04 17:00:00,167,38,152,28.9,3.8,87.08
2020-08-04 17:30:00,118,43,105,28.4,3.7,89.63
2020-08-04 18:00:00,57,8,56,27.9,3.7,91.05
2020-08-04 18:30:00,14,0,14,27.700000000000003,3.7,92.21
2020-08-05 06:30:00,21,0,21,26.1,2.4000000000000004,96.44
2020-08-05 07:00:00,53,0,53,27.0,2.9000000000000004,93.77
2020-08-05 07:30:00,11,0,11,27.5,3.1,91.07
2020-08-05 08:00:00,112,0,112,28.0,3.2,89.26
2020-08-05 08:30:00,250,48,223,28.5,3.4000000000000004,86.72
2020-08-05 09:00:00,320,63,279,29.0,3.6,83.53
2020-08-05 09:30:00,515,231,343,29.4,3.7,81.63
2020-08-05 10:00:00,532,165,396,29.8,3.8,78.97
2020-08-05 10:30:00,687,311,411,30.1,3.7,77.55
2020-08-05 11:00:00,735,314,441,30.4,3.7,75.91
2020-08-05 11:30:00,728,253,481,30.5,3.5,75.48
2020-08-05 12:00:00,718,217,502,30.700000000000003,3.4000000000000004,74.51
2020-08-05 12:30:00,590,96,494,30.8,3.2,74.08
2020-08-05 13:00:00,661,161,502,30.9,3.1,73.29
2020-08-05 13:30:00,566,99,471,30.9,3.0,73.29
2020-08-05 14:00:00,559,117,452,30.8,2.8000000000000003,73.35000000000001
2020-08-05 14:30:00,485,90,408,30.700000000000003,2.7,73.7
2020-08-05 15:00:00,470,120,375,30.6,2.5,74.0
2020-08-05 15:30:00,397,103,323,30.4,2.3000000000000003,74.85000000000001
2020-08-05 16:00:00,435,287,259,30.200000000000003,2.1,76.92
2020-08-05 16:30:00,231,51,204,29.8,2.0,78.7
2020-08-05 17:00:00,58,0,58,29.5,1.9,80.44
2020-08-05 17:30:00,100,9,98,28.8,1.7000000000000002,83.75
2020-08-05 18:00:00,48,0,48,28.200000000000003,1.4,89.3
2020-08-05 18:30:00,12,0,12,27.9,1.5,90.96
2020-08-06 06:30:00,37,61,32,25.5,1.0,96.03
2020-08-06 07:00:00,106,130,77,26.9,1.5,88.55
2020-08-06 07:30:00,203,244,122,27.5,1.8,85.51
2020-08-06 08:00:00,314,340,162,28.1,2.1,80.76
2020-08-06 08:30:00,397,319,220,28.700000000000003,2.2,78.0
2020-08-06 09:00:00,428,205,294,29.200000000000003,2.4000000000000004,75.45
2020-08-06 09:30:00,543,284,333,29.700000000000003,2.4000000000000004,73.31
2020-08-06 10:00:00,641,337,364,30.1,2.4000000000000004,72.8
2020-08-06 10:30:00,753,454,351,30.5,2.4000000000000004,71.16
2020-08-06 11:00:00,756,355,423,30.8,2.4000000000000004,70.97
2020-08-06 11:30:00,813,404,419,31.0,2.4000000000000004,70.17
2020-08-06 12:00:00,789,303,488,31.1,2.4000000000000004,70.27
2020-08-06 12:30:00,803,332,471,31.200000000000003,2.3000000000000003,69.87
2020-08-06 13:00:00,737,248,492,31.200000000000003,2.3000000000000003,70.26
2020-08-06 13:30:00,823,434,406,31.200000000000003,2.2,70.19
2020-08-06 14:00:00,766,420,381,31.200000000000003,2.1,70.53
2020-08-06 14:30:00,652,291,402,31.1,1.9,70.93
2020-08-06 15:00:00,671,488,285,31.0,1.8,71.97
2020-08-06 15:30:00,452,175,328,30.8,1.6,72.79
2020-08-06 16:00:00,440,301,256,30.6,1.5,75.48
2020-08-06 16:30:00,350,287,203,30.200000000000003,1.4,77.22
2020-08-06 17:00:00,263,284,149,29.9,1.4,79.08
2020-08-06 17:30:00,155,171,106,29.4,1.2000000000000002,81.46000000000001
2020-08-06 18:00:00,75,105,58,28.8,1.0,88.47
2020-08-06 18:30:00,16,0,16,28.6,0.9,89.5
2020-08-07 06:30:00,11,0,11,26.1,1.8,99.3
2020-08-07 07:00:00,25,0,25,26.4,2.4000000000000004,97.99
2020-08-07 07:30:00,24,0,24,26.6,2.6,96.84
2020-08-07 08:00:00,60,0,60,26.8,2.8000000000000003,96.0
2020-08-07 08:30:00,63,0,63,27.1,3.0,94.42
2020-08-07 09:00:00,58,0,58,27.3,3.2,93.04
2020-08-07 09:30:00,108,0,108,27.5,3.4000000000000004,91.96
2020-08-07 10:00:00,139,0,139,27.700000000000003,3.6,90.53
2020-08-07 10:30:00,292,15,278,27.9,3.8,89.48
2020-08-07 11:00:00,374,25,351,28.1,3.9,88.3
2020-08-07 11:30:00,346,19,327,28.3,3.9,87.2
2020-08-07 12:00:00,355,19,336,28.4,4.0,87.13
2020-08-07 12:30:00,350,19,331,28.5,3.9,86.63
2020-08-07 13:00:00,310,16,295,28.6,3.9,86.59
2020-08-07 13:30:00,333,18,316,28.6,3.9,86.59
2020-08-07 14:00:00,349,22,329,28.6,3.8,86.87
2020-08-07 14:30:00,533,132,420,28.5,3.7,87.37
2020-08-07 15:00:00,559,238,370,28.4,3.6,88.07000000000001
2020-08-07 15:30:00,362,71,311,28.3,3.4000000000000004,88.58
2020-08-07 16:00:00,251,30,233,28.1,3.2,90.16
2020-08-07 16:30:00,281,125,218,27.9,3.0,91.21
2020-08-07 17:00:00,173,49,154,27.700000000000003,2.7,92.93
2020-08-07 17:30:00,156,180,105,27.3,2.4000000000000004,95.12
2020-08-07 18:00:00,76,113,57,27.0,2.1,95.42
2020-08-07 18:30:00,16,0,16,26.8,2.2,96.54
2020-08-08 06:30:00,16,0,16,25.1,1.9,97.45
2020-08-08 07:00:00,38,0,38,26.1,2.3000000000000003,93.5
2020-08-08 07:30:00,161,95,129,26.700000000000003,2.4000000000000004,90.26
2020-08-08 08:00:00,267,188,183,27.200000000000003,2.5,87.78
2020-08-08 08:30:00,383,281,227,27.8,2.6,84.76
2020-08-08 09:00:00,432,211,294,28.4,2.6,82.36
2020-08-08 09:30:00,466,156,350,28.9,2.7,80.02
2020-08-08 10:00:00,473,103,389,29.4,2.7,78.60000000000001
2020-08-08 10:30:00,556,135,436,29.700000000000003,2.7,77.26
2020-08-08 11:00:00,742,322,440,30.0,2.7,76.63
2020-08-08 11:30:00,831,426,417,30.200000000000003,2.7,75.68
2020-08-08 12:00:00,679,173,507,30.4,2.6,75.17
2020-08-08 12:30:00,738,236,503,30.5,2.6,74.74
2020-08-08 13:00:00,450,36,414,30.6,2.6,74.12
2020-08-08 13:30:00,261,13,249,30.6,2.5,74.12
2020-08-08 14:00:00,326,18,309,30.6,2.5,73.74
2020-08-08 14:30:00,301,17,286,30.5,2.5,74.08
2020-08-08 15:00:00,399,62,350,30.5,2.5,73.96000000000001
2020-08-08 15:30:00,661,784,107,30.200000000000003,2.5,75.23
2020-08-08 16:00:00,479,409,229,30.0,2.5,76.79
2020-08-08 16:30:00,327,226,212,29.5,2.5,79.02
2020-08-08 17:00:00,22,0,22,29.1,2.5,82.68
2020-08-08 17:30:00,144,132,106,28.4,2.5,86.09
2020-08-08 18:00:00,66,60,56,27.700000000000003,2.5,90.93
2020-08-08 18:30:00,17,0,17,27.4,2.7,92.53
2020-08-09 06:30:00,37,61,31,25.6,1.6,96.14
2020-08-09 07:00:00,112,171,76,26.8,2.5,90.35
2020-08-09 07:30:00,134,36,122,27.5,2.8000000000000003,86.73
2020-08-09 08:00:00,83,0,83,28.1,3.1,82.85000000000001
2020-08-09 08:30:00,230,33,212,28.8,3.3000000000000003,79.64
2020-08-09 09:00:00,411,175,297,29.4,3.4000000000000004,76.55
2020-08-09 09:30:00,704,800,109,30.0,3.5,73.89
2020-08-09 10:00:00,786,801,127,30.5,3.6,72.41
2020-08-09 10:30:00,860,821,132,30.8,3.7,71.19
2020-08-09 11:00:00,916,827,141,31.1,3.7,70.62
2020-08-09 11:30:00,644,154,494,31.200000000000003,3.8,70.15
2020-08-09 12:00:00,718,216,504,31.4,3.8,69.60000000000001
2020-08-09 12:30:00,858,422,437,31.4,3.7,69.53
2020-08-09 13:00:00,757,274,486,31.5,3.6,69.17
2020-08-09 13:30:00,929,785,176,31.5,3.5,69.10000000000001
2020-08-09 14:00:00,882,777,168,31.5,3.3000000000000003,69.15
2020-08-09 14:30:00,675,331,390,31.3,3.1,69.93
2020-08-09 15:00:00,738,739,155,31.1,2.9000000000000004,71.24
2020-08-09 15:30:00,645,706,147,30.8,2.6,72.47
2020-08-09 16:00:00,540,656,139,30.5,2.3000000000000003,75.68
2020-08-09 16:30:00,425,581,129,30.1,2.3000000000000003,77.43
2020-08-09 17:00:00,314,510,111,29.700000000000003,2.2,80.4
2020-08-09 17:30:00,74,0,74,29.1,2.0,83.22
2020-08-09 18:00:00,36,0,36,28.4,1.8,89.92
2020-08-10 06:30:00,25,0,25,26.4,2.4000000000000004,95.95
2020-08-10 07:00:00,69,0,69,27.4,2.8000000000000003,91.95
2020-08-10 07:30:00,168,116,130,27.9,3.1,89.31
2020-08-10 08:00:00,227,97,183,28.4,3.3000000000000003,85.08
2020-08-10 08:30:00,219,26,205,28.9,3.6,82.66
2020-08-10 09:00:00,381,129,297,29.4,3.8,77.76
2020-08-10 09:30:00,394,79,335,29.9,3.9,75.49
2020-08-10 10:00:00,565,207,395,30.4,3.9,72.49
2020-08-10 10:30:00,584,164,438,30.8,3.9,70.86
2020-08-10 11:00:00,693,247,461,31.200000000000003,3.9,69.55
2020-08-10 11:30:00,490,52,439,31.5,3.9,68.31
2020-08-10 12:00:00,457,37,420,31.9,3.8,67.29
2020-08-10 12:30:00,681,170,511,32.0,3.8,66.85
2020-08-10 13:00:00,406,26,380,32.1,3.7,66.83
2020-08-10 13:30:00,690,218,481,32.1,3.7,66.83
2020-08-10 14:00:00,784,447,374,32.1,3.6,67.06
2020-08-10 14:30:00,685,344,389,32.0,3.4000000000000004,67.44
2020-08-10 15:00:00,605,322,350,31.9,3.3000000000000003,68.31
2020-08-10 15:30:00,550,370,289,31.5,3.1,69.87
2020-08-10 16:00:00,515,550,179,31.200000000000003,3.0,72.56
2020-08-10 16:30:00,402,473,162,30.700000000000003,2.8000000000000003,74.65
2020-08-10 17:00:00,252,256,150,30.1,2.5,79.7
2020-08-10 17:30:00,141,127,105,29.4,2.3000000000000003,83.04
2020-08-10 18:00:00,66,70,55,28.6,2.2,88.41
2020-08-10 18:30:00,13,0,13,28.3,2.3000000000000003,89.95
2020-08-11 06:30:00,15,0,15,26.3,2.4000000000000004,96.38
2020-08-11 07:00:00,36,0,36,27.200000000000003,3.0,93.09
2020-08-11 07:30:00,82,0,82,27.6,3.2,90.95
2020-08-11 08:00:00,139,0,139,28.0,3.5,88.05
2020-08-11 08:30:00,214,22,202,28.3,3.6,86.53
2020-08-11 09:00:00,390,140,297,28.6,3.7,82.92
2020-08-11 09:30:00,425,107,345,28.9,3.8,81.49
2020-08-11 10:00:00,492,119,394,29.200000000000003,3.8,79.07000000000001
2020-08-11 10:30:00,560,138,437,29.4,3.8,78.17
2020-08-11 11:00:00,632,171,471,29.6,3.7,77.03
2020-08-11 11:30:00,450,38,413,29.8,3.7,76.15
2020-08-11 12:00:00,445,34,411,29.9,3.7,75.99
2020-08-11 12:30:00,298,15,283,30.0,3.6,75.48
2020-08-11 13:00:00,631,133,500,30.0,3.6,75.84
2020-08-11 13:30:00,709,242,477,30.0,3.5,75.84
2020-08-11 14:00:00,648,210,455,29.9,3.4000000000000004,76.62
2020-08-11 14:30:00,713,427,346,29.700000000000003,3.2,77.5
2020-08-11 15:00:00,690,532,271,29.6,3.1,78.71000000000001
2020-08-11 15:30:00,526,316,303,29.4,2.9000000000000004,79.62
2020-08-11 16:00:00,454,344,244,29.200000000000003,2.7,81.78
2020-08-11 16:30:00,389,427,172,28.9,2.4000000000000004,83.29
2020-08-11 17:00:00,190,83,157,28.6,2.1,86.43
2020-08-11 17:30:00,141,131,105,28.1,1.9,88.97
2020-08-11 18:00:00,38,0,38,27.6,1.6,92.79
2020-08-12 06:30:00,28,0,28,26.0,1.8,96.63
2020-08-12 07:00:00,22,0,22,27.1,2.6,92.74
2020-08-12 07:30:00,44,0,44,27.6,2.9000000000000004,90.07000000000001
2020-08-12 08:00:00,227,98,184,28.1,3.3000000000000003,86.82000000000001
2020-08-12 08:30:00,220,26,206,28.5,3.5,84.83
2020-08-12 09:00:00,280,35,257,28.9,3.6,81.15
2020-08-12 09:30:00,464,153,351,29.200000000000003,3.6,79.76
2020-08-12 10:00:00,671,407,336,29.6,3.6,76.69
2020-08-12 10:30:00,690,312,413,29.8,3.6,75.81
2020-08-12 11:00:00,479,56,426,30.0,3.5,74.18
2020-08-12 11:30:00,451,38,414,30.200000000000003,3.5,73.26
2020-08-12 12:00:00,831,397,436,30.4,3.4000000000000004,72.11
2020-08-12 12:30:00,728,222,506,30.5,3.3000000000000003,71.63
2020-08-12 13:00:00,583,96,488,30.6,3.2,71.3
2020-08-12 13:30:00,483,53,433,30.700000000000003,3.1,70.9
2020-08-12 14:00:00,528,93,443,30.8,3.0,70.87
2020-08-12 14:30:00,535,135,419,30.8,2.8000000000000003,70.87
2020-08-12 15:00:00,532,199,375,30.8,2.7,71.48
2020-08-12 15:30:00,327,48,293,30.5,2.6,72.71000000000001
2020-08-12 16:00:00,214,14,206,30.3,2.5,75.35000000000001
2020-08-12 16:30:00,127,0,127,29.9,2.3000000000000003,77.09
2020-08-12 17:00:00,69,0,69,29.5,2.2,80.65
2020-08-12 17:30:00,26,0,26,28.8,1.9,83.97
2020-08-12 18:00:00,14,0,14,28.1,1.7000000000000002,90.23
2020-08-13 06:30:00,33,29,30,25.4,1.4,96.2
2020-08-13 07:00:00,95,82,77,26.4,2.1,91.73
2020-08-13 07:30:00,201,236,123,26.9,2.3000000000000003,89.08
2020-08-13 08:00:00,288,249,176,27.3,2.5,85.82000000000001
2020-08-13 08:30:00,347,192,240,27.700000000000003,2.7,83.85000000000001
2020-08-13 09:00:00,390,140,298,28.1,2.8000000000000003,80.72
2020-08-13 09:30:00,464,152,351,28.3,2.8000000000000003,79.79
2020-08-13 10:00:00,628,308,375,28.6,2.8000000000000003,78.27
2020-08-13 10:30:00,636,228,434,28.8,2.8000000000000003,77.38
2020-08-13 11:00:00,748,321,447,29.0,2.8000000000000003,76.5
2020-08-13 11:30:00,815,404,422,29.1,2.8000000000000003,76.06
2020-08-13 12:00:00,669,161,508,29.200000000000003,2.7,75.8
2020-08-13 12:30:00,780,291,489,29.3,2.6,75.29
2020-08-13 13:00:00,519,60,459,29.4,2.5,74.97
2020-08-13 13:30:00,371,23,349,29.5,2.3000000000000003,74.47
2020-08-13 14:00:00,752,391,394,29.6,2.1,74.09
2020-08-13 14:30:00,545,145,420,29.5,2.0,74.51
2020-08-13 15:00:00,313,25,294,29.5,1.9,74.83
2020-08-13 15:30:00,535,339,297,29.4,1.8,75.26
2020-08-13 16:00:00,476,412,226,29.200000000000003,1.8,77.82000000000001
2020-08-13 16:30:00,94,0,94,28.8,1.8,79.64
2020-08-13 17:00:00,197,101,157,28.5,1.8,82.19
2020-08-13 17:30:00,124,76,103,27.8,1.7000000000000002,85.68
2020-08-13 18:00:00,57,31,52,27.200000000000003,1.6,90.78
2020-08-13 18:30:00,10,0,10,26.9,1.7000000000000002,92.39
2020-08-14 06:30:00,42,130,30,24.9,1.8,94.83
2020-08-14 07:00:00,122,238,71,26.0,2.6,90.02
2020-08-14 07:30:00,180,155,128,26.6,3.0,86.9
2020-08-14 08:00:00,186,36,170,27.1,3.4000000000000004,83.81
2020-08-14 08:30:00,379,267,230,27.700000000000003,3.6,80.93
2020-08-14 09:00:00,475,299,279,28.200000000000003,3.8,78.2
2020-08-14 09:30:00,551,294,332,28.700000000000003,3.9,75.97
2020-08-14 10:00:00,622,296,378,29.1,4.0,74.83
2020-08-14 10:30:00,621,207,437,29.4,4.0,73.55
2020-08-14 11:00:00,695,247,463,29.6,4.0,74.05
2020-08-14 11:30:00,654,163,495,29.700000000000003,4.0,73.55
2020-08-14 12:00:00,622,120,502,29.8,4.0,74.29
2020-08-14 12:30:00,584,91,493,29.8,3.9,74.29
2020-08-14 13:00:00,612,117,497,29.700000000000003,3.8,75.36
2020-08-14 13:30:00,718,255,474,29.6,3.7,75.79
2020-08-14 14:00:00,752,390,394,29.4,3.7,77.3
2020-08-14 14:30:00,533,133,419,29.200000000000003,3.6,78.12
2020-08-14 15:00:00,172,4,169,28.9,3.5,80.22
2020-08-14 15:30:00,220,10,214,28.5,3.4000000000000004,82.10000000000001
2020-08-14 16:00:00,32,0,32,28.200000000000003,3.3000000000000003,84.4
2020-08-14 16:30:00,109,0,109,27.700000000000003,3.0,86.97
2020-08-14 17:00:00,46,0,46,27.3,2.8000000000000003,89.89
2020-08-14 17:30:00,84,0,84,26.9,2.5,92.02
2020-08-14 18:00:00,39,0,39,26.5,2.2,94.35
2020-08-15 06:30:00,20,0,20,25.0,1.7000000000000002,96.82
2020-08-15 07:00:00,63,0,63,26.1,2.5,92.67
2020-08-15 07:30:00,160,93,129,26.6,2.8000000000000003,89.98
2020-08-15 08:00:00,254,156,185,27.1,3.0,87.77
2020-08-15 08:30:00,350,199,240,27.6,3.2,85.25
2020-08-15 09:00:00,246,20,234,28.0,3.4000000000000004,82.54
2020-08-15 09:30:00,301,26,282,28.3,3.4000000000000004,81.12
2020-08-15 10:00:00,200,7,194,28.5,3.4000000000000004,78.89
2020-08-15 10:30:00,344,22,324,28.6,3.4000000000000004,78.43
2020-08-15 11:00:00,587,126,469,28.8,3.3000000000000003,76.94
2020-08-15 11:30:00,672,181,495,28.8,3.3000000000000003,76.94
2020-08-15 12:00:00,681,173,509,28.9,3.2,76.17
2020-08-15 12:30:00,631,124,506,28.9,3.1,76.17
2020-08-15 13:00:00,547,74,474,29.0,3.1,75.45
2020-08-15 13:30:00,402,28,375,28.9,2.9000000000000004,75.88
2020-08-15 14:00:00,357,23,336,28.9,2.8000000000000003,75.66
2020-08-15 14:30:00,374,33,345,28.8,2.7,76.10000000000001
2020-08-15 15:00:00,529,197,374,28.8,2.5,76.12
2020-08-15 15:30:00,400,111,321,28.6,2.4000000000000004,77.01
2020-08-15 16:00:00,241,26,226,28.5,2.2,78.16
2020-08-15 16:30:00,211,37,193,28.200000000000003,2.0,79.61
2020-08-15 17:00:00,61,0,61,28.0,1.8,82.15
2020-08-15 17:30:00,71,0,71,27.4,1.5,85.06
2020-08-16 06:30:00,13,0,13,25.0,0.8,95.24
2020-08-16 07:00:00,47,0,47,26.1,1.2000000000000002,90.62
2020-08-16 07:30:00,130,29,121,27.0,1.5,85.96000000000001
2020-08-16 08:00:00,261,171,184,27.8,1.8,82.27
2020-08-16 08:30:00,323,146,242,28.5,2.1,79.0
2020-08-16 09:00:00,440,224,293,29.200000000000003,2.4000000000000004,74.71000000000001
2020-08-16 09:30:00,573,339,321,29.6,2.5,73.01
2020-08-16 10:00:00,606,266,386,30.1,2.6,69.47
2020-08-16 10:30:00,696,321,411,30.4,2.7,68.29
2020-08-16 11:00:00,755,337,438,30.700000000000003,2.7,66.24
2020-08-16 11:30:00,734,256,484,31.0,2.7,65.12
2020-08-16 12:00:00,755,260,496,31.200000000000003,2.7,63.88
2020-08-16 12:30:00,764,268,497,31.4,2.7,63.1
2020-08-16 13:00:00,678,176,504,31.5,2.7,62.46
2020-08-16 13:30:00,777,352,439,31.6,2.6,62.11
2020-08-16 14:00:00,683,260,445,31.6,2.6,62.0
2020-08-16 14:30:00,710,425,346,31.6,2.5,61.940000000000005
2020-08-16 15:00:00,661,475,288,31.5,2.4000000000000004,62.59
2020-08-16 15:30:00,516,301,305,31.3,2.2,63.31
2020-08-16 16:00:00,494,488,199,31.1,2.1,64.5
2020-08-16 16:30:00,357,337,189,30.6,1.9,66.36
2020-08-16 17:00:00,282,409,123,30.1,1.6,70.08
2020-08-16 17:30:00,190,376,88,29.3,1.3,73.37
2020-08-16 18:00:00,85,210,54,28.5,1.0,81.41
2020-08-16 18:30:00,11,16,10,28.3,0.9,82.36
2020-08-17 06:30:00,26,0,26,25.0,1.4,95.07
2020-08-17 07:00:00,74,9,72,26.5,2.2,88.34
2020-08-17 07:30:00,165,109,129,27.3,2.4000000000000004,84.38
2020-08-17 08:00:00,300,288,171,28.1,2.6,80.51
2020-08-17 08:30:00,420,383,207,28.8,2.6,77.32000000000001
2020-08-17 09:00:00,505,370,263,29.5,2.6,73.36
2020-08-17 09:30:00,591,376,310,30.1,2.5,70.88
2020-08-17 10:00:00,681,429,327,30.700000000000003,2.4000000000000004,67.67
2020-08-17 10:30:00,614,197,439,31.200000000000003,2.3000000000000003,65.78
2020-08-17 11:00:00,921,817,153,31.700000000000003,2.2,63.56
2020-08-17 11:30:00,797,363,442,32.0,2.1,62.49
2020-08-17 12:00:00,617,116,502,32.300000000000004,2.0,61.48
2020-08-17 12:30:00,905,466,439,32.4,1.9,61.07
2020-08-17 13:00:00,860,437,429,32.6,1.9,60.43
2020-08-17 13:30:00,746,294,463,32.7,1.8,60.03
2020-08-17 14:00:00,637,199,456,32.7,1.7000000000000002,59.99
2020-08-17 14:30:00,537,139,419,32.6,1.6,60.33
2020-08-17 15:00:00,517,182,375,32.5,1.6,61.01
2020-08-17 15:30:00,579,477,245,32.300000000000004,1.5,61.690000000000005
2020-08-17 16:00:00,32,0,32,32.1,1.5,63.34
2020-08-17 16:30:00,248,82,207,31.700000000000003,1.5,64.78
2020-08-17 17:00:00,200,117,155,31.200000000000003,1.5,67.61
2020-08-17 17:30:00,78,0,78,30.200000000000003,1.4,71.56
2020-08-17 18:00:00,36,0,36,29.200000000000003,1.3,81.87
2020-08-18 06:30:00,25,0,25,24.700000000000003,1.9,98.61
2020-08-18 07:00:00,71,3,71,25.9,2.3000000000000003,93.44
2020-08-18 07:30:00,174,133,129,26.700000000000003,2.4000000000000004,89.14
2020-08-18 08:00:00,279,220,180,27.6,2.5,83.62
2020-08-18 08:30:00,380,269,231,28.5,2.5,79.45
2020-08-18 09:00:00,500,355,267,29.4,2.5,72.35000000000001
2020-08-18 09:30:00,616,454,277,30.1,2.5,69.5
2020-08-18 10:00:00,712,495,304,30.8,2.5,64.74
2020-08-18 10:30:00,729,394,378,31.3,2.5,62.93
2020-08-18 11:00:00,744,318,444,31.8,2.5,60.52
2020-08-18 11:30:00,804,380,434,32.2,2.4000000000000004,59.11
2020-08-18 12:00:00,821,376,447,32.5,2.4000000000000004,58.32
2020-08-18 12:30:00,828,382,446,32.7,2.3000000000000003,57.61
2020-08-18 13:00:00,833,409,429,32.9,2.2,57.35
2020-08-18 13:30:00,839,452,406,32.9,2.1,57.35
2020-08-18 14:00:00,709,302,434,32.9,1.9,57.75
2020-08-18 14:30:00,640,276,404,32.9,1.8,57.75
2020-08-18 15:00:00,559,246,366,32.800000000000004,1.7000000000000002,58.5
2020-08-18 15:30:00,474,221,319,32.5,1.6,59.49
2020-08-18 16:00:00,419,272,256,32.2,1.4,62.02
2020-08-18 16:30:00,281,140,211,31.700000000000003,1.4,63.79
2020-08-18 17:00:00,200,118,154,31.200000000000003,1.4,65.7
2020-08-18 17:30:00,129,109,100,30.3,1.2000000000000002,69.15
2020-08-18 18:00:00,57,54,49,29.3,1.1,81.54
2020-08-19 06:30:00,46,166,31,24.9,1.4,97.3
2020-08-19 07:00:00,112,179,74,26.1,1.9,91.89
2020-08-19 07:30:00,186,175,128,26.9,2.0,87.68
2020-08-19 08:00:00,286,241,178,27.8,2.2,81.86
2020-08-19 08:30:00,298,104,241,28.6,2.2,78.15
2020-08-19 09:00:00,440,221,295,29.5,2.3000000000000003,70.44
2020-08-19 09:30:00,578,345,320,30.1,2.2,68.07000000000001
2020-08-19 10:00:00,794,799,134,30.8,2.2,63.35
2020-08-19 10:30:00,697,320,413,31.3,2.1,61.58
2020-08-19 11:00:00,766,366,421,31.700000000000003,2.1,59.58
2020-08-19 11:30:00,686,194,496,32.0,2.0,58.52
2020-08-19 12:00:00,747,249,500,32.4,2.0,57.53
2020-08-19 12:30:00,635,127,508,32.5,1.9,57.2
2020-08-19 13:00:00,801,347,458,32.7,1.8,56.85
2020-08-19 13:30:00,943,829,149,32.7,1.8,56.85
2020-08-19 14:00:00,891,814,147,32.7,1.7000000000000002,57.21
2020-08-19 14:30:00,824,797,143,32.6,1.6,57.53
2020-08-19 15:00:00,740,771,138,32.5,1.6,58.43
2020-08-19 15:30:00,645,738,130,32.300000000000004,1.4,59.09
2020-08-19 16:00:00,537,690,123,32.1,1.3,61.23
2020-08-19 16:30:00,423,630,111,31.700000000000003,1.3,62.63
2020-08-19 17:00:00,305,544,97,31.200000000000003,1.3,64.41
2020-08-19 17:30:00,188,423,76,30.3,1.2000000000000002,67.86
2020-08-19 18:00:00,67,130,48,29.4,1.0,80.25
2020-08-20 06:30:00,30,10,29,25.0,1.6,96.89
2020-08-20 07:00:00,88,56,76,25.8,1.9,93.83
2020-08-20 07:30:00,180,156,129,26.4,2.0,90.57
2020-08-20 08:00:00,291,258,176,27.0,2.1,87.89
2020-08-20 08:30:00,403,331,219,27.6,2.1,84.95
2020-08-20 09:00:00,256,23,241,28.3,2.1,80.37
2020-08-20 09:30:00,393,76,336,28.8,1.9,78.08
2020-08-20 10:00:00,564,201,399,29.200000000000003,1.8,74.88
2020-08-20 10:30:00,729,392,380,29.6,1.5,73.18
2020-08-20 11:00:00,686,233,467,29.9,1.2000000000000002,70.72
2020-08-20 11:30:00,750,277,480,30.200000000000003,1.1,69.51
2020-08-20 12:00:00,782,297,487,30.4,0.9,67.58
2020-08-20 12:30:00,860,423,438,30.4,1.1,67.58
2020-08-20 13:00:00,804,357,452,30.4,1.3,67.46000000000001
2020-08-20 13:30:00,760,318,455,30.3,1.5,67.84
2020-08-20 14:00:00,754,401,389,30.1,1.8,68.97
2020-08-20 14:30:00,720,451,335,29.8,2.0,70.17
2020-08-20 15:00:00,572,273,360,29.4,2.2,72.79
2020-08-20 15:30:00,520,318,299,29.0,2.1,74.48
2020-08-20 16:00:00,424,288,251,28.6,2.1,77.88
2020-08-20 16:30:00,347,320,189,28.200000000000003,2.0,79.71000000000001
2020-08-20 17:00:00,162,44,145,27.700000000000003,1.9,82.65
2020-08-20 17:30:00,112,57,97,27.200000000000003,1.6,85.09
2020-08-20 18:00:00,49,17,46,26.700000000000003,1.3,90.05
2020-08-21 07:30:00,141,48,125,27.3,1.5,87.32000000000001
2020-08-21 08:00:00,297,277,173,28.200000000000003,1.7000000000000002,81.86
2020-08-21 08:30:00,392,299,226,28.9,1.9,78.61
2020-08-21 09:00:00,515,393,257,29.6,2.1,72.48
2020-08-21 09:30:00,600,393,306,30.0,2.3000000000000003,70.83
2020-08-21 10:00:00,629,304,378,30.5,2.5,67.82000000000001
2020-08-21 10:30:00,627,212,438,30.700000000000003,2.6,67.05
2020-08-21 11:00:00,668,209,471,30.9,2.8000000000000003,66.39
2020-08-21 11:30:00,748,274,481,30.9,2.9000000000000004,66.32000000000001
2020-08-21 12:00:00,797,314,485,31.0,3.0,66.07000000000001
2020-08-21 12:30:00,795,311,484,30.9,3.1,66.38
2020-08-21 13:00:00,754,270,488,30.8,3.1,66.83
2020-08-21 13:30:00,685,213,481,30.6,3.1,67.59
2020-08-21 14:00:00,460,55,410,30.4,3.2,68.53
2020-08-21 14:30:00,354,28,331,30.1,3.1,69.71000000000001
2020-08-21 15:00:00,389,59,343,29.8,3.0,71.38
2020-08-21 15:30:00,321,47,288,29.5,2.9000000000000004,72.62
2020-08-21 16:00:00,325,103,263,29.1,2.7,75.92
2020-08-21 16:30:00,110,0,110,28.6,2.6,78.14
2020-08-21 17:00:00,25,0,25,28.1,2.4000000000000004,81.71000000000001
2020-08-21 17:30:00,10,0,10,27.5,2.0,84.60000000000001
2020-08-22 06:30:00,11,0,11,24.1,1.9,93.41
2020-08-22 07:00:00,32,0,32,25.700000000000003,2.6,86.2
2020-08-22 07:30:00,56,0,56,26.700000000000003,2.9000000000000004,81.28
2020-08-22 08:00:00,154,8,150,27.700000000000003,3.3000000000000003,77.44
2020-08-22 08:30:00,396,310,224,28.5,3.4000000000000004,73.93
2020-08-22 09:00:00,393,142,300,29.4,3.5,70.76
2020-08-22 09:30:00,520,231,347,30.0,3.5,68.3
2020-08-22 10:00:00,564,200,399,30.6,3.4000000000000004,67.24
2020-08-22 10:30:00,644,235,435,31.0,3.3000000000000003,65.73
2020-08-22 11:00:00,744,316,446,31.5,3.2,65.38
2020-08-22 11:30:00,727,244,489,31.700000000000003,3.1,64.58
2020-08-22 12:00:00,706,199,509,32.0,2.9000000000000004,64.88
2020-08-22 12:30:00,551,72,480,32.1,2.8000000000000003,64.46000000000001
2020-08-22 13:00:00,706,207,501,32.1,2.8000000000000003,65.36
2020-08-22 13:30:00,578,108,475,32.0,2.7,65.66
2020-08-22 14:00:00,292,15,279,31.9,2.6,66.63
2020-08-22 14:30:00,278,14,266,31.6,2.5,67.77
2020-08-22 15:00:00,209,8,203,31.3,2.4000000000000004,69.81
2020-08-22 15:30:00,271,23,255,31.0,2.4000000000000004,71.0
2020-08-22 16:00:00,218,16,208,30.6,2.3000000000000003,73.9
2020-08-22 16:30:00,272,130,208,30.1,2.3000000000000003,76.04
2020-08-22 17:00:00,175,72,148,29.5,2.2,80.24
2020-08-22 17:30:00,55,0,55,28.8,2.0,83.54
2020-08-22 18:00:00,25,0,25,28.0,1.9,89.33
2020-08-23 06:30:00,31,19,29,24.9,2.1,94.38
2020-08-23 07:00:00,65,0,65,26.3,2.9000000000000004,88.26
2020-08-23 07:30:00,131,30,121,27.0,3.2,84.71000000000001
2020-08-23 08:00:00,174,24,164,27.8,3.5,79.82000000000001
2020-08-23 08:30:00,320,138,244,28.4,3.7,77.09
2020-08-23 09:00:00,406,161,300,29.1,3.8,72.73
2020-08-23 09:30:00,715,821,102,29.700000000000003,3.8,70.27
2020-08-23 10:00:00,571,209,398,30.3,3.8,68.01
2020-08-23 10:30:00,560,135,440,30.8,3.8,66.04
2020-08-23 11:00:00,667,207,472,31.3,3.7,65.14
2020-08-23 11:30:00,767,301,473,31.6,3.6,63.98
2020-08-23 12:00:00,825,382,445,31.9,3.5,64.03
2020-08-23 12:30:00,999,877,124,32.1,3.4000000000000004,63.25
2020-08-23 13:00:00,714,218,500,32.300000000000004,3.3000000000000003,63.26
2020-08-23 13:30:00,386,25,362,32.300000000000004,3.2,63.2
2020-08-23 14:00:00,367,25,344,32.300000000000004,3.1,63.77
2020-08-23 14:30:00,239,11,230,32.1,3.0,64.5
2020-08-23 15:00:00,669,507,275,32.0,2.9000000000000004,65.58
2020-08-23 15:30:00,494,268,308,31.6,2.7,67.01
2020-08-23 16:00:00,354,150,265,31.200000000000003,2.6,69.62
2020-08-23 16:30:00,299,193,205,30.700000000000003,2.4000000000000004,71.7
2020-08-23 17:00:00,157,41,142,30.1,2.1,76.64
2020-08-23 17:30:00,152,253,88,29.200000000000003,1.9,80.7
2020-08-23 18:00:00,66,162,44,28.3,1.6,86.83
2020-08-24 06:30:00,36,78,29,24.200000000000003,1.4,95.83
2020-08-24 07:00:00,79,24,74,25.9,2.0,89.32000000000001
2020-08-24 07:30:00,267,595,69,26.9,2.2,84.31
2020-08-24 08:00:00,388,684,82,27.9,2.4000000000000004,79.09
2020-08-24 08:30:00,506,745,91,28.700000000000003,2.6,75.51
2020-08-24 09:00:00,617,787,99,29.4,2.7,70.60000000000001
2020-08-24 09:30:00,495,190,353,30.1,2.7,67.83
2020-08-24 10:00:00,807,845,109,30.700000000000003,2.8000000000000003,64.27
2020-08-24 10:30:00,881,863,112,31.200000000000003,2.7,62.47
2020-08-24 11:00:00,938,872,117,31.700000000000003,2.7,60.38
2020-08-24 11:30:00,978,880,119,32.1,2.6,59.04
2020-08-24 12:00:00,999,882,121,32.4,2.5,58.53
2020-08-24 12:30:00,743,239,504,32.6,2.4000000000000004,57.82
2020-08-24 13:00:00,729,236,496,32.9,2.3000000000000003,57.13
2020-08-24 13:30:00,951,869,121,32.9,2.2,57.07
2020-08-24 14:00:00,898,854,121,32.9,2.0,57.06
2020-08-24 14:30:00,570,180,417,32.800000000000004,2.0,57.38
2020-08-24 15:00:00,446,104,365,32.7,1.9,57.86
2020-08-24 15:30:00,393,111,316,32.4,1.9,58.84
2020-08-24 16:00:00,401,245,256,32.1,1.8,60.94
2020-08-24 16:30:00,331,284,192,31.6,1.8,62.68
2020-08-24 17:00:00,227,225,143,31.1,1.7000000000000002,66.1
2020-08-24 17:30:00,51,0,51,30.0,1.6,70.38
2020-08-24 18:00:00,55,79,45,28.9,1.5,80.42
2020-08-25 06:30:00,41,139,29,25.0,1.7000000000000002,96.26
2020-08-25 07:00:00,124,259,69,26.1,2.3000000000000003,90.67
2020-08-25 07:30:00,228,365,107,27.0,2.4000000000000004,86.01
2020-08-25 08:00:00,264,177,185,28.0,2.4000000000000004,79.53
2020-08-25 08:30:00,106,0,106,28.8,2.3000000000000003,75.93
2020-08-25 09:00:00,464,267,288,29.6,2.3000000000000003,68.88
2020-08-25 09:30:00,362,54,322,30.3,2.2,66.18
2020-08-25 10:00:00,688,440,325,31.0,2.1,60.73
2020-08-25 10:30:00,886,863,118,31.5,2.0,58.97
2020-08-25 11:00:00,943,871,124,32.0,1.9,56.370000000000005
2020-08-25 11:30:00,985,879,126,32.300000000000004,1.9,55.43
2020-08-25 12:00:00,1006,881,130,32.6,1.9,55.0
2020-08-25 12:30:00,1008,881,130,32.7,1.8,54.64
2020-08-25 13:00:00,992,875,130,32.800000000000004,1.8,54.66
2020-08-25 13:30:00,957,868,129,32.800000000000004,1.8,54.66
2020-08-25 14:00:00,781,452,370,32.800000000000004,1.7000000000000002,55.02
2020-08-25 14:30:00,834,837,123,32.7,1.7000000000000002,55.33
2020-08-25 15:00:00,747,810,120,32.5,1.6,56.48
2020-08-25 15:30:00,650,778,114,32.300000000000004,1.5,57.120000000000005
2020-08-25 16:00:00,539,731,107,32.1,1.4,59.1
2020-08-25 16:30:00,423,673,97,31.5,1.5,61.14
2020-08-25 17:00:00,302,590,83,31.0,1.6,63.46
2020-08-25 17:30:00,183,467,66,29.9,1.5,67.57000000000001
2020-08-25 18:00:00,76,278,40,28.700000000000003,1.4,80.95
2020-08-26 06:30:00,48,224,28,24.8,1.7000000000000002,96.27
2020-08-26 07:00:00,150,470,51,26.4,2.6,88.0
2020-08-26 07:30:00,269,607,68,27.3,2.9000000000000004,83.48
2020-08-26 08:00:00,393,706,77,28.200000000000003,3.1,78.66
2020-08-26 08:30:00,512,767,85,29.0,3.2,75.11
2020-08-26 09:00:00,626,814,90,29.9,3.2,70.72
2020-08-26 09:30:00,729,845,96,30.6,3.1,67.88
2020-08-26 10:00:00,819,871,100,31.4,3.0,64.33
2020-08-26 10:30:00,894,888,103,32.0,2.9000000000000004,62.190000000000005
2020-08-26 11:00:00,952,898,107,32.6,2.7,59.5
2020-08-26 11:30:00,992,906,108,33.0,2.6,58.19
2020-08-26 12:00:00,1013,907,110,33.4,2.4000000000000004,56.370000000000005
2020-08-26 12:30:00,1016,908,110,33.6,2.3000000000000003,55.75
2020-08-26 13:00:00,999,903,111,33.9,2.2,54.06
2020-08-26 13:30:00,963,895,109,33.9,2.1,54.06
2020-08-26 14:00:00,909,882,108,34.0,1.9,53.45
2020-08-26 14:30:00,839,866,105,34.0,1.8,53.45
2020-08-26 15:00:00,753,841,102,34.0,1.7000000000000002,52.98
2020-08-26 15:30:00,654,812,97,33.800000000000004,1.6,53.57
2020-08-26 16:00:00,544,770,90,33.6,1.6,55.33
2020-08-26 16:30:00,427,715,82,33.0,1.6,57.21
2020-08-26 17:00:00,305,636,71,32.4,1.6,59.27
2020-08-26 17:30:00,185,517,57,31.1,1.5,63.78
2020-08-26 18:00:00,76,327,35,29.700000000000003,1.3,78.5
2020-08-27 06:30:00,43,167,29,24.700000000000003,2.2,96.21
2020-08-27 07:00:00,129,299,66,26.200000000000003,2.9000000000000004,89.66
2020-08-27 07:30:00,225,348,110,27.1,3.3000000000000003,85.05
2020-08-27 08:00:00,340,434,146,28.1,3.7,80.59
2020-08-27 08:30:00,435,423,199,28.9,3.8,76.95
2020-08-27 09:00:00,537,458,236,29.8,4.0,72.81
2020-08-27 09:30:00,549,281,339,30.4,3.9,70.36
2020-08-27 10:00:00,667,374,358,31.1,3.9,67.67
2020-08-27 10:30:00,769,465,356,31.700000000000003,3.7,65.41
2020-08-27 11:00:00,792,417,400,32.300000000000004,3.5,64.07000000000001
2020-08-27 11:30:00,831,420,422,32.7,3.3000000000000003,62.59
2020-08-27 12:00:00,876,440,439,33.1,3.1,62.34
2020-08-27 12:30:00,840,401,440,33.2,3.0,61.93
2020-08-27 13:00:00,895,478,425,33.300000000000004,2.8000000000000003,62.07
2020-08-27 13:30:00,852,472,402,33.2,2.6,62.42
2020-08-27 14:00:00,815,501,360,33.1,2.5,63.0
2020-08-27 14:30:00,678,348,384,32.800000000000004,2.3000000000000003,64.07000000000001
2020-08-27 15:00:00,577,292,351,32.6,2.1,65.62
2020-08-27 15:30:00,524,345,287,32.300000000000004,1.9,66.74
2020-08-27 16:00:00,412,279,248,32.0,1.7000000000000002,70.24
2020-08-27 16:30:00,348,357,177,31.5,1.6,72.25
2020-08-27 17:00:00,181,96,146,31.0,1.5,74.95
2020-08-27 17:30:00,85,5,83,30.4,1.3,77.55
2020-08-27 18:00:00,43,19,41,29.700000000000003,1.0,85.9
2020-08-28 06:30:00,19,0,19,25.6,2.0,97.17
2020-08-28 07:00:00,62,0,62,26.5,2.5,93.55
2020-08-28 07:30:00,58,0,58,27.0,2.7,90.85
2020-08-28 08:00:00,150,6,147,27.6,2.8000000000000003,88.77
2020-08-28 08:30:00,238,36,217,28.1,3.0,86.32000000000001
2020-08-28 09:00:00,373,113,299,28.6,3.2,83.68
2020-08-28 09:30:00,534,253,345,28.9,3.2,82.24
2020-08-28 10:00:00,783,747,166,29.200000000000003,3.1,81.33
2020-08-28 10:30:00,856,768,171,29.5,3.1,79.86
2020-08-28 11:00:00,670,209,473,29.700000000000003,3.0,80.06
2020-08-28 11:30:00,733,251,488,29.9,3.0,79.15
2020-08-28 12:00:00,806,336,472,30.1,3.0,79.2
2020-08-28 12:30:00,767,272,497,30.1,3.0,79.12
2020-08-28 13:00:00,787,309,483,30.200000000000003,2.9000000000000004,79.4
2020-08-28 13:30:00,664,190,483,30.200000000000003,2.9000000000000004,79.32000000000001
2020-08-28 14:00:00,730,343,419,30.200000000000003,2.8000000000000003,80.01
2020-08-28 14:30:00,339,25,318,30.1,2.7,80.47
2020-08-28 15:00:00,139,0,139,30.1,2.6,81.22
2020-08-28 15:30:00,49,0,49,29.9,2.4000000000000004,82.16
2020-08-28 16:00:00,31,0,31,29.700000000000003,2.2,84.42
2020-08-28 16:30:00,21,0,21,29.4,1.8,85.88
2020-08-28 17:00:00,13,0,13,29.0,1.5,89.01
2020-08-29 06:30:00,46,189,29,25.4,1.1,96.12
2020-08-29 07:00:00,145,417,57,26.5,1.4,91.71
2020-08-29 07:30:00,262,559,77,27.3,1.7000000000000002,87.51
2020-08-29 08:00:00,383,654,90,28.0,1.9,84.59
2020-08-29 08:30:00,500,718,100,28.6,2.2,81.7
2020-08-29 09:00:00,611,763,109,29.200000000000003,2.4000000000000004,78.74
2020-08-29 09:30:00,712,797,116,29.700000000000003,2.4000000000000004,76.51
2020-08-29 10:00:00,801,820,123,30.200000000000003,2.4000000000000004,74.65
2020-08-29 10:30:00,875,839,128,30.6,2.2,72.97
2020-08-29 11:00:00,932,851,131,31.0,2.1,71.53
2020-08-29 11:30:00,972,860,134,31.3,2.0,70.32000000000001
2020-08-29 12:00:00,992,862,135,31.6,1.8,69.07000000000001
2020-08-29 12:30:00,995,863,136,31.8,1.6,68.3
2020-08-29 13:00:00,636,137,501,31.9,1.5,67.95
2020-08-29 13:30:00,610,136,481,32.0,1.4,67.56
2020-08-29 14:00:00,887,829,137,32.1,1.2000000000000002,67.18
2020-08-29 14:30:00,817,811,132,32.1,1.1,67.18
2020-08-29 15:00:00,730,780,130,32.1,1.0,66.79
2020-08-29 15:30:00,632,747,123,32.0,0.9,67.17
2020-08-29 16:00:00,522,694,117,31.8,0.9,69.0
2020-08-29 16:30:00,232,74,196,31.5,1.0,70.18
2020-08-29 17:00:00,102,0,102,31.200000000000003,1.0,72.54
2020-08-30 06:30:00,41,123,30,26.3,0.7000000000000001,96.56
2020-08-30 07:00:00,10,0,10,27.200000000000003,0.8,92.85
2020-08-30 07:30:00,250,468,95,27.8,0.7000000000000001,89.66
2020-08-30 08:00:00,30,0,30,28.3,0.7000000000000001,86.72
2020-08-30 08:30:00,485,640,128,28.9,0.7000000000000001,83.77
2020-08-30 09:00:00,595,688,142,29.5,0.7000000000000001,80.21000000000001
2020-08-30 09:30:00,695,727,151,30.0,0.8,77.94
2020-08-30 10:00:00,780,735,172,30.5,0.8,75.46000000000001
2020-08-30 10:30:00,853,758,178,30.8,0.9,74.11
2020-08-30 11:00:00,909,767,187,31.200000000000003,0.9,72.64
2020-08-30 11:30:00,949,778,190,31.4,1.0,71.82000000000001
2020-08-30 12:00:00,423,29,395,31.6,1.0,71.04
2020-08-30 12:30:00,229,11,218,31.700000000000003,1.0,70.64
2020-08-30 13:00:00,548,76,474,31.9,1.1,70.01
2020-08-30 13:30:00,574,107,473,31.9,1.1,69.94
2020-08-30 14:00:00,334,20,316,32.0,1.2000000000000002,69.77
2020-08-30 14:30:00,537,147,413,32.0,1.3,69.77
2020-08-30 15:00:00,602,350,334,32.0,1.3,69.86
2020-08-30 15:30:00,269,24,252,31.8,1.4,70.66
2020-08-30 16:00:00,30,0,30,31.6,1.5,72.34
2020-08-30 16:30:00,121,0,121,31.200000000000003,1.5,74.0
2020-08-30 17:00:00,184,112,143,30.8,1.6,77.02
2020-08-30 17:30:00,160,325,83,30.0,1.5,80.62
2020-08-30 18:00:00,60,152,42,29.1,1.5,87.52
2020-08-31 06:30:00,11,0,11,26.700000000000003,1.4,97.58
2020-08-31 07:00:00,51,0,51,27.9,2.0,94.0
2020-08-31 07:30:00,67,0,67,28.5,2.1,90.88
2020-08-31 08:00:00,267,182,185,29.0,2.1,88.78
2020-08-31 08:30:00,414,354,217,29.4,2.2,86.76
2020-08-31 09:00:00,511,373,265,29.9,2.3000000000000003,83.34
2020-08-31 09:30:00,703,750,142,30.200000000000003,2.3000000000000003,81.92
2020-08-31 10:00:00,791,779,148,30.6,2.2,79.32000000000001
2020-08-31 10:30:00,751,433,365,30.8,2.2,78.42
2020-08-31 11:00:00,799,428,397,31.0,2.1,76.93
2020-08-31 11:30:00,833,422,422,31.200000000000003,2.1,75.99
2020-08-31 12:00:00,837,402,438,31.4,2.0,74.46000000000001
2020-08-31 12:30:00,870,434,438,31.4,1.9,74.46000000000001
2020-08-31 13:00:00,902,494,418,31.5,1.9,73.10000000000001
2020-08-31 13:30:00,817,437,402,31.5,1.8,73.10000000000001
2020-08-31 14:00:00,767,440,370,31.5,1.7000000000000002,72.53
2020-08-31 14:30:00,762,548,301,31.3,1.6,73.28
2020-08-31 15:00:00,661,513,268,31.200000000000003,1.4,73.69
2020-08-31 15:30:00,548,419,263,31.0,1.4,74.53
2020-08-31 16:00:00,486,543,171,30.9,1.3,76.62
2020-08-31 16:30:00,385,533,133,30.5,1.3,78.38
2020-08-31 17:00:00,273,464,108,30.200000000000003,1.3,78.60000000000001
2020-08-31 17:30:00,104,71,87,29.6,1.3,81.43
2020-08-31 18:00:00,40,25,37,29.0,1.2000000000000002,87.72
2020-09-01 07:30:00,40,0,40,26.9,1.3,95.33
2020-09-01 08:00:00,18,0,18,27.200000000000003,1.3,93.95
2020-09-01 08:30:00,61,0,61,27.700000000000003,1.3,91.34
2020-09-01 09:00:00,126,0,126,28.1,1.4,88.55
2020-09-01 09:30:00,276,18,262,28.4,1.5,87.03
2020-09-01 10:00:00,432,67,377,28.700000000000003,1.6,84.66
2020-09-01 10:30:00,597,171,444,28.8,1.7000000000000002,84.17
2020-09-01 11:00:00,612,146,475,29.0,1.8,82.97
2020-09-01 11:30:00,679,186,498,28.9,2.0,83.45
2020-09-01 12:00:00,591,97,495,28.9,2.2,83.61
2020-09-01 12:30:00,627,122,506,28.8,2.3000000000000003,84.09
2020-09-01 13:00:00,722,231,496,28.700000000000003,2.4000000000000004,84.17
2020-09-01 13:30:00,744,301,458,28.700000000000003,2.5,84.08
2020-09-01 14:00:00,731,358,408,28.6,2.6,84.54
2020-09-01 14:30:00,796,734,180,28.5,2.6,85.03
2020-09-01 15:00:00,580,310,343,28.3,2.6,86.13
2020-09-01 15:30:00,615,675,158,28.200000000000003,2.4000000000000004,86.64
2020-09-01 16:00:00,440,377,222,28.0,2.2,88.24
2020-09-01 16:30:00,341,363,171,27.8,1.9,89.27
2020-09-01 17:00:00,230,287,128,27.6,1.7000000000000002,90.75
2020-09-01 17:30:00,158,349,77,27.200000000000003,1.3,92.89
2020-09-01 18:00:00,58,165,39,26.8,1.0,95.82
2020-09-02 06:30:00,42,148,29,25.5,1.3,97.79
2020-09-02 07:00:00,140,366,63,26.3,1.9,95.25
2020-09-02 07:30:00,255,508,87,27.0,1.9,91.42
2020-09-02 08:00:00,376,614,100,27.6,2.0,89.57000000000001
2020-09-02 08:30:00,493,681,113,28.3,2.0,86.0
2020-09-02 09:00:00,605,731,123,29.0,2.0,81.72
2020-09-02 09:30:00,704,767,129,29.5,2.0,79.4
2020-09-02 10:00:00,801,831,114,30.0,2.0,76.44
2020-09-02 10:30:00,874,849,118,30.3,2.1,75.14
2020-09-02 11:00:00,930,857,124,30.700000000000003,2.2,72.86
2020-09-02 11:30:00,970,866,127,31.0,2.2,71.63
2020-09-02 12:00:00,989,866,131,31.200000000000003,2.2,70.08
2020-09-02 12:30:00,679,169,511,31.4,2.1,69.29
2020-09-02 13:00:00,818,395,432,31.5,2.1,68.16
2020-09-02 13:30:00,794,407,408,31.6,2.0,67.78
2020-09-02 14:00:00,727,346,415,31.6,1.8,67.34
2020-09-02 14:30:00,616,256,401,31.6,1.7000000000000002,67.34
2020-09-02 15:00:00,537,234,358,31.5,1.5,67.6
2020-09-02 15:30:00,412,148,312,31.3,1.3,68.37
2020-09-02 16:00:00,176,4,174,31.200000000000003,1.1,70.49
2020-09-02 16:30:00,156,6,153,30.9,1.0,71.7
2020-09-02 17:00:00,55,0,55,30.6,1.0,71.9
2020-09-02 17:30:00,43,0,43,30.1,0.9,74.05
2020-09-02 18:00:00,18,0,18,29.5,0.8,81.48
2020-09-03 06:30:00,27,0,27,25.6,1.9,97.12
2020-09-03 07:00:00,91,70,76,26.3,2.3000000000000003,94.28
2020-09-03 07:30:00,140,45,125,26.8,2.3000000000000003,91.55
2020-09-03 08:00:00,381,634,97,27.200000000000003,2.3000000000000003,90.1
2020-09-03 08:30:00,499,699,108,27.8,2.4000000000000004,87.01
2020-09-03 09:00:00,611,748,118,28.4,2.4000000000000004,83.07000000000001
2020-09-03 09:30:00,712,783,126,29.0,2.4000000000000004,80.16
2020-09-03 10:00:00,794,783,147,29.5,2.3000000000000003,77.18
2020-09-03 10:30:00,778,476,354,30.1,2.2,74.58
2020-09-03 11:00:00,924,817,156,30.6,2.0,72.17
2020-09-03 11:30:00,866,457,421,31.0,1.9,70.48
2020-09-03 12:00:00,983,830,160,31.4,1.7000000000000002,68.97
2020-09-03 12:30:00,986,831,161,31.6,1.5,68.13
2020-09-03 13:00:00,961,799,180,31.9,1.4,67.71000000000001
2020-09-03 13:30:00,642,170,481,32.0,1.3,67.33
2020-09-03 14:00:00,597,163,450,32.1,1.1,67.35
2020-09-03 14:30:00,675,360,374,32.0,1.0,67.73
2020-09-03 15:00:00,572,301,343,32.0,0.8,68.58
2020-09-03 15:30:00,477,264,300,31.9,0.8,68.97
2020-09-03 16:00:00,209,16,200,31.8,0.7000000000000001,69.35000000000001
2020-09-03 16:30:00,297,229,190,31.4,0.7000000000000001,71.01
2020-09-03 17:00:00,210,220,133,31.1,0.6000000000000001,72.62
2020-09-03 17:30:00,121,169,82,30.6,0.6000000000000001,74.71000000000001
2020-09-03 18:00:00,44,88,35,30.1,0.6000000000000001,82.02
2020-09-04 07:30:00,171,120,131,27.5,1.9,92.61
2020-09-04 08:00:00,370,545,126,28.0,1.9,89.28
2020-09-04 08:30:00,487,616,142,28.6,1.8,86.23
2020-09-04 09:00:00,598,675,153,29.200000000000003,1.8,81.15
2020-09-04 09:30:00,698,714,163,29.8,1.7000000000000002,78.4
2020-09-04 10:00:00,777,703,196,30.4,1.5,75.44
2020-09-04 10:30:00,669,266,432,30.700000000000003,1.4,74.09
2020-09-04 11:00:00,721,277,460,31.1,1.3,72.81
2020-09-04 11:30:00,753,280,481,31.200000000000003,1.1,72.4
2020-09-04 12:00:00,804,333,474,31.3,1.0,72.34
2020-09-04 12:30:00,795,316,482,31.4,0.9,71.93
2020-09-04 13:00:00,695,200,499,31.5,0.8,71.78
2020-09-04 13:30:00,655,185,480,31.5,0.9,71.78
2020-09-04 14:00:00,763,441,367,31.5,0.9,71.81
2020-09-04 14:30:00,526,141,409,31.4,0.9,72.21000000000001
2020-09-04 15:00:00,487,163,363,31.3,1.0,72.98
2020-09-04 15:30:00,515,353,278,31.1,1.0,73.81
2020-09-04 16:00:00,395,269,241,30.9,1.0,76.41
2020-09-04 16:30:00,51,0,51,30.6,1.0,77.73
2020-09-04 17:00:00,92,0,92,30.3,1.1,79.18
2020-09-04 17:30:00,65,0,65,29.700000000000003,1.1,81.95
2020-09-04 18:00:00,25,0,25,29.200000000000003,1.0,87.33
2020-09-05 07:00:00,75,13,72,27.3,1.6,96.56
2020-09-05 07:30:00,169,115,131,27.8,1.7000000000000002,93.88
2020-09-05 08:00:00,379,616,102,28.200000000000003,1.8,91.82
2020-09-05 08:30:00,496,684,114,28.6,1.9,89.72
2020-09-05 09:00:00,607,736,122,29.0,2.1,86.3
2020-09-05 09:30:00,466,146,356,29.3,2.2,84.82000000000001
2020-09-05 10:00:00,67,0,67,29.700000000000003,2.2,81.86
2020-09-05 10:30:00,203,8,196,29.9,2.0,80.93
2020-09-05 11:00:00,203,9,195,30.200000000000003,1.8,79.16
2020-09-05 11:30:00,180,7,173,30.3,1.7000000000000002,78.71000000000001
2020-09-05 12:00:00,292,15,278,30.4,1.5,77.67
2020-09-05 12:30:00,237,12,226,30.3,1.5,78.03
2020-09-05 13:00:00,252,12,240,30.200000000000003,1.5,78.08
2020-09-05 13:30:00,856,493,391,30.1,1.5,78.53
2020-09-05 14:00:00,865,772,174,29.9,1.5,79.54
2020-09-05 14:30:00,621,271,395,29.8,1.5,79.99
2020-09-05 15:00:00,589,341,331,29.6,1.5,81.86
2020-09-05 15:30:00,362,91,301,29.4,1.4,82.81
2020-09-05 16:00:00,235,30,218,29.3,1.4,83.83
2020-09-05 16:30:00,92,0,92,29.0,1.4,85.29
2020-09-05 17:00:00,150,54,132,28.6,1.4,87.26
2020-09-05 17:30:00,120,180,80,28.200000000000003,1.3,89.31
2020-09-05 18:00:00,42,93,33,27.8,1.2000000000000002,93.11
2020-09-06 06:30:00,36,77,29,26.1,1.6,98.97
2020-09-06 07:00:00,110,166,75,26.9,1.4,96.18
2020-09-06 07:30:00,218,308,116,27.5,1.3,92.96
2020-09-06 08:00:00,278,209,184,28.0,1.3,89.87
2020-09-06 08:30:00,424,381,211,28.6,1.2000000000000002,86.88
2020-09-06 09:00:00,510,368,268,29.3,1.2000000000000002,82.32000000000001
2020-09-06 09:30:00,620,447,285,29.700000000000003,1.3,80.46000000000001
2020-09-06 10:00:00,703,467,317,30.1,1.4,76.58
2020-09-06 10:30:00,778,476,355,30.4,1.6,75.2
2020-09-06 11:00:00,911,774,185,30.6,1.8,72.82000000000001
2020-09-06 11:30:00,677,184,498,30.9,2.0,71.59
2020-09-06 12:00:00,854,426,433,31.1,2.2,70.61
2020-09-06 12:30:00,970,791,187,31.200000000000003,2.3000000000000003,70.21000000000001
2020-09-06 13:00:00,679,185,500,31.3,2.5,70.27
2020-09-06 13:30:00,705,250,469,31.4,2.5,69.88
2020-09-06 14:00:00,858,758,180,31.4,2.5,70.28
2020-09-06 14:30:00,787,737,174,31.3,2.4000000000000004,70.68
2020-09-06 15:00:00,701,714,162,31.3,2.3000000000000003,71.54
2020-09-06 15:30:00,602,676,152,31.0,2.2,72.77
2020-09-06 16:00:00,483,577,156,30.8,2.1,75.28
2020-09-06 16:30:00,277,190,190,30.3,2.0,77.53
2020-09-06 17:00:00,135,29,126,29.8,1.9,80.66
2020-09-06 17:30:00,98,77,81,29.0,1.7000000000000002,84.45
2020-09-06 18:00:00,34,26,32,28.3,1.5,90.78
2020-09-07 06:30:00,39,112,29,25.9,1.5,97.49
2020-09-07 07:00:00,119,220,72,27.0,2.0,93.87
2020-09-07 07:30:00,209,266,121,27.5,2.3000000000000003,91.26
2020-09-07 08:00:00,270,186,186,28.0,2.5,88.94
2020-09-07 08:30:00,252,47,226,28.5,2.7,86.4
2020-09-07 09:00:00,413,167,303,28.9,2.9000000000000004,83.53
2020-09-07 09:30:00,578,335,328,29.3,2.9000000000000004,81.63
2020-09-07 10:00:00,574,209,402,29.700000000000003,3.0,79.18
2020-09-07 10:30:00,708,332,413,29.9,3.0,78.28
2020-09-07 11:00:00,821,457,392,30.200000000000003,2.9000000000000004,76.58
2020-09-07 11:30:00,823,412,423,30.5,2.8000000000000003,75.21000000000001
2020-09-07 12:00:00,843,414,434,30.700000000000003,2.6,74.14
2020-09-07 12:30:00,862,434,433,30.8,2.5,73.72
2020-09-07 13:00:00,843,434,421,31.0,2.3000000000000003,72.61
2020-09-07 13:30:00,809,439,397,31.1,2.2,72.2
2020-09-07 14:00:00,779,472,358,31.1,2.0,72.02
2020-09-07 14:30:00,699,448,327,31.1,1.9,72.02
2020-09-07 15:00:00,581,330,332,31.0,1.7000000000000002,72.63
2020-09-07 15:30:00,493,313,285,30.9,1.5,73.04
2020-09-07 16:00:00,246,40,224,30.8,1.4,75.13
2020-09-07 16:30:00,100,0,100,30.4,1.3,76.86
2020-09-07 17:00:00,127,18,121,30.0,1.2000000000000002,78.58
2020-09-07 17:30:00,76,7,74,29.4,1.1,81.41
2020-09-07 18:00:00,27,0,27,28.8,1.0,88.34
2020-09-08 06:30:00,44,167,29,25.9,1.0,97.95
2020-09-08 07:00:00,133,324,65,26.8,1.5,94.6
2020-09-08 07:30:00,192,195,128,27.4,1.6,91.34
2020-09-08 08:00:00,239,115,188,28.1,1.8,86.87
2020-09-08 08:30:00,409,334,222,28.700000000000003,1.8,83.99
2020-09-08 09:00:00,521,395,261,29.3,1.8,79.19
2020-09-08 09:30:00,468,148,357,29.8,1.7000000000000002,76.95
2020-09-08 10:00:00,693,444,326,30.3,1.7000000000000002,73.58
2020-09-08 10:30:00,769,464,357,30.700000000000003,1.6,71.85000000000001
2020-09-08 11:00:00,765,355,433,31.0,1.6,70.19
2020-09-08 11:30:00,809,388,432,31.200000000000003,1.5,69.4
2020-09-08 12:00:00,983,847,147,31.4,1.4,68.37
2020-09-08 12:30:00,984,847,148,31.5,1.3,67.92
2020-09-08 13:00:00,768,302,475,31.6,1.3,67.28
2020-09-08 13:30:00,778,386,415,31.6,1.3,67.28
2020-09-08 14:00:00,675,274,431,31.6,1.3,67.13
2020-09-08 14:30:00,670,367,366,31.5,1.4,67.51
2020-09-08 15:00:00,485,168,359,31.4,1.4,68.21000000000001
2020-09-08 15:30:00,331,66,288,31.200000000000003,1.5,68.99
2020-09-08 16:00:00,127,0,127,30.9,1.6,71.87
2020-09-08 16:30:00,141,0,141,30.5,1.6,73.52
2020-09-08 17:00:00,115,5,114,30.0,1.7000000000000002,76.08
2020-09-08 17:30:00,76,11,74,29.200000000000003,1.5,79.73
2020-09-08 18:00:00,26,0,26,28.3,1.4,88.06
2020-09-09 06:30:00,35,70,29,25.8,0.7000000000000001,97.79
2020-09-09 07:00:00,109,157,76,26.9,1.1,92.85
2020-09-09 07:30:00,195,206,127,27.6,1.3,89.13
2020-09-09 08:00:00,273,195,186,28.3,1.5,84.18
2020-09-09 08:30:00,403,316,226,29.0,1.5,80.85000000000001
2020-09-09 09:00:00,496,331,278,29.6,1.5,76.67
2020-09-09 09:30:00,579,336,328,30.200000000000003,1.4,74.08
2020-09-09 10:00:00,626,291,386,30.8,1.3,71.32000000000001
2020-09-09 10:30:00,722,357,405,31.200000000000003,1.2000000000000002,69.65
2020-09-09 11:00:00,360,22,339,31.6,1.1,68.23
2020-09-09 11:30:00,224,11,214,31.8,1.1,67.46000000000001
2020-09-09 12:00:00,389,23,366,32.0,1.1,67.25
2020-09-09 12:30:00,640,136,506,32.1,1.2000000000000002,66.87
2020-09-09 13:00:00,388,24,365,32.2,1.2000000000000002,66.86
2020-09-09 13:30:00,408,31,379,32.2,1.2000000000000002,66.86
2020-09-09 14:00:00,247,11,237,32.1,1.2000000000000002,67.18
2020-09-09 14:30:00,720,496,309,32.0,1.2000000000000002,67.56
2020-09-09 15:00:00,622,448,286,31.9,1.2000000000000002,68.03
2020-09-09 15:30:00,560,527,213,31.700000000000003,1.2000000000000002,68.8
2020-09-09 16:00:00,417,354,219,31.5,1.2000000000000002,71.33
2020-09-09 16:30:00,310,307,172,31.0,1.3,73.38
2020-09-09 17:00:00,148,59,128,30.6,1.4,73.8
2020-09-09 17:30:00,42,0,42,29.700000000000003,1.4,77.69
2020-09-09 18:00:00,16,0,16,28.8,1.3,87.04
2020-09-10 06:30:00,11,0,11,26.1,1.0,97.97
2020-09-10 07:00:00,26,0,26,27.1,1.1,94.16
2020-09-10 07:30:00,124,17,118,27.700000000000003,1.1,90.92
2020-09-10 08:00:00,304,290,174,28.3,1.0,86.79
2020-09-10 08:30:00,397,299,230,28.8,1.0,84.4
2020-09-10 09:00:00,483,301,285,29.3,1.0,79.78
2020-09-10 09:30:00,594,369,318,29.700000000000003,1.0,77.97
2020-09-10 10:00:00,679,403,346,30.200000000000003,1.0,74.98
2020-09-10 10:30:00,763,454,360,30.5,1.0,73.64
2020-09-10 11:00:00,803,435,395,30.8,1.1,72.12
2020-09-10 11:30:00,749,276,482,31.0,1.1,71.31
2020-09-10 12:00:00,753,260,497,31.200000000000003,1.1,70.4
2020-09-10 12:30:00,832,401,437,31.3,1.2000000000000002,70.0
2020-09-10 13:00:00,762,295,476,31.5,1.2000000000000002,69.52
2020-09-10 13:30:00,407,31,378,31.6,1.2000000000000002,69.13
2020-09-10 14:00:00,72,0,72,31.6,1.3,69.7
2020-09-10 14:30:00,354,31,329,31.6,1.4,69.7
2020-09-10 15:00:00,103,0,103,31.5,1.6,71.04
2020-09-10 15:30:00,368,105,299,31.3,1.7000000000000002,71.85000000000001
2020-09-10 16:00:00,300,101,243,31.1,1.8,74.62
2020-09-10 16:30:00,211,65,181,30.5,1.9,77.2
2020-09-10 17:00:00,164,102,130,29.9,2.0,80.24
2020-09-10 17:30:00,75,14,72,29.1,1.9,84.01
2020-09-10 18:00:00,25,0,25,28.3,1.8,91.32
2020-09-11 06:30:00,20,0,20,25.8,1.8,98.19
2020-09-11 07:00:00,107,150,76,26.4,2.0,95.16
2020-09-11 07:30:00,262,536,84,26.8,2.0,92.95
2020-09-11 08:00:00,383,635,99,27.3,1.9,88.44
2020-09-11 08:30:00,502,701,110,28.0,1.8,84.91
2020-09-11 09:00:00,614,753,118,28.700000000000003,1.7000000000000002,78.39
2020-09-11 09:30:00,714,788,125,29.4,1.6,75.21000000000001
2020-09-11 10:00:00,801,812,131,30.1,1.6,71.36
2020-09-11 10:30:00,873,831,136,30.700000000000003,1.6,68.96000000000001
2020-09-11 11:00:00,760,340,441,31.200000000000003,1.6,67.6
2020-09-11 11:30:00,796,360,448,31.5,1.7000000000000002,66.46000000000001
2020-09-11 12:00:00,982,846,149,31.700000000000003,1.8,66.65
2020-09-11 12:30:00,982,845,149,31.700000000000003,1.9,66.65
2020-09-11 13:00:00,962,841,148,31.700000000000003,2.1,67.32000000000001
2020-09-11 13:30:00,923,832,146,31.6,2.2,67.63
2020-09-11 14:00:00,866,815,144,31.5,2.4000000000000004,68.59
2020-09-11 14:30:00,793,795,140,31.3,2.5,69.37
2020-09-11 15:00:00,660,560,243,31.1,2.6,71.06
2020-09-11 15:30:00,489,320,279,30.8,2.5,72.28
2020-09-11 16:00:00,372,244,237,30.4,2.5,75.56
2020-09-11 16:30:00,326,382,156,29.9,2.5,77.75
2020-09-11 17:00:00,57,0,57,29.4,2.4000000000000004,81.38
2020-09-12 06:30:00,24,0,24,26.1,1.2000000000000002,98.82
2020-09-12 07:00:00,98,101,77,27.3,1.7000000000000002,94.72
2020-09-12 07:30:00,260,526,85,27.8,1.8,92.09
2020-09-12 08:00:00,380,617,103,28.200000000000003,2.0,89.60000000000001
2020-09-12 08:30:00,498,685,116,28.6,2.0,87.55
2020-09-12 09:00:00,351,85,294,29.0,2.1,84.94
2020-09-12 09:30:00,423,99,349,29.5,2.1,82.53
2020-09-12 10:00:00,669,371,363,29.9,2.2,80.41
2020-09-12 10:30:00,317,18,301,30.200000000000003,2.2,79.05
2020-09-12 11:00:00,535,86,455,30.5,2.2,77.49
2020-09-12 11:30:00,616,127,493,30.700000000000003,2.2,76.53
2020-09-12 12:00:00,983,854,143,30.9,2.1,75.42
2020-09-12 12:30:00,982,854,143,31.0,2.1,74.99
2020-09-12 13:00:00,511,61,452,31.1,2.0,74.14
2020-09-12 13:30:00,787,415,400,31.1,1.9,74.14
2020-09-12 14:00:00,640,229,437,31.1,1.9,73.7
2020-09-12 14:30:00,666,374,359,30.9,1.8,74.54
2020-09-12 15:00:00,695,734,150,30.700000000000003,1.8,75.3
2020-09-12 15:30:00,473,289,285,30.5,1.7000000000000002,76.16
2020-09-12 16:00:00,190,10,184,30.200000000000003,1.6,79.59
2020-09-12 16:30:00,368,572,115,29.8,1.6,81.43
2020-09-12 17:00:00,152,78,127,29.4,1.6,82.99
2020-09-12 17:30:00,77,26,71,28.700000000000003,1.4,86.4
2020-09-12 18:00:00,21,0,21,28.1,1.3,92.54
2020-09-13 06:30:00,17,0,17,26.1,0.9,97.86
2020-09-13 07:00:00,45,0,45,27.200000000000003,1.0,93.52
2020-09-13 07:30:00,140,42,125,27.6,1.2000000000000002,91.36
2020-09-13 08:00:00,219,77,184,28.1,1.3,87.13
2020-09-13 08:30:00,244,40,222,28.700000000000003,1.4,84.24
2020-09-13 09:00:00,251,20,238,29.200000000000003,1.5,79.93
2020-09-13 09:30:00,368,56,326,29.5,1.5,78.56
2020-09-13 10:00:00,500,121,400,29.700000000000003,1.6,75.76
2020-09-13 10:30:00,475,69,414,29.9,1.7000000000000002,74.9
2020-09-13 11:00:00,605,140,474,30.1,1.8,73.74
2020-09-13 11:30:00,735,259,485,30.1,2.0,73.74
2020-09-13 12:00:00,608,112,498,30.1,2.2,74.07000000000001
2020-09-13 12:30:00,748,257,495,30.0,2.2,74.5
2020-09-13 13:00:00,732,257,484,30.0,2.3000000000000003,74.62
2020-09-13 13:30:00,319,17,303,29.9,2.3000000000000003,75.05
2020-09-13 14:00:00,528,108,433,29.700000000000003,2.2,75.57000000000001
2020-09-13 14:30:00,575,218,397,29.6,1.9,76.01
2020-09-13 15:00:00,587,367,315,29.5,1.7000000000000002,76.33
2020-09-13 15:30:00,565,573,193,29.3,1.4,77.21000000000001
2020-09-13 16:00:00,372,252,233,29.0,1.2000000000000002,79.16
2020-09-13 16:30:00,87,0,87,28.700000000000003,1.2000000000000002,80.54
2020-09-13 17:00:00,50,0,50,28.4,1.2000000000000002,81.4
2020-09-14 06:30:00,29,12,28,26.1,1.3,98.72
2020-09-14 07:00:00,100,106,77,27.1,1.7000000000000002,96.05
2020-09-14 07:30:00,208,259,122,27.5,1.8,93.83
2020-09-14 08:00:00,211,64,182,27.8,1.9,92.55
2020-09-14 08:30:00,408,331,224,28.200000000000003,2.1,90.42
2020-09-14 09:00:00,479,291,288,28.6,2.4000000000000004,87.82000000000001
2020-09-14 09:30:00,709,775,130,29.0,2.4000000000000004,85.82000000000001
2020-09-14 10:00:00,416,58,369,29.4,2.5,83.19
2020-09-14 10:30:00,604,180,444,29.700000000000003,2.4000000000000004,81.69
2020-09-14 11:00:00,709,264,463,30.0,2.4000000000000004,79.5
2020-09-14 11:30:00,721,241,489,30.1,2.4000000000000004,79.05
2020-09-14 12:00:00,317,16,301,30.3,2.3000000000000003,77.37
2020-09-14 12:30:00,536,68,469,30.3,2.3000000000000003,77.3
2020-09-14 13:00:00,612,126,490,30.3,2.2,76.87
2020-09-14 13:30:00,734,307,448,30.200000000000003,2.1,77.23
2020-09-14 14:00:00,657,258,430,30.1,2.0,77.77
2020-09-14 14:30:00,648,344,367,29.9,1.9,78.67
2020-09-14 15:00:00,539,270,339,29.700000000000003,1.8,80.39
2020-09-14 15:30:00,364,107,294,29.4,1.9,81.7
2020-09-14 16:00:00,386,296,225,29.1,1.9,83.24
2020-09-14 16:30:00,276,229,177,28.700000000000003,1.9,85.19
2020-09-14 17:00:00,182,184,123,28.3,2.0,87.5
2020-09-14 17:30:00,88,82,72,27.8,2.0,90.16
2020-09-14 18:00:00,25,14,24,27.4,2.0,92.65
2020-09-15 06:30:00,46,191,29,25.700000000000003,2.0,98.85
2020-09-15 07:00:00,138,357,63,26.200000000000003,1.9,95.64
2020-09-15 07:30:00,229,360,110,26.5,1.8,94.07
2020-09-15 08:00:00,313,319,170,26.8,1.8,89.81
2020-09-15 08:30:00,414,346,221,27.200000000000003,1.9,87.74
2020-09-15 09:00:00,494,326,280,27.700000000000003,1.9,83.04
2020-09-15 09:30:00,612,418,300,28.200000000000003,1.9,80.58
2020-09-15 10:00:00,715,493,309,28.700000000000003,1.9,77.07000000000001
2020-09-15 10:30:00,862,791,162,29.1,1.8,75.32000000000001
2020-09-15 11:00:00,742,315,448,29.5,1.8,73.59
2020-09-15 11:30:00,777,322,466,29.700000000000003,1.7000000000000002,72.68
2020-09-15 12:00:00,525,63,463,30.0,1.5,71.77
2020-09-15 12:30:00,708,209,503,30.200000000000003,1.4,70.88
2020-09-15 13:00:00,468,44,425,30.3,1.3,70.82000000000001
2020-09-15 13:30:00,486,60,430,30.3,1.3,70.82000000000001
2020-09-15 14:00:00,504,91,424,30.4,1.3,70.78
2020-09-15 14:30:00,544,179,399,30.200000000000003,1.4,71.59
2020-09-15 15:00:00,87,0,87,30.1,1.5,73.07000000000001
2020-09-15 15:30:00,369,116,294,29.8,1.6,74.34
2020-09-15 16:00:00,384,296,223,29.6,1.6,77.24
2020-09-15 16:30:00,286,264,171,29.0,1.7000000000000002,79.95
2020-09-15 17:00:00,131,39,118,28.5,1.8,82.42
2020-09-15 17:30:00,71,20,67,27.8,1.7000000000000002,85.92
2020-09-15 18:00:00,21,0,21,27.1,1.7000000000000002,92.13
2020-09-16 06:30:00,20,0,20,25.4,1.0,96.61
2020-09-16 07:00:00,148,446,55,26.700000000000003,1.3,90.95
2020-09-16 07:30:00,130,25,121,27.4,1.5,87.31
2020-09-16 08:00:00,204,55,180,28.1,1.7000000000000002,82.99
2020-09-16 08:30:00,317,127,247,28.700000000000003,1.8,80.15
2020-09-16 09:00:00,620,791,100,29.3,1.9,76.7
2020-09-16 09:30:00,721,824,106,29.9,1.9,74.11
2020-09-16 10:00:00,808,848,110,30.5,1.8,71.99
2020-09-16 10:30:00,879,865,114,30.9,1.8,70.37
2020-09-16 11:00:00,935,879,115,31.4,1.8,69.14
2020-09-16 11:30:00,972,886,117,31.6,1.7000000000000002,68.29
2020-09-16 12:00:00,989,889,119,31.9,1.7000000000000002,67.79
2020-09-16 12:30:00,731,238,498,32.0,1.6,67.35
2020-09-16 13:00:00,965,883,118,32.1,1.5,67.73
2020-09-16 13:30:00,695,253,461,32.1,1.5,67.66
2020-09-16 14:00:00,868,858,116,32.1,1.4,68.1
2020-09-16 14:30:00,455,88,384,31.9,1.4,68.87
2020-09-16 15:00:00,503,213,346,31.8,1.5,69.37
2020-09-16 15:30:00,417,190,294,31.5,1.6,70.56
2020-09-16 16:00:00,394,328,216,31.3,1.7000000000000002,72.59
2020-09-16 16:30:00,252,169,179,30.700000000000003,1.8,75.11
2020-09-16 17:00:00,59,0,59,30.200000000000003,1.9,78.18
2020-09-16 17:30:00,31,0,31,29.200000000000003,1.9,82.79
2020-09-16 18:00:00,11,0,11,28.3,1.8,89.57000000000001
2020-09-17 06:30:00,37,96,29,25.5,1.7000000000000002,98.43
2020-09-17 07:00:00,133,324,65,26.700000000000003,2.2,94.62
2020-09-17 07:30:00,239,408,103,27.5,2.5,90.3
2020-09-17 08:00:00,319,339,167,28.200000000000003,2.7,88.43
2020-09-17 08:30:00,413,344,221,28.9,3.1,84.92
2020-09-17 09:00:00,477,286,289,29.5,3.4000000000000004,82.18
2020-09-17 09:30:00,589,359,322,29.9,3.6,80.32000000000001
2020-09-17 10:00:00,643,322,378,30.4,3.7,78.25
2020-09-17 10:30:00,717,343,414,30.700000000000003,3.7,76.85000000000001
2020-09-17 11:00:00,844,492,386,30.9,3.7,76.09
2020-09-17 11:30:00,861,463,416,31.0,3.6,75.66
2020-09-17 12:00:00,971,818,170,31.0,3.6,75.47
2020-09-17 12:30:00,780,308,479,31.0,3.6,75.39
2020-09-17 13:00:00,845,451,412,31.0,3.5,75.42
2020-09-17 13:30:00,785,424,394,31.0,3.4000000000000004,75.35000000000001
2020-09-17 14:00:00,742,440,358,30.9,3.4000000000000004,75.95
2020-09-17 14:30:00,562,207,394,30.700000000000003,3.3000000000000003,76.82000000000001
2020-09-17 15:00:00,611,462,274,30.6,3.1,77.49
2020-09-17 15:30:00,552,557,195,30.3,2.9000000000000004,78.83
2020-09-17 16:00:00,455,565,151,30.0,2.6,81.59
2020-09-17 16:30:00,312,377,150,29.5,2.3000000000000003,83.96000000000001
2020-09-17 17:00:00,143,72,120,29.0,1.9,88.65
2020-09-17 17:30:00,72,30,66,28.6,1.8,90.72
2020-09-17 18:00:00,20,0,20,28.1,1.7000000000000002,92.37
2020-09-18 06:30:00,22,0,22,24.9,1.5,97.83
2020-09-18 07:00:00,64,0,64,25.5,2.2,95.66
2020-09-18 07:30:00,102,0,102,25.700000000000003,2.6,94.53
2020-09-18 08:00:00,185,32,171,26.0,3.1,94.08
2020-09-18 08:30:00,185,8,181,26.200000000000003,3.4000000000000004,92.98
2020-09-18 09:00:00,152,0,152,26.5,3.7,92.93
2020-09-18 09:30:00,182,4,179,26.8,4.0,91.31
2020-09-18 10:00:00,196,7,191,27.0,4.3,91.6
2020-09-18 10:30:00,255,12,244,27.200000000000003,4.3,90.45
2020-09-18 11:00:00,310,16,295,27.3,4.3,90.61
2020-09-18 11:30:00,407,28,380,27.4,4.2,90.08
2020-09-18 12:00:00,461,39,423,27.5,4.1000000000000005,90.27
2020-09-18 12:30:00,496,51,446,27.6,4.1000000000000005,89.66
2020-09-18 13:00:00,456,41,417,27.700000000000003,4.1000000000000005,90.12
2020-09-18 13:30:00,386,27,361,27.700000000000003,4.0,90.03
2020-09-18 14:00:00,215,9,207,27.700000000000003,3.9,91.06
2020-09-18 14:30:00,144,0,143,27.700000000000003,3.6,90.97
2020-09-18 15:00:00,118,0,118,27.700000000000003,3.2,92.34
2020-09-18 15:30:00,124,0,124,27.6,2.9000000000000004,92.88
2020-09-18 16:00:00,98,0,98,27.5,2.5,94.92
2020-09-18 16:30:00,43,0,43,27.3,2.4000000000000004,96.04
2020-09-18 17:00:00,33,0,33,27.1,2.2,98.1
2020-09-18 17:30:00,18,0,18,27.0,2.4000000000000004,98.68
2020-09-19 06:30:00,16,0,16,25.3,2.7,96.78
2020-09-19 07:00:00,42,0,42,26.0,2.6,95.32
2020-09-19 07:30:00,31,0,31,26.200000000000003,2.8000000000000003,94.3
2020-09-19 08:00:00,65,0,65,26.5,2.9000000000000004,93.98
2020-09-19 08:30:00,51,0,51,26.700000000000003,3.1,92.88
2020-09-19 09:00:00,38,0,38,26.9,3.4000000000000004,93.2
2020-09-19 09:30:00,105,0,105,27.200000000000003,3.5,91.58
2020-09-19 10:00:00,220,9,213,27.5,3.7,91.59
2020-09-19 10:30:00,303,16,288,27.8,3.9,89.92
2020-09-19 11:00:00,357,21,337,28.0,4.2,90.38
2020-09-19 11:30:00,446,37,410,28.200000000000003,4.4,89.34
2020-09-19 12:00:00,571,89,485,28.4,4.6000000000000005,89.34
2020-09-19 12:30:00,625,129,499,28.5,4.7,88.83
2020-09-19 13:00:00,615,133,488,28.6,4.7,88.36
2020-09-19 13:30:00,608,152,468,28.6,4.7,88.36
2020-09-19 14:00:00,560,144,435,28.6,4.7,87.98
2020-09-19 14:30:00,473,106,387,28.4,4.6000000000000005,89.0
2020-09-19 15:00:00,489,199,344,28.200000000000003,4.5,89.62
2020-09-19 15:30:00,268,31,248,28.0,4.3,90.66
2020-09-19 16:00:00,342,208,231,27.700000000000003,4.1000000000000005,91.58
2020-09-19 16:30:00,178,37,162,27.4,3.8,93.29
2020-09-19 17:00:00,38,0,38,27.1,3.5,93.79
2020-09-19 17:30:00,20,0,20,26.9,3.2,94.89
2020-09-20 06:30:00,20,0,20,25.9,3.2,97.22
2020-09-20 07:00:00,55,0,55,26.700000000000003,3.5,95.32
2020-09-20 07:30:00,154,74,130,27.1,3.6,93.11
2020-09-20 08:00:00,18,0,18,27.5,3.7,92.86
2020-09-20 08:30:00,27,0,27,27.9,3.9,90.72
2020-09-20 09:00:00,87,0,87,28.3,4.1000000000000005,87.72
2020-09-20 09:30:00,292,23,276,28.5,4.2,86.71000000000001
2020-09-20 10:00:00,455,83,387,28.8,4.2,84.3
2020-09-20 10:30:00,492,80,421,28.9,4.2,83.82000000000001
2020-09-20 11:00:00,462,49,416,29.1,4.2,82.55
2020-09-20 11:30:00,592,112,485,29.1,4.1000000000000005,82.55
2020-09-20 12:00:00,665,166,503,29.200000000000003,4.0,81.8
2020-09-20 12:30:00,654,157,502,29.1,3.9,82.27
2020-09-20 13:00:00,430,34,398,29.1,3.9,82.37
2020-09-20 13:30:00,188,7,181,29.0,3.8,82.84
2020-09-20 14:00:00,331,21,313,28.9,3.7,83.72
2020-09-20 14:30:00,296,18,281,28.700000000000003,3.6,84.69
2020-09-20 15:00:00,211,8,206,28.5,3.6,86.35000000000001
2020-09-20 15:30:00,246,21,232,28.200000000000003,3.5,87.86
2020-09-20 16:00:00,135,0,135,27.9,3.4000000000000004,90.69
2020-09-20 16:30:00,91,0,91,27.6,3.3000000000000003,92.29
2020-09-20 17:00:00,81,0,81,27.3,3.1,94.74
2020-09-20 17:30:00,40,0,40,27.0,3.1,96.51
2020-09-20 18:00:00,11,0,11,26.700000000000003,3.0,97.4
2020-09-21 06:30:00,30,23,29,25.4,1.2000000000000002,98.16
2020-09-21 07:00:00,94,81,77,26.4,1.7000000000000002,95.15
2020-09-21 07:30:00,170,116,132,26.8,1.7000000000000002,92.94
2020-09-21 08:00:00,271,188,187,27.200000000000003,1.8,89.73
2020-09-21 08:30:00,363,216,243,27.6,1.8,87.66
2020-09-21 09:00:00,499,339,276,28.0,1.8,83.14
2020-09-21 09:30:00,573,326,330,28.4,1.8,81.24
2020-09-21 10:00:00,394,47,355,28.700000000000003,1.7000000000000002,78.96000000000001
2020-09-21 10:30:00,588,165,443,29.1,1.6,77.16
2020-09-21 11:00:00,771,385,414,29.4,1.5,76.29
2020-09-21 11:30:00,674,189,493,29.6,1.4,75.34
2020-09-21 12:00:00,749,267,489,29.8,1.3,74.98
2020-09-21 12:30:00,707,215,498,29.9,1.1,74.55
2020-09-21 13:00:00,705,234,482,30.0,1.0,74.32000000000001
2020-09-21 13:30:00,626,175,466,30.0,0.9,74.32000000000001
2020-09-21 14:00:00,633,239,426,30.1,0.7000000000000001,73.97
2020-09-21 14:30:00,650,369,354,30.0,0.6000000000000001,74.39
2020-09-21 15:00:00,536,292,326,29.9,0.4,74.76
2020-09-21 15:30:00,278,39,254,29.8,0.3,75.19
2020-09-21 16:00:00,353,245,224,29.6,0.1,77.99
2020-09-21 16:30:00,221,116,173,29.4,0.2,78.97
2020-09-21 17:00:00,192,293,104,29.1,0.2,79.38
2020-09-21 17:30:00,96,207,60,28.700000000000003,0.1,81.23
2020-09-21 18:00:00,21,0,21,28.4,0.1,83.42
2020-09-22 07:30:00,11,0,11,26.700000000000003,1.9,93.18
2020-09-22 08:00:00,32,0,32,27.200000000000003,2.0,92.27
2020-09-22 08:30:00,29,0,29,27.700000000000003,2.1,89.71000000000001
2020-09-22 09:00:00,98,0,98,28.200000000000003,2.2,86.93
2020-09-22 09:30:00,186,4,183,28.6,2.2,84.94
2020-09-22 10:00:00,506,129,400,29.0,2.3000000000000003,82.4
2020-09-22 10:30:00,557,133,440,29.3,2.3000000000000003,80.99
2020-09-22 11:00:00,919,835,145,29.5,2.2,79.68
2020-09-22 11:30:00,954,844,147,29.700000000000003,2.2,78.77
2020-09-22 12:00:00,969,839,154,29.8,2.2,78.18
2020-09-22 12:30:00,782,321,471,29.8,2.2,78.18
2020-09-22 13:00:00,654,175,488,29.700000000000003,2.2,78.77
2020-09-22 13:30:00,778,428,387,29.6,2.2,79.23
2020-09-22 14:00:00,614,215,429,29.5,2.2,80.34
2020-09-22 14:30:00,177,4,174,29.4,2.0,80.72
2020-09-22 15:00:00,121,0,121,29.200000000000003,1.9,82.94
2020-09-22 15:30:00,55,0,55,29.0,1.8,83.9
2020-09-22 16:00:00,66,0,66,28.8,1.7000000000000002,84.59
2020-09-22 16:30:00,36,0,36,28.5,1.5,86.07000000000001
2020-09-22 17:00:00,11,0,11,28.1,1.3,88.93
2020-09-23 06:30:00,23,0,23,25.700000000000003,0.6000000000000001,97.57
2020-09-23 07:00:00,66,0,66,26.5,0.7000000000000001,96.23
2020-09-23 07:30:00,198,217,127,27.1,0.7000000000000001,92.91
2020-09-23 08:00:00,313,321,170,27.700000000000003,0.6000000000000001,90.89
2020-09-23 08:30:00,403,319,226,28.4,0.5,87.27
2020-09-23 09:00:00,478,291,287,29.1,0.4,83.11
2020-09-23 09:30:00,556,292,339,29.6,0.4,80.75
2020-09-23 10:00:00,620,285,386,30.0,0.4,76.88
2020-09-23 10:30:00,623,209,439,30.3,0.4,75.58
2020-09-23 11:00:00,739,318,444,30.5,0.3,74.3
2020-09-23 11:30:00,670,187,492,30.6,0.6000000000000001,73.8
2020-09-23 12:00:00,693,199,500,30.700000000000003,0.8,73.87
2020-09-23 12:30:00,562,87,478,30.700000000000003,1.0,73.87
2020-09-23 13:00:00,714,249,478,30.6,1.2000000000000002,75.47
2020-09-23 13:30:00,705,284,446,30.5,1.3,75.9
2020-09-23 14:00:00,614,217,427,30.4,1.4,77.59
2020-09-23 14:30:00,495,135,387,30.3,1.4,78.03
2020-09-23 15:00:00,263,17,251,30.200000000000003,1.4,80.48
2020-09-23 15:30:00,238,19,226,30.0,1.4,81.4
2020-09-23 16:00:00,360,275,216,29.9,1.3,81.72
2020-09-23 16:30:00,245,188,168,29.5,1.2000000000000002,83.61
2020-09-23 17:00:00,10,0,10,29.200000000000003,1.1,84.57000000000001
2020-09-24 06:30:00,31,29,29,26.0,0.8,97.23
2020-09-24 07:00:00,143,403,59,26.700000000000003,0.5,96.87
2020-09-24 07:30:00,208,260,122,27.0,0.7000000000000001,95.18
2020-09-24 08:00:00,255,150,188,27.4,0.9,92.82
2020-09-24 08:30:00,399,307,228,27.8,0.8,90.69
2020-09-24 09:00:00,367,105,299,28.200000000000003,0.7000000000000001,85.46000000000001
2020-09-24 09:30:00,575,333,328,28.700000000000003,0.8,83.03
2020-09-24 10:00:00,594,244,394,29.1,0.8,77.75
2020-09-24 10:30:00,748,442,361,29.4,1.0,76.34
2020-09-24 11:00:00,743,328,441,29.6,1.2000000000000002,73.27
2020-09-24 11:30:00,712,239,484,29.8,1.2000000000000002,72.43
2020-09-24 12:00:00,740,260,489,29.9,1.3,71.55
2020-09-24 12:30:00,582,101,485,30.1,1.3,70.74
2020-09-24 13:00:00,714,252,476,30.200000000000003,1.3,70.68
2020-09-24 13:30:00,749,366,416,30.3,1.2000000000000002,70.21000000000001
2020-09-24 14:00:00,505,101,418,30.3,1.2000000000000002,70.96000000000001
2020-09-24 14:30:00,534,185,387,30.200000000000003,1.1,71.37
2020-09-24 15:00:00,464,176,338,30.1,1.1,73.18
2020-09-24 15:30:00,412,211,281,29.9,1.2000000000000002,74.02
2020-09-24 16:00:00,263,81,221,29.700000000000003,1.2000000000000002,75.96000000000001
2020-09-24 16:30:00,196,76,165,29.3,1.4,77.72
2020-09-24 17:00:00,179,259,104,28.8,1.5,80.67
2020-09-24 17:30:00,99,249,58,28.1,1.4,84.0
2020-09-24 18:00:00,14,0,14,27.5,1.4,90.8
2020-09-25 06:30:00,29,9,28,24.0,1.2000000000000002,96.07
2020-09-25 07:00:00,98,102,77,25.4,1.6,89.95
2020-09-25 07:30:00,122,13,117,26.200000000000003,1.8,85.8
2020-09-25 08:00:00,272,193,186,27.0,2.0,81.98
2020-09-25 08:30:00,340,168,246,27.8,2.1,78.32000000000001
2020-09-25 09:00:00,500,345,274,28.5,2.1,76.42
2020-09-25 09:30:00,720,835,100,29.1,2.0,73.82000000000001
2020-09-25 10:00:00,809,874,96,29.700000000000003,1.9,73.12
2020-09-25 10:30:00,880,890,99,30.200000000000003,1.9,71.06
2020-09-25 11:00:00,932,898,103,30.6,1.8,71.0
2020-09-25 11:30:00,967,905,104,30.9,1.8,69.73
2020-09-25 12:00:00,981,904,108,31.200000000000003,1.9,69.46000000000001
2020-09-25 12:30:00,874,476,416,31.200000000000003,1.9,69.39
2020-09-25 13:00:00,954,892,112,31.3,2.0,69.4
2020-09-25 13:30:00,815,490,370,31.3,2.0,69.33
2020-09-25 14:00:00,774,525,325,31.200000000000003,2.1,69.82000000000001
2020-09-25 14:30:00,686,499,292,31.1,2.0,70.22
2020-09-25 15:00:00,620,544,234,30.9,2.0,71.23
2020-09-25 15:30:00,492,410,239,30.700000000000003,1.8,72.04
2020-09-25 16:00:00,403,429,182,30.4,1.7000000000000002,74.8
2020-09-25 16:30:00,339,612,92,30.0,1.6,76.53
2020-09-25 17:00:00,218,495,76,29.6,1.4,79.27
2020-09-25 17:30:00,104,326,51,29.0,1.3,82.05
2020-09-25 18:00:00,14,0,14,28.3,1.1,89.03
2020-09-26 06:30:00,21,0,21,24.700000000000003,1.1,97.59
2020-09-26 07:00:00,73,8,72,25.9,1.6,93.06
2020-09-26 07:30:00,234,388,106,26.5,1.8,89.83
2020-09-26 08:00:00,390,694,80,27.1,1.9,87.4
2020-09-26 08:30:00,309,115,245,27.5,2.0,85.38
2020-09-26 09:00:00,392,137,302,27.9,2.1,83.16
2020-09-26 09:30:00,560,304,335,28.3,2.2,81.25
2020-09-26 10:00:00,465,93,389,28.6,2.2,80.01
2020-09-26 10:30:00,732,405,377,28.9,2.4000000000000004,78.64
2020-09-26 11:00:00,744,331,439,29.1,2.5,78.10000000000001
2020-09-26 11:30:00,824,437,409,29.4,2.6,76.77
2020-09-26 12:00:00,791,341,462,29.6,2.7,76.52
2020-09-26 12:30:00,860,463,415,29.8,2.7,75.64
2020-09-26 13:00:00,759,325,454,30.0,2.7,75.17
2020-09-26 13:30:00,758,400,396,30.1,2.6,74.67
2020-09-26 14:00:00,718,423,356,30.200000000000003,2.6,74.22
2020-09-26 14:30:00,701,535,279,30.200000000000003,2.3000000000000003,74.22
2020-09-26 15:00:00,628,570,224,30.200000000000003,2.1,74.25
2020-09-26 15:30:00,530,561,185,30.1,1.9,74.67
2020-09-26 16:00:00,421,503,162,29.9,1.7000000000000002,76.47
2020-09-26 16:30:00,214,120,166,29.6,1.6,77.8
2020-09-26 17:00:00,165,211,105,29.200000000000003,1.5,80.60000000000001
2020-09-26 17:30:00,78,136,56,28.6,1.2000000000000002,83.44
2020-09-26 18:00:00,13,0,13,27.9,1.0,89.3
2020-09-27 06:30:00,45,206,28,24.9,1.9,97.13
2020-09-27 07:00:00,147,443,54,25.700000000000003,2.4000000000000004,93.66
2020-09-27 07:30:00,265,585,72,26.200000000000003,2.5,91.03
2020-09-27 08:00:00,387,680,84,26.700000000000003,2.7,89.55
2020-09-27 08:30:00,505,742,94,27.1,2.9000000000000004,87.48
2020-09-27 09:00:00,615,785,103,27.6,3.2,84.96000000000001
2020-09-27 09:30:00,714,818,109,27.9,3.2,83.49
2020-09-27 10:00:00,799,842,114,28.200000000000003,3.3000000000000003,82.03
2020-09-27 10:30:00,869,859,118,28.4,3.3000000000000003,81.08
2020-09-27 11:00:00,919,861,126,28.6,3.2,80.56
2020-09-27 11:30:00,953,869,128,28.6,3.2,80.56
2020-09-27 12:00:00,965,862,136,28.700000000000003,3.1,80.89
2020-09-27 12:30:00,962,861,136,28.700000000000003,2.9000000000000004,80.89
2020-09-27 13:00:00,935,842,144,28.6,2.8000000000000003,82.19
2020-09-27 13:30:00,622,181,459,28.5,2.7,82.66
2020-09-27 14:00:00,638,263,414,28.4,2.5,84.21000000000001
2020-09-27 14:30:00,690,519,283,28.3,2.3000000000000003,84.62
2020-09-27 15:00:00,521,288,319,28.1,2.1,87.01
2020-09-27 15:30:00,327,89,273,28.0,1.8,87.52
2020-09-27 16:00:00,210,29,195,27.8,1.6,89.9
2020-09-27 16:30:00,159,26,148,27.6,1.5,90.95
2020-09-27 17:00:00,64,0,64,27.3,1.3,92.86
2020-09-27 17:30:00,31,0,31,27.0,1.1,94.59
2020-09-28 06:30:00,18,0,18,24.5,1.4,98.69
2020-09-28 07:00:00,52,0,52,25.3,1.6,96.92
2020-09-28 07:30:00,136,36,124,25.700000000000003,1.5,94.75
2020-09-28 08:00:00,95,0,95,26.200000000000003,1.5,93.8
2020-09-28 08:30:00,227,28,211,26.8,1.4,90.55
2020-09-28 09:00:00,155,0,155,27.5,1.2000000000000002,87.88
2020-09-28 09:30:00,163,2,161,27.9,1.1,85.86
2020-09-28 10:00:00,155,2,154,28.4,0.9,82.45
2020-09-28 10:30:00,313,18,297,28.6,1.1,81.42
2020-09-28 11:00:00,347,20,328,28.8,1.2000000000000002,80.47
2020-09-28 11:30:00,381,24,358,28.8,1.4,80.47
2020-09-28 12:00:00,506,59,450,28.9,1.7000000000000002,80.72
2020-09-28 12:30:00,616,130,491,28.8,2.0,81.19
2020-09-28 13:00:00,320,17,304,28.8,2.3000000000000003,82.06
2020-09-28 13:30:00,243,11,233,28.700000000000003,2.5,82.53
2020-09-28 14:00:00,391,38,358,28.6,2.8000000000000003,83.84
2020-09-28 14:30:00,454,102,374,28.5,2.9000000000000004,84.33
2020-09-28 15:00:00,447,162,333,28.3,3.0,86.23
2020-09-28 15:30:00,301,63,262,28.1,2.9000000000000004,87.24
2020-09-28 16:00:00,31,0,31,27.9,2.8000000000000003,89.29
2020-09-28 16:30:00,27,0,27,27.6,2.6,90.86
2020-09-28 17:00:00,165,230,101,27.3,2.5,93.03
2020-09-28 17:30:00,77,149,54,26.9,2.3000000000000003,95.33
2020-09-28 18:00:00,11,0,11,26.6,2.2,96.54
2020-09-29 06:30:00,27,0,27,24.200000000000003,1.5,98.67
2020-09-29 07:00:00,83,38,75,25.3,2.0,95.14
2020-09-29 07:30:00,152,70,129,25.700000000000003,2.2,93.01
2020-09-29 08:00:00,245,128,188,26.1,2.3000000000000003,91.92
2020-09-29 08:30:00,373,244,239,26.4,2.4000000000000004,90.32
2020-09-29 09:00:00,422,185,302,26.700000000000003,2.5,89.31
2020-09-29 09:30:00,517,227,350,27.0,2.6,87.76
2020-09-29 10:00:00,595,250,392,27.200000000000003,2.7,87.45
2020-09-29 10:30:00,658,265,427,27.5,2.8000000000000003,85.94
2020-09-29 11:00:00,567,115,461,27.700000000000003,2.9000000000000004,85.83
2020-09-29 11:30:00,306,16,291,28.0,2.9000000000000004,84.26
2020-09-29 12:00:00,252,12,241,28.200000000000003,3.0,84.3
2020-09-29 12:30:00,849,457,412,28.4,2.9000000000000004,83.24
2020-09-29 13:00:00,778,377,426,28.5,2.9000000000000004,83.7
2020-09-29 13:30:00,719,323,429,28.6,2.8000000000000003,83.14
2020-09-29 14:00:00,739,482,331,28.700000000000003,2.7,83.23
2020-09-29 14:30:00,606,321,356,28.700000000000003,2.6,83.23
2020-09-29 15:00:00,378,84,319,28.6,2.5,84.58
2020-09-29 15:30:00,301,65,262,28.5,2.3000000000000003,85.07000000000001
2020-09-29 16:00:00,62,0,62,28.4,2.1,86.61
2020-09-29 16:30:00,37,0,37,28.1,2.0,88.13
2020-09-29 17:00:00,41,0,41,27.8,1.8,89.42
2020-09-29 17:30:00,20,0,20,27.3,1.6,92.06
2020-09-30 06:30:00,18,0,18,24.6,1.0,96.23
2020-09-30 07:00:00,50,0,50,26.1,1.5,92.1
2020-09-30 07:30:00,100,0,100,26.9,1.8,87.88
2020-09-30 08:00:00,279,215,184,27.6,2.2,85.75
2020-09-30 08:30:00,379,259,236,28.3,2.4000000000000004,82.34
2020-09-30 09:00:00,453,243,295,28.9,2.6,80.42
2020-09-30 09:30:00,591,374,315,29.3,2.7,78.59
2020-09-30 10:00:00,805,875,95,29.8,2.7,77.54
2020-09-30 10:30:00,875,891,98,30.200000000000003,2.7,75.79
2020-09-30 11:00:00,668,223,464,30.5,2.7,75.38
2020-09-30 11:30:00,570,102,474,30.700000000000003,2.7,74.45
2020-09-30 12:00:00,554,85,473,30.9,2.6,73.91
2020-09-30 12:30:00,746,284,475,30.9,2.6,73.83
2020-09-30 13:00:00,686,227,474,30.9,2.5,73.71000000000001
2020-09-30 13:30:00,658,232,450,30.9,2.5,73.63
2020-09-30 14:00:00,535,137,420,30.9,2.4000000000000004,73.67
2020-09-30 14:30:00,462,114,374,30.700000000000003,2.3000000000000003,74.51
2020-09-30 15:00:00,298,31,276,30.6,2.3000000000000003,74.84
2020-09-30 15:30:00,449,323,254,30.4,2.1,75.69
2020-09-30 16:00:00,254,82,213,30.1,2.0,78.25
2020-09-30 16:30:00,195,93,159,29.6,1.9,80.52
2020-09-30 17:00:00,107,29,99,29.1,1.7000000000000002,83.04
2020-09-30 17:30:00,48,0,48,28.5,1.5,86.05
2020-10-01 06:30:00,44,203,27,25.1,1.0,97.39
2020-10-01 07:00:00,146,438,55,26.200000000000003,1.3,93.86
2020-10-01 07:30:00,264,581,73,26.8,1.5,90.62
2020-10-01 08:00:00,385,670,88,27.4,1.7000000000000002,89.38
2020-10-01 08:30:00,502,734,98,27.9,1.8,86.82000000000001
2020-10-01 09:00:00,610,771,109,28.3,2.0,86.23
2020-10-01 09:30:00,536,262,343,28.700000000000003,2.1,84.26
2020-10-01 10:00:00,612,282,384,29.1,2.2,83.35000000000001
2020-10-01 10:30:00,700,338,406,29.4,2.3000000000000003,81.93
2020-10-01 11:00:00,908,836,144,29.700000000000003,2.4000000000000004,81.63
2020-10-01 11:30:00,942,844,146,29.9,2.4000000000000004,80.7
2020-10-01 12:00:00,956,844,150,30.200000000000003,2.5,79.73
2020-10-01 12:30:00,952,843,151,30.200000000000003,2.5,79.73
2020-10-01 13:00:00,662,199,477,30.3,2.4000000000000004,79.31
2020-10-01 13:30:00,230,10,220,30.3,2.4000000000000004,79.31
2020-10-01 14:00:00,479,88,404,30.200000000000003,2.4000000000000004,79.89
2020-10-01 14:30:00,214,8,208,30.1,2.3000000000000003,80.35000000000001
2020-10-01 15:00:00,559,394,286,30.1,2.3000000000000003,81.07000000000001
2020-10-01 15:30:00,448,326,251,29.8,2.2,82.48
2020-10-01 16:00:00,386,419,177,29.6,2.1,83.63
2020-10-01 16:30:00,241,225,154,29.1,2.0,86.06
2020-10-01 17:00:00,131,106,103,28.700000000000003,1.8,88.47
2020-10-01 17:30:00,58,52,51,28.1,1.6,91.69
2020-10-02 06:30:00,45,220,26,25.0,1.4,98.16
2020-10-02 07:00:00,146,450,53,26.200000000000003,1.6,94.53
2020-10-02 07:30:00,265,593,70,26.6,1.6,92.34
2020-10-02 08:00:00,324,370,160,27.0,1.6,91.32
2020-10-02 08:30:00,502,738,95,27.200000000000003,1.6,90.26
2020-10-02 09:00:00,609,773,108,27.3,1.6,90.47
2020-10-02 09:30:00,534,261,343,27.5,1.6,89.42
2020-10-02 10:00:00,610,279,384,27.6,1.6,88.7
2020-10-02 10:30:00,858,839,130,27.700000000000003,1.7000000000000002,88.10000000000001
2020-10-02 11:00:00,725,310,442,27.9,1.8,87.39
2020-10-02 11:30:00,784,374,432,28.1,1.9,86.38
2020-10-02 12:00:00,836,445,411,28.200000000000003,2.0,86.35000000000001
2020-10-02 12:30:00,729,264,478,28.3,2.0,85.85000000000001
2020-10-02 13:00:00,836,481,389,28.4,2.0,85.42
2020-10-02 13:30:00,771,452,368,28.4,2.0,85.42
2020-10-02 14:00:00,731,482,327,28.4,2.0,85.52
2020-10-02 14:30:00,684,534,272,28.3,1.9,86.02
2020-10-02 15:00:00,298,32,275,28.1,1.8,87.44
2020-10-02 15:30:00,511,547,184,27.9,1.6,88.46000000000001
2020-10-02 16:00:00,305,184,214,27.8,1.4,90.46
2020-10-02 16:30:00,224,178,156,27.5,1.2000000000000002,92.05
2020-10-02 17:00:00,10,0,10,27.200000000000003,1.1,92.82
2020-10-03 06:30:00,24,0,24,25.1,1.3,99.47
2020-10-03 07:00:00,73,9,71,25.700000000000003,1.7000000000000002,98.39
2020-10-03 07:30:00,207,264,121,26.0,1.9,96.67
2020-10-03 08:00:00,284,231,182,26.4,2.1,94.26
2020-10-03 08:30:00,389,287,231,26.8,2.1,92.17
2020-10-03 09:00:00,451,243,294,27.3,2.1,89.17
2020-10-03 09:30:00,388,73,334,27.700000000000003,2.0,87.12
2020-10-03 10:00:00,553,193,398,28.1,1.9,85.11
2020-10-03 10:30:00,696,335,406,28.3,1.7000000000000002,84.05
2020-10-03 11:00:00,457,50,411,28.5,1.5,83.26
2020-10-03 11:30:00,331,18,314,28.700000000000003,1.3,82.3
2020-10-03 12:00:00,272,13,260,28.8,1.2000000000000002,81.93
2020-10-03 12:30:00,231,11,221,28.9,1.2000000000000002,81.46000000000001
2020-10-03 13:00:00,291,15,277,29.0,1.3,81.53
2020-10-03 13:30:00,250,12,240,29.0,1.5,81.45
2020-10-03 14:00:00,505,113,411,29.0,1.7000000000000002,82.08
2020-10-03 14:30:00,542,224,371,28.9,1.8,82.56
2020-10-03 15:00:00,588,506,239,28.700000000000003,1.9,84.24
2020-10-03 15:30:00,133,0,133,28.5,1.9,85.21000000000001
2020-10-03 16:00:00,284,143,214,28.3,1.8,87.71000000000001
2020-10-03 16:30:00,181,73,153,27.9,1.7000000000000002,89.77
2020-10-03 17:00:00,157,238,94,27.5,1.7000000000000002,91.46
2020-10-03 17:30:00,69,151,48,27.1,1.5,93.72
2020-10-04 06:30:00,28,7,28,25.4,1.3,97.96
2020-10-04 07:00:00,87,56,76,26.6,1.7000000000000002,95.17
2020-10-04 07:30:00,169,120,130,27.200000000000003,1.9,91.89
2020-10-04 08:00:00,344,453,144,27.8,2.1,88.54
2020-10-04 08:30:00,417,372,213,28.200000000000003,2.2,86.51
2020-10-04 09:00:00,452,247,293,28.6,2.3000000000000003,83.16
2020-10-04 09:30:00,581,360,318,29.0,2.3000000000000003,81.27
2020-10-04 10:00:00,505,135,396,29.5,2.2,79.71000000000001
2020-10-04 10:30:00,623,221,432,29.700000000000003,2.2,78.8
2020-10-04 11:00:00,648,204,463,30.0,2.2,78.63
2020-10-04 11:30:00,713,256,473,30.1,2.2,78.10000000000001
2020-10-04 12:00:00,783,349,452,30.3,2.2,77.95
2020-10-04 12:30:00,830,450,405,30.3,2.2,77.87
2020-10-04 13:00:00,759,345,440,30.4,2.2,77.76
2020-10-04 13:30:00,766,452,366,30.3,2.2,78.2
2020-10-04 14:00:00,541,150,415,30.3,2.1,78.28
2020-10-04 14:30:00,304,23,286,30.1,2.1,79.18
2020-10-04 15:00:00,502,280,310,30.0,2.1,80.15
2020-10-04 15:30:00,180,4,178,29.700000000000003,2.1,81.53
2020-10-04 16:00:00,22,0,22,29.4,2.1,84.11
2020-10-04 16:30:00,118,0,118,29.0,2.1,86.06
2020-10-04 17:00:00,43,0,43,28.5,2.1,88.59
2020-10-04 17:30:00,20,0,20,27.9,2.0,91.73
2020-10-05 06:30:00,19,0,19,25.1,0.9,98.52
2020-10-05 07:00:00,55,0,55,26.0,1.4,95.67
2020-10-05 07:30:00,67,0,67,26.5,1.6,92.99
2020-10-05 08:00:00,81,0,81,27.0,1.8,90.62
2020-10-05 08:30:00,135,0,135,27.5,1.9,88.01
2020-10-05 09:00:00,93,0,93,28.0,2.1,85.38
2020-10-05 09:30:00,241,12,233,28.4,2.2,83.42
2020-10-05 10:00:00,356,34,329,28.9,2.3000000000000003,80.59
2020-10-05 10:30:00,486,83,415,29.200000000000003,2.3000000000000003,79.21000000000001
2020-10-05 11:00:00,544,102,452,29.5,2.3000000000000003,77.86
2020-10-05 11:30:00,699,239,475,29.8,2.2,76.53
2020-10-05 12:00:00,865,487,404,30.1,2.1,75.67
2020-10-05 12:30:00,864,493,399,30.200000000000003,1.9,75.24
2020-10-05 13:00:00,847,509,378,30.4,1.8,74.51
2020-10-05 13:30:00,797,503,353,30.3,1.7000000000000002,74.86
2020-10-05 14:00:00,609,244,407,30.200000000000003,1.5,75.37
2020-10-05 14:30:00,620,380,330,30.1,1.4,75.8
2020-10-05 15:00:00,411,131,321,29.9,1.4,77.78
2020-10-05 15:30:00,319,96,263,29.700000000000003,1.2000000000000002,78.68
2020-10-05 16:00:00,270,122,211,29.4,1.1,79.94
2020-10-05 16:30:00,190,99,153,29.1,0.9,81.33
2020-10-05 17:00:00,141,176,96,28.8,0.8,82.09
2020-10-05 17:30:00,60,102,47,28.5,0.6000000000000001,83.53
2020-10-06 06:30:00,34,67,28,25.1,1.4,100.0
2020-10-06 07:00:00,107,157,75,26.0,1.8,97.56
2020-10-06 07:30:00,201,238,123,26.5,1.6,94.73
2020-10-06 08:00:00,325,381,158,27.1,1.4,91.59
2020-10-06 08:30:00,425,401,206,27.6,1.4,89.05
2020-10-06 09:00:00,472,293,283,28.0,1.4,85.97
2020-10-06 09:30:00,582,366,315,28.3,1.5,84.48
2020-10-06 10:00:00,678,441,324,28.5,1.5,83.9
2020-10-06 10:30:00,831,729,202,28.6,1.5,83.33
2020-10-06 11:00:00,443,46,402,28.8,1.6,83.07000000000001
2020-10-06 11:30:00,298,15,284,28.9,1.5,82.51
2020-10-06 12:00:00,551,88,468,28.9,1.5,83.03
2020-10-06 12:30:00,647,172,486,29.0,1.4,82.47
2020-10-06 13:00:00,662,210,469,29.1,1.3,82.32000000000001
2020-10-06 13:30:00,618,196,446,29.0,1.3,82.8
2020-10-06 14:00:00,696,421,347,29.0,1.2000000000000002,83.17
2020-10-06 14:30:00,630,414,316,28.9,1.1,83.65
2020-10-06 15:00:00,333,56,295,28.8,1.1,85.52
2020-10-06 15:30:00,183,5,181,28.700000000000003,1.0,86.02
2020-10-06 16:00:00,22,0,22,28.700000000000003,0.9,86.31
2020-10-06 16:30:00,15,0,15,28.5,0.8,87.31
2020-10-06 17:00:00,32,0,32,28.4,0.8,86.15
2020-10-06 17:30:00,16,0,16,28.1,0.7000000000000001,87.66
2020-10-07 06:30:00,41,158,28,25.0,1.8,99.27
2020-10-07 07:00:00,68,0,68,25.700000000000003,2.4000000000000004,97.36
2020-10-07 07:30:00,135,37,123,26.200000000000003,2.5,94.53
2020-10-07 08:00:00,327,391,155,26.700000000000003,2.7,94.32
2020-10-07 08:30:00,406,343,219,27.200000000000003,2.8000000000000003,91.6
2020-10-07 09:00:00,487,331,275,27.700000000000003,3.0,90.65
2020-10-07 09:30:00,554,307,330,28.1,3.0,88.56
2020-10-07 10:00:00,791,845,114,28.4,3.1,87.34
2020-10-07 10:30:00,623,225,429,28.6,2.9000000000000004,86.33
2020-10-07 11:00:00,742,347,429,28.8,2.8000000000000003,85.08
2020-10-07 11:30:00,736,297,460,28.9,2.4000000000000004,84.51
2020-10-07 12:00:00,712,246,480,29.0,2.1,83.42
2020-10-07 12:30:00,712,253,475,29.1,2.1,82.94
2020-10-07 13:00:00,759,362,427,29.1,2.0,82.95
2020-10-07 13:30:00,719,345,417,29.1,2.1,82.95
2020-10-07 14:00:00,596,230,406,29.1,2.1,84.0
2020-10-07 14:30:00,390,63,342,28.9,2.1,84.97
2020-10-07 15:00:00,371,90,310,28.8,2.0,86.64
2020-10-07 15:30:00,345,137,265,28.6,1.9,87.64
2020-10-07 16:00:00,236,72,201,28.4,1.7000000000000002,87.73
2020-10-07 16:30:00,169,61,146,28.1,1.4,89.27
2020-10-07 17:00:00,83,0,83,27.8,1.1,92.63
2020-10-07 17:30:00,35,0,35,27.6,1.0,93.72
2020-10-08 06:30:00,14,0,14,23.9,3.6,98.82
2020-10-08 07:00:00,36,0,36,24.1,3.4000000000000004,98.67
2020-10-08 07:30:00,69,0,69,24.4,3.6,96.91
2020-10-08 08:00:00,269,195,184,24.6,3.8,96.78
2020-10-08 08:30:00,357,215,240,24.9,4.0,95.07
2020-10-08 09:00:00,372,117,296,25.200000000000003,4.2,94.89
2020-10-08 09:30:00,268,17,256,25.6,4.2,92.67
2020-10-08 10:00:00,214,8,208,25.9,4.1000000000000005,92.8
2020-10-08 10:30:00,192,7,186,26.1,4.1000000000000005,91.62
2020-10-08 11:00:00,136,0,136,26.4,4.0,91.12
2020-10-08 11:30:00,142,1,142,26.6,4.0,90.05
2020-10-08 12:00:00,186,7,180,26.8,4.1000000000000005,89.69
2020-10-08 12:30:00,253,12,242,26.9,4.2,89.17
2020-10-08 13:00:00,254,12,243,27.0,4.3,88.9
2020-10-08 13:30:00,281,14,268,27.0,4.3,88.9
2020-10-08 14:00:00,310,20,294,26.9,4.2,89.78
2020-10-08 14:30:00,392,66,343,26.8,4.1000000000000005,90.31
2020-10-08 15:00:00,138,0,138,26.700000000000003,3.9,91.57
2020-10-08 15:30:00,108,0,108,26.5,3.7,92.65
2020-10-08 16:00:00,36,0,36,26.3,3.5,94.22
2020-10-08 16:30:00,15,0,15,26.0,3.3000000000000003,95.9
2020-10-08 17:00:00,10,0,10,25.700000000000003,3.0,97.26
2020-10-09 06:30:00,27,5,27,24.6,2.7,99.33
2020-10-09 07:00:00,86,56,75,25.1,3.3000000000000003,98.19
2020-10-09 07:30:00,158,91,129,25.4,3.5,96.46
2020-10-09 08:00:00,78,0,78,25.8,3.8,95.92
2020-10-09 08:30:00,33,0,33,26.200000000000003,3.8,93.68
2020-10-09 09:00:00,94,0,94,26.6,3.8,92.7
2020-10-09 09:30:00,47,0,47,26.9,3.6,91.08
2020-10-09 10:00:00,51,0,51,27.3,3.5,90.43
2020-10-09 10:30:00,260,12,250,27.5,3.3000000000000003,89.38
2020-10-09 11:00:00,245,11,234,27.6,3.1,90.06
2020-10-09 11:30:00,354,21,334,27.700000000000003,3.0,89.54
2020-10-09 12:00:00,480,52,431,27.8,2.8000000000000003,90.01
2020-10-09 12:30:00,301,15,287,27.8,2.6,89.92
2020-10-09 13:00:00,264,13,252,27.8,2.4000000000000004,90.91
2020-10-09 13:30:00,258,12,248,27.8,2.2,90.82
2020-10-09 14:00:00,217,8,210,27.8,2.0,91.86
2020-10-09 14:30:00,288,20,273,27.8,1.8,91.86
2020-10-09 15:00:00,356,79,303,27.700000000000003,1.6,93.18
2020-10-09 15:30:00,181,4,178,27.700000000000003,1.3,93.18
2020-10-09 16:00:00,88,0,88,27.6,1.1,94.7
2020-10-09 16:30:00,56,0,56,27.4,1.0,95.81
2020-10-09 17:00:00,29,0,29,27.200000000000003,0.8,97.12
2020-10-09 17:30:00,14,0,14,26.8,0.8,99.42
2020-10-10 06:30:00,19,0,19,23.200000000000003,1.9,98.99
2020-10-10 07:00:00,55,0,55,23.5,2.1,97.54
2020-10-10 07:30:00,103,0,103,23.9,2.2,95.32
2020-10-10 08:00:00,205,61,178,24.3,2.4000000000000004,94.43
2020-10-10 08:30:00,312,130,242,24.700000000000003,2.6,92.21
2020-10-10 09:00:00,342,84,288,25.1,2.8000000000000003,91.9
2020-10-10 09:30:00,121,0,121,25.5,2.9000000000000004,89.75
2020-10-10 10:00:00,421,68,367,26.0,3.1,89.38
2020-10-10 10:30:00,430,52,385,26.3,3.2,87.82000000000001
2020-10-10 11:00:00,340,20,322,26.700000000000003,3.3000000000000003,87.87
2020-10-10 11:30:00,411,32,382,27.1,3.3000000000000003,85.84
2020-10-10 12:00:00,265,13,253,27.4,3.3000000000000003,86.22
2020-10-10 12:30:00,329,18,312,27.700000000000003,3.3000000000000003,84.73
2020-10-10 13:00:00,268,13,256,27.9,3.3000000000000003,85.45
2020-10-10 13:30:00,196,7,190,28.1,3.1,84.47
2020-10-10 14:00:00,163,3,160,28.200000000000003,3.0,85.33
2020-10-10 14:30:00,153,1,152,28.1,2.9000000000000004,85.74
2020-10-10 15:00:00,250,18,238,28.0,2.7,87.94
2020-10-10 15:30:00,117,0,117,27.8,2.7,88.97
2020-10-10 16:00:00,101,0,101,27.6,2.6,91.3
2020-10-10 16:30:00,15,0,15,27.200000000000003,2.5,93.46
2020-10-10 17:00:00,56,0,56,26.8,2.4000000000000004,96.19
2020-10-10 17:30:00,24,0,24,26.5,2.6,97.9
2020-10-11 06:30:00,18,0,18,23.6,3.0,99.39
2020-10-11 07:00:00,70,4,69,24.0,3.2,98.16
2020-10-11 07:30:00,138,46,124,24.4,3.3000000000000003,95.85
2020-10-11 08:00:00,129,0,129,24.8,3.4000000000000004,94.71
2020-10-11 08:30:00,278,80,235,25.4,3.6,91.49
2020-10-11 09:00:00,402,164,297,25.9,3.7,90.16
2020-10-11 09:30:00,335,43,305,26.4,3.7,87.54
2020-10-11 10:00:00,279,15,267,27.0,3.7,86.38
2020-10-11 10:30:00,253,12,243,27.4,3.5,84.31
2020-10-11 11:00:00,442,47,400,27.8,3.4000000000000004,83.87
2020-10-11 11:30:00,472,53,423,28.0,3.2,82.82000000000001
2020-10-11 12:00:00,100,0,100,28.3,3.0,82.43
2020-10-11 12:30:00,132,0,132,28.4,2.9000000000000004,81.95
2020-10-11 13:00:00,292,15,279,28.5,2.7,81.59
2020-10-11 13:30:00,341,22,322,28.6,2.5,81.12
2020-10-11 14:00:00,421,60,371,28.6,2.3000000000000003,80.88
2020-10-11 14:30:00,203,6,198,28.6,2.2,80.88
2020-10-11 15:00:00,67,0,67,28.5,2.0,81.49
2020-10-11 15:30:00,71,0,71,28.4,1.8,81.97
2020-10-11 16:00:00,142,0,142,28.3,1.7000000000000002,83.41
2020-10-11 16:30:00,243,320,129,28.0,1.5,84.88
2020-10-11 17:00:00,151,296,80,27.8,1.3,86.47
2020-10-11 17:30:00,61,193,39,27.3,1.0,89.12
2020-10-12 06:30:00,26,0,26,24.5,1.0,98.65
2020-10-12 07:00:00,83,48,74,25.8,1.6,95.43
2020-10-12 07:30:00,181,168,127,26.4,1.8,92.12
2020-10-12 08:00:00,195,48,174,27.0,2.1,89.10000000000001
2020-10-12 08:30:00,221,26,206,27.5,2.2,86.54
2020-10-12 09:00:00,392,150,297,28.0,2.3000000000000003,84.38
2020-10-12 09:30:00,549,308,327,28.5,2.3000000000000003,81.97
2020-10-12 10:00:00,508,147,392,28.9,2.4000000000000004,80.77
2020-10-12 10:30:00,600,202,428,29.3,2.3000000000000003,78.93
2020-10-12 11:00:00,635,200,456,29.6,2.3000000000000003,77.82000000000001
2020-10-12 11:30:00,695,248,467,29.700000000000003,2.3000000000000003,77.3
2020-10-12 12:00:00,682,219,478,29.9,2.3000000000000003,76.11
2020-10-12 12:30:00,684,227,474,29.9,2.3000000000000003,76.03
2020-10-12 13:00:00,719,309,440,29.8,2.2,76.04
2020-10-12 13:30:00,657,267,426,29.700000000000003,2.2,76.48
2020-10-12 14:00:00,601,253,395,29.6,2.2,76.55
2020-10-12 14:30:00,565,298,343,29.4,2.1,77.44
2020-10-12 15:00:00,506,329,288,29.1,2.0,79.09
2020-10-12 15:30:00,399,267,247,28.8,1.8,80.47
2020-10-12 16:00:00,310,252,193,28.5,1.7000000000000002,83.37
2020-10-12 16:30:00,227,257,136,28.1,1.5,85.33
2020-10-12 17:00:00,99,46,88,27.6,1.4,87.10000000000001
2020-10-12 17:30:00,39,8,38,27.1,1.2000000000000002,89.67
2020-10-13 06:30:00,17,0,17,24.4,0.8,95.43
2020-10-13 07:00:00,50,0,50,25.4,1.5,92.99
2020-10-13 07:30:00,68,0,68,25.9,1.8,90.28
2020-10-13 08:00:00,152,7,149,26.5,2.1,87.32000000000001
2020-10-13 08:30:00,117,0,117,26.8,2.4000000000000004,85.8
2020-10-13 09:00:00,170,1,169,27.0,2.7,84.24
2020-10-13 09:30:00,191,5,188,27.1,2.9000000000000004,83.75
2020-10-13 10:00:00,280,16,267,27.3,3.1,83.84
2020-10-13 10:30:00,344,24,323,27.3,3.2,83.84
2020-10-13 11:00:00,234,10,224,27.3,3.3000000000000003,84.7
2020-10-13 11:30:00,209,9,201,27.3,3.4000000000000004,84.7
2020-10-13 12:00:00,144,1,143,27.200000000000003,3.5,85.72
2020-10-13 12:30:00,241,11,231,27.200000000000003,3.6,85.64
2020-10-13 13:00:00,205,8,198,27.1,3.6,86.78
2020-10-13 13:30:00,236,10,227,27.0,3.7,87.2
2020-10-13 14:00:00,203,7,197,26.8,3.7,88.75
2020-10-13 14:30:00,228,9,221,26.700000000000003,3.6,89.27
2020-10-13 15:00:00,172,2,171,26.5,3.6,90.92
2020-10-13 15:30:00,66,0,66,26.3,3.5,92.0
2020-10-13 16:00:00,44,0,44,26.1,3.3000000000000003,93.76
2020-10-13 16:30:00,32,0,32,25.9,3.0,94.87
2020-10-13 17:00:00,26,0,26,25.6,2.7,97.2
2020-10-13 17:30:00,13,0,13,25.4,2.5,98.36
2020-10-14 06:30:00,23,0,23,23.9,1.8,99.1
2020-10-14 07:00:00,82,44,73,24.4,2.0,98.03
2020-10-14 07:30:00,148,71,126,24.700000000000003,2.0,96.29
2020-10-14 08:00:00,244,139,184,25.0,2.0,96.5
2020-10-14 08:30:00,277,81,234,25.4,2.0,94.24
2020-10-14 09:00:00,294,46,265,25.8,2.0,93.08
2020-10-14 09:30:00,274,19,260,26.1,2.0,91.45
2020-10-14 10:00:00,450,92,377,26.4,2.0,90.07000000000001
2020-10-14 10:30:00,557,153,427,26.700000000000003,2.0,88.41
2020-10-14 11:00:00,729,348,419,26.9,1.9,87.74
2020-10-14 11:30:00,744,329,442,27.200000000000003,1.9,86.21000000000001
2020-10-14 12:00:00,832,475,392,27.4,1.9,85.46000000000001
2020-10-14 12:30:00,741,317,449,27.6,1.8,84.39
2020-10-14 13:00:00,667,237,454,27.8,1.8,83.64
2020-10-14 13:30:00,836,746,194,27.9,1.7000000000000002,83.16
2020-10-14 14:00:00,184,5,180,28.0,1.6,82.78
2020-10-14 14:30:00,181,4,178,28.0,1.6,82.78
2020-10-14 15:00:00,166,1,165,28.1,1.5,83.07000000000001
2020-10-14 15:30:00,185,6,181,28.0,1.4,83.55
2020-10-14 16:00:00,392,588,122,27.9,1.4,84.39
2020-10-14 16:30:00,275,496,102,27.6,1.3,85.88
2020-10-14 17:00:00,132,213,83,27.3,1.2000000000000002,87.76
2020-10-14 17:30:00,48,101,38,26.700000000000003,1.1,90.9
2020-10-15 06:30:00,26,0,26,24.6,1.2000000000000002,98.31
2020-10-15 07:00:00,83,51,73,25.4,1.5,96.42
2020-10-15 07:30:00,127,28,119,25.700000000000003,1.6,94.82
2020-10-15 08:00:00,286,260,174,26.1,1.7000000000000002,93.91
2020-10-15 08:30:00,361,238,233,26.5,1.8,91.72
2020-10-15 09:00:00,518,435,243,26.9,1.9,90.9
2020-10-15 09:30:00,613,490,262,27.200000000000003,1.9,89.32000000000001
2020-10-15 10:00:00,765,785,147,27.5,2.0,89.02
2020-10-15 10:30:00,832,805,152,27.700000000000003,2.0,87.9
2020-10-15 11:00:00,880,816,155,27.9,2.0,87.75
2020-10-15 11:30:00,911,824,157,28.0,2.0,87.24
2020-10-15 12:00:00,923,829,157,28.1,2.0,87.3
2020-10-15 12:30:00,916,828,156,28.200000000000003,1.9,86.8
2020-10-15 13:00:00,889,817,157,28.200000000000003,1.8,87.08
2020-10-15 13:30:00,843,804,154,28.200000000000003,1.8,87.08
2020-10-15 14:00:00,473,103,390,28.200000000000003,1.7000000000000002,87.26
2020-10-15 14:30:00,666,579,240,28.1,1.6,87.77
2020-10-15 15:00:00,566,537,215,28.1,1.5,87.67
2020-10-15 15:30:00,469,503,187,28.0,1.4,88.18
2020-10-15 16:00:00,225,74,191,27.8,1.3,88.74
2020-10-15 16:30:00,177,105,140,27.6,1.1,89.78
2020-10-15 17:00:00,56,0,56,27.3,1.0,92.34
2020-10-15 17:30:00,23,0,23,26.9,0.9,94.62
2020-10-16 06:30:00,32,73,27,24.5,1.0,97.89
2020-10-16 07:00:00,106,174,72,25.0,1.1,97.77
2020-10-16 07:30:00,177,163,126,25.4,1.2000000000000002,95.48
2020-10-16 08:00:00,183,36,167,25.8,1.3,94.04
2020-10-16 08:30:00,236,39,215,26.5,1.2000000000000002,90.24
2020-10-16 09:00:00,209,9,204,27.200000000000003,1.1,88.05
2020-10-16 09:30:00,189,4,186,27.700000000000003,1.0,85.52
2020-10-16 10:00:00,287,17,274,28.1,1.0,82.54
2020-10-16 10:30:00,184,6,180,28.3,0.9,81.59
2020-10-16 11:00:00,455,55,406,28.5,0.9,81.03
2020-10-16 11:30:00,456,48,412,28.5,1.0,81.03
2020-10-16 12:00:00,555,100,463,28.6,1.0,80.83
2020-10-16 12:30:00,435,40,399,28.6,1.0,80.83
2020-10-16 13:00:00,296,15,282,28.6,1.1,81.3
2020-10-16 13:30:00,309,18,294,28.5,1.1,81.77
2020-10-16 14:00:00,341,29,318,28.5,1.1,82.53
2020-10-16 14:30:00,497,195,354,28.4,1.1,83.01
2020-10-16 15:00:00,41,0,41,28.200000000000003,1.1,85.37
2020-10-16 15:30:00,363,204,250,28.1,1.1,85.86
2020-10-16 16:00:00,63,0,63,27.9,1.1,88.35000000000001
2020-10-16 16:30:00,183,126,139,27.6,1.1,89.91
2020-10-16 17:00:00,77,0,77,27.3,1.0,91.37
2020-10-16 17:30:00,29,0,29,27.0,0.9,92.98
2020-10-17 06:30:00,22,0,22,24.8,2.1,99.58
2020-10-17 07:00:00,69,4,68,25.1,2.5,98.79
2020-10-17 07:30:00,181,177,125,25.3,2.6,97.62
2020-10-17 08:00:00,100,0,100,25.6,2.8000000000000003,97.43
2020-10-17 08:30:00,185,9,180,25.8,3.0,96.38
2020-10-17 09:00:00,145,0,145,26.1,3.2,95.21
2020-10-17 09:30:00,169,2,167,26.200000000000003,3.3000000000000003,94.66
2020-10-17 10:00:00,236,10,229,26.200000000000003,3.4000000000000004,93.24
2020-10-17 10:30:00,326,21,309,26.200000000000003,3.2,93.24
2020-10-17 11:00:00,280,14,268,26.200000000000003,3.1,92.22
2020-10-17 11:30:00,267,13,255,26.3,2.9000000000000004,91.59
2020-10-17 12:00:00,184,7,178,26.4,2.6,90.98
2020-10-17 12:30:00,157,3,154,26.5,2.5,90.35
2020-10-17 13:00:00,140,0,140,26.6,2.3000000000000003,90.6
2020-10-17 13:30:00,118,0,118,26.6,2.1,90.6
2020-10-17 14:00:00,166,3,163,26.6,2.0,91.4
2020-10-17 14:30:00,111,0,111,26.5,1.8,91.85
2020-10-17 15:00:00,93,0,93,26.4,1.6,92.96
2020-10-17 15:30:00,78,0,78,26.200000000000003,1.5,94.06
2020-10-17 16:00:00,43,0,43,26.0,1.4,95.37
2020-10-17 16:30:00,24,0,24,25.8,1.3,96.6
2020-10-17 17:00:00,10,0,10,25.5,1.3,98.03
2020-10-18 06:30:00,16,0,16,22.1,2.7,98.65
2020-10-18 07:00:00,47,0,47,22.200000000000003,2.9000000000000004,98.04
2020-10-18 07:30:00,135,44,121,22.4,3.0,96.86
2020-10-18 08:00:00,137,0,137,22.6,3.1,96.25
2020-10-18 08:30:00,195,13,188,22.700000000000003,3.1,95.67
2020-10-18 09:00:00,198,7,194,22.9,3.1,94.47
2020-10-18 09:30:00,279,21,264,23.1,3.1,93.33
2020-10-18 10:00:00,243,11,234,23.200000000000003,3.1,92.96
2020-10-18 10:30:00,172,4,169,23.4,3.0,91.85
2020-10-18 11:00:00,64,0,64,23.6,3.0,91.08
2020-10-18 11:30:00,317,17,301,23.8,2.9000000000000004,89.91
2020-10-18 12:00:00,310,16,295,24.1,2.8000000000000003,88.9
2020-10-18 12:30:00,274,13,262,24.3,2.7,87.75
2020-10-18 13:00:00,232,10,223,24.6,2.6,87.14
2020-10-18 13:30:00,226,9,218,24.700000000000003,2.5,86.54
2020-10-18 14:00:00,187,5,183,24.9,2.5,86.11
2020-10-18 14:30:00,128,0,128,24.9,2.4000000000000004,86.11
2020-10-18 15:00:00,45,0,45,24.9,2.3000000000000003,86.38
2020-10-18 15:30:00,24,0,24,24.8,2.2,86.89
2020-10-18 16:00:00,62,0,62,24.700000000000003,2.1,88.09
2020-10-18 16:30:00,41,0,41,24.4,1.8,89.67
2020-10-19 06:30:00,18,0,18,22.3,1.5,98.93
2020-10-19 07:00:00,68,3,67,22.9,2.0,97.25
2020-10-19 07:30:00,138,53,122,23.3,2.0,94.94
2020-10-19 08:00:00,73,0,73,23.6,1.9,93.96
2020-10-19 08:30:00,76,0,76,24.0,1.8,91.83
2020-10-19 09:00:00,201,7,196,24.4,1.6,90.67
2020-10-19 09:30:00,274,20,260,24.9,1.6,88.01
2020-10-19 10:00:00,104,0,104,25.4,1.5,86.94
2020-10-19 10:30:00,303,17,288,25.9,1.5,84.41
2020-10-19 11:00:00,549,121,443,26.4,1.5,83.7
2020-10-19 11:30:00,339,20,321,26.700000000000003,1.5,82.23
2020-10-19 12:00:00,630,172,472,27.1,1.4,81.82000000000001
2020-10-19 12:30:00,440,43,401,27.3,1.4,80.79
2020-10-19 13:00:00,246,11,236,27.5,1.4,80.69
2020-10-19 13:30:00,387,36,356,27.6,1.5,80.15
2020-10-19 14:00:00,448,88,378,27.6,1.5,80.71000000000001
2020-10-19 14:30:00,606,437,290,27.6,1.5,80.71000000000001
2020-10-19 15:00:00,365,106,297,27.6,1.5,80.84
2020-10-19 15:30:00,210,18,200,27.4,1.4,81.79
2020-10-19 16:00:00,95,0,95,27.3,1.4,82.81
2020-10-19 16:30:00,44,0,44,27.0,1.2000000000000002,84.28
2020-10-19 17:00:00,84,26,79,26.6,1.1,87.10000000000001
2020-10-19 17:30:00,12,0,12,26.200000000000003,0.9,89.17
2020-10-20 06:30:00,12,0,12,22.5,1.8,99.01
2020-10-20 07:00:00,44,0,44,22.9,2.5,95.62
2020-10-20 07:30:00,82,0,82,23.4,2.5,92.79
2020-10-20 08:00:00,150,7,147,23.8,2.6,90.94
2020-10-20 08:30:00,291,107,234,24.6,2.4000000000000004,86.78
2020-10-20 09:00:00,373,133,290,25.3,2.2,86.03
2020-10-20 09:30:00,282,23,266,26.0,2.0,82.55
2020-10-20 10:00:00,201,6,196,26.6,1.8,83.28
2020-10-20 10:30:00,349,27,327,27.1,1.7000000000000002,80.88
2020-10-20 11:00:00,614,191,447,27.6,1.5,81.0
2020-10-20 11:30:00,465,55,416,27.9,1.4,79.60000000000001
2020-10-20 12:00:00,252,12,241,28.3,1.3,78.98
2020-10-20 12:30:00,236,11,227,28.5,1.3,78.07000000000001
2020-10-20 13:00:00,401,35,370,28.700000000000003,1.3,77.75
2020-10-20 13:30:00,341,24,321,28.700000000000003,1.4,77.75
2020-10-20 14:00:00,207,7,201,28.8,1.4,77.83
2020-10-20 14:30:00,179,3,176,28.700000000000003,1.5,78.2
2020-10-20 15:00:00,440,227,295,28.6,1.5,78.93
2020-10-20 15:30:00,265,60,232,28.3,1.5,80.31
2020-10-20 16:00:00,228,91,188,28.0,1.4,84.03
2020-10-20 16:30:00,108,0,108,27.6,1.5,86.0
2020-10-20 17:00:00,18,0,18,27.200000000000003,1.5,87.82000000000001
2020-10-21 06:30:00,32,88,25,22.3,2.4000000000000004,96.94
2020-10-21 07:00:00,109,210,68,22.8,2.9000000000000004,93.79
2020-10-21 07:30:00,182,196,121,23.4,3.0,90.46
2020-10-21 08:00:00,296,316,163,23.9,3.1,88.97
2020-10-21 08:30:00,361,254,227,24.6,3.0,85.41
2020-10-21 09:00:00,460,302,272,25.3,3.0,84.93
2020-10-21 09:30:00,504,244,332,25.9,2.9000000000000004,81.97
2020-10-21 10:00:00,481,129,380,26.5,2.8000000000000003,82.72
2020-10-21 10:30:00,658,316,395,27.0,2.6,80.26
2020-10-21 11:00:00,871,821,153,27.4,2.4000000000000004,81.12
2020-10-21 11:30:00,498,72,433,27.8,2.3000000000000003,79.17
2020-10-21 12:00:00,211,9,203,28.1,2.1,79.89
2020-10-21 12:30:00,286,14,273,28.5,1.9,77.99
2020-10-21 13:00:00,866,769,190,28.8,1.8,78.14
2020-10-21 13:30:00,135,0,135,29.1,1.7000000000000002,76.73
2020-10-21 14:00:00,113,0,113,29.3,1.6,76.60000000000001
2020-10-21 14:30:00,121,0,121,29.4,1.6,76.08
2020-10-21 15:00:00,114,0,114,29.4,1.5,76.36
2020-10-21 15:30:00,80,0,80,29.200000000000003,1.5,77.24
2020-10-21 16:00:00,72,0,72,28.9,1.5,80.66
2020-10-21 16:30:00,73,0,73,28.4,1.4,83.02
2020-10-21 17:00:00,47,0,47,27.9,1.4,86.04
2020-10-21 17:30:00,36,52,32,27.3,1.3,89.19
2020-10-22 06:30:00,34,122,26,22.6,2.8000000000000003,95.82
2020-10-22 07:00:00,129,353,62,23.1,3.4000000000000004,91.74
2020-10-22 07:30:00,243,504,87,23.6,3.5,89.12
2020-10-22 08:00:00,362,615,102,24.0,3.6,86.18
2020-10-22 08:30:00,251,58,221,24.5,3.5,83.73
2020-10-22 09:00:00,322,74,276,25.0,3.5,80.97
2020-10-22 09:30:00,410,110,333,25.4,3.5,79.08
2020-10-22 10:00:00,758,793,144,25.9,3.4000000000000004,77.68
2020-10-22 10:30:00,824,813,149,26.3,3.3000000000000003,75.87
2020-10-22 11:00:00,873,831,149,26.700000000000003,3.2,75.34
2020-10-22 11:30:00,903,839,150,27.0,3.0,74.03
2020-10-22 12:00:00,915,845,148,27.4,2.8000000000000003,73.72
2020-10-22 12:30:00,906,843,148,27.700000000000003,2.7,72.45
2020-10-22 13:00:00,877,831,149,27.9,2.6,72.72
2020-10-22 13:30:00,831,818,146,28.1,2.4000000000000004,71.89
2020-10-22 14:00:00,490,133,386,28.200000000000003,2.3000000000000003,72.19
2020-10-22 14:30:00,134,0,134,28.200000000000003,2.2,72.19
2020-10-22 15:00:00,190,5,187,28.1,2.0,73.13
2020-10-22 15:30:00,106,0,106,28.0,1.9,73.55
2020-10-22 16:00:00,148,3,146,27.8,1.8,76.27
2020-10-22 16:30:00,114,3,113,27.4,1.7000000000000002,78.06
2020-10-22 17:00:00,144,369,66,27.0,1.6,80.79
2020-10-22 17:30:00,25,0,25,26.4,1.4,83.68
2020-10-23 06:30:00,20,0,20,22.8,1.3,97.22
2020-10-23 07:00:00,51,0,51,24.200000000000003,2.1,89.83
2020-10-23 07:30:00,89,0,89,24.8,2.5,86.67
2020-10-23 08:00:00,243,154,178,25.3,3.0,79.73
2020-10-23 08:30:00,367,275,222,25.9,3.1,77.03
2020-10-23 09:00:00,485,372,254,26.4,3.2,73.55
2020-10-23 09:30:00,549,341,309,26.9,3.2,71.42
2020-10-23 10:00:00,634,383,338,27.4,3.1,69.71000000000001
2020-10-23 10:30:00,733,498,321,27.8,2.9000000000000004,68.04
2020-10-23 11:00:00,810,549,333,28.3,2.7,67.0
2020-10-23 11:30:00,820,512,363,28.6,2.6,65.78
2020-10-23 12:00:00,728,318,440,29.0,2.4000000000000004,65.36
2020-10-23 12:30:00,799,477,371,29.200000000000003,2.3000000000000003,64.62
2020-10-23 13:00:00,784,495,352,29.5,2.2,64.57000000000001
2020-10-23 13:30:00,663,320,396,29.5,2.2,64.51
2020-10-23 14:00:00,649,394,342,29.6,2.2,65.08
2020-10-23 14:30:00,575,376,307,29.5,2.2,65.45
2020-10-23 15:00:00,517,429,246,29.5,2.2,66.84
2020-10-23 15:30:00,349,202,240,29.3,2.1,67.61
2020-10-23 16:00:00,316,351,163,29.1,2.0,70.19
2020-10-23 16:30:00,214,293,119,28.5,1.9,72.66
2020-10-23 17:00:00,117,205,75,27.9,1.8,76.72
2020-10-23 17:30:00,39,103,30,27.0,1.7000000000000002,80.93
2020-10-24 06:30:00,32,94,25,21.8,1.8,98.0
2020-10-24 07:00:00,126,319,65,22.6,2.3000000000000003,93.51
2020-10-24 07:30:00,238,472,93,23.0,2.5,91.28
2020-10-24 08:00:00,356,595,107,23.4,2.7,87.11
2020-10-24 08:30:00,470,668,121,23.9,2.7,84.62
2020-10-24 09:00:00,579,735,126,24.4,2.8000000000000003,80.95
2020-10-24 09:30:00,676,773,135,24.9,2.6,78.5
2020-10-24 10:00:00,750,770,157,25.4,2.5,76.33
2020-10-24 10:30:00,816,791,163,25.8,2.4000000000000004,74.55
2020-10-24 11:00:00,864,804,167,26.200000000000003,2.3000000000000003,73.08
2020-10-24 11:30:00,894,812,169,26.4,2.2,72.23
2020-10-24 12:00:00,904,812,172,26.5,2.2,72.14
2020-10-24 12:30:00,896,810,171,26.5,2.2,72.14
2020-10-24 13:00:00,859,766,191,26.6,2.3000000000000003,72.24
2020-10-24 13:30:00,774,565,303,26.5,2.3000000000000003,72.66
2020-10-24 14:00:00,719,584,264,26.4,2.3000000000000003,73.38
2020-10-24 14:30:00,640,579,229,26.200000000000003,2.3000000000000003,74.25
2020-10-24 15:00:00,504,398,253,26.0,2.3000000000000003,75.41
2020-10-24 15:30:00,393,321,221,25.700000000000003,2.2,76.76
2020-10-24 16:00:00,304,313,169,25.4,2.2,77.5
2020-10-24 16:30:00,192,203,127,24.9,2.0,79.91
2020-10-24 17:00:00,138,319,72,24.5,1.8,83.65
2020-10-24 17:30:00,42,120,32,23.9,1.6,86.7
2020-10-25 06:30:00,29,78,24,20.6,1.2000000000000002,94.98
2020-10-25 07:00:00,119,267,69,22.200000000000003,1.8,89.17
2020-10-25 07:30:00,229,416,102,23.1,1.7000000000000002,84.45
2020-10-25 08:00:00,344,520,127,24.0,1.6,82.61
2020-10-25 08:30:00,457,597,145,25.1,1.8,77.45
2020-10-25 09:00:00,561,650,161,26.200000000000003,2.0,75.18
2020-10-25 09:30:00,655,692,172,26.9,1.8,72.09
2020-10-25 10:00:00,735,717,184,27.700000000000003,1.7000000000000002,71.29
2020-10-25 10:30:00,800,740,190,28.200000000000003,1.6,69.25
2020-10-25 11:00:00,848,752,198,28.700000000000003,1.4,68.76
2020-10-25 11:30:00,877,760,201,29.1,1.4,67.12
2020-10-25 12:00:00,889,761,205,29.4,1.3,66.38
2020-10-25 12:30:00,879,758,203,29.6,1.3,65.62
2020-10-25 13:00:00,733,399,386,29.8,1.3,64.64
2020-10-25 13:30:00,720,467,333,29.8,1.3,64.64
2020-10-25 14:00:00,707,562,271,29.9,1.4,63.7
2020-10-25 14:30:00,638,578,228,29.8,1.4,64.07000000000001
2020-10-25 15:00:00,459,288,278,29.700000000000003,1.4,64.17
2020-10-25 15:30:00,330,171,239,29.5,1.3,64.91
2020-10-25 16:00:00,253,161,184,29.3,1.3,67.18
2020-10-25 16:30:00,193,213,125,28.700000000000003,1.2000000000000002,69.54
2020-10-25 17:00:00,93,82,76,28.200000000000003,1.2000000000000002,72.01
2020-10-25 17:30:00,31,24,29,27.4,1.1,75.43
2020-10-26 06:30:00,32,116,24,20.9,2.0,96.69
2020-10-26 07:00:00,126,362,58,21.8,2.7,92.16
2020-10-26 07:30:00,237,510,81,22.4,2.6,88.95
2020-10-26 08:00:00,173,31,160,23.0,2.5,86.67
2020-10-26 08:30:00,235,44,212,23.9,2.5,82.11
2020-10-26 09:00:00,434,259,275,24.8,2.5,77.87
2020-10-26 09:30:00,561,382,295,25.5,2.4000000000000004,74.7
2020-10-26 10:00:00,448,103,369,26.3,2.3000000000000003,72.37
2020-10-26 10:30:00,699,433,344,26.8,2.1,70.28
2020-10-26 11:00:00,859,801,168,27.4,2.0,69.26
2020-10-26 11:30:00,888,810,170,27.8,1.9,67.67
2020-10-26 12:00:00,899,810,173,28.200000000000003,1.8,67.47
2020-10-26 12:30:00,691,280,442,28.4,1.7000000000000002,66.69
2020-10-26 13:00:00,649,248,434,28.700000000000003,1.6,66.65
2020-10-26 13:30:00,554,167,417,28.8,1.5,66.2
2020-10-26 14:00:00,486,137,381,28.9,1.5,66.56
2020-10-26 14:30:00,247,13,237,28.8,1.4,66.88
2020-10-26 15:00:00,172,1,171,28.8,1.3,67.36
2020-10-26 15:30:00,239,42,216,28.6,1.2000000000000002,68.14
2020-10-26 16:00:00,349,459,152,28.5,1.1,70.28
2020-10-26 16:30:00,236,359,122,28.1,1.0,71.93
2020-10-26 17:00:00,126,222,82,27.8,0.9,74.12
2020-10-26 17:30:00,26,0,26,27.200000000000003,0.8,76.75
2020-10-27 06:30:00,19,0,19,22.8,1.5,98.55
2020-10-27 07:00:00,77,48,68,23.6,2.1,95.68
2020-10-27 07:30:00,154,110,121,24.3,2.1,91.75
2020-10-27 08:00:00,74,0,74,24.9,2.1,90.73
2020-10-27 08:30:00,227,38,208,25.8,2.1,86.02
2020-10-27 09:00:00,247,24,232,26.700000000000003,2.1,82.5
2020-10-27 09:30:00,247,14,238,27.200000000000003,1.9,80.12
2020-10-27 10:00:00,172,3,170,27.700000000000003,1.8,78.31
2020-10-27 10:30:00,254,12,245,28.0,1.5,76.96000000000001
2020-10-27 11:00:00,283,14,271,28.3,1.3,75.75
2020-10-27 11:30:00,165,4,162,28.5,1.1,74.8
2020-10-27 12:00:00,239,11,229,28.700000000000003,0.9,74.0
2020-10-27 12:30:00,204,8,197,28.9,0.9,73.08
2020-10-27 13:00:00,174,5,170,29.1,1.0,72.76
2020-10-27 13:30:00,122,0,122,29.200000000000003,1.0,72.27
2020-10-27 14:00:00,203,6,198,29.3,0.9,71.97
2020-10-27 14:30:00,215,8,209,29.200000000000003,0.9,72.31
2020-10-27 15:00:00,226,14,217,29.1,0.9,72.67
2020-10-27 15:30:00,345,209,234,28.9,0.8,73.51
2020-10-27 16:00:00,244,145,182,28.6,0.8,76.0
2020-10-27 16:30:00,154,87,126,28.3,0.8,77.41
2020-10-27 17:00:00,85,56,74,28.0,0.7000000000000001,79.16
2020-10-27 17:30:00,26,32,23,27.5,0.7000000000000001,81.49
2020-10-28 06:30:00,22,0,22,24.0,0.9,98.17
2020-10-28 07:00:00,77,52,68,25.200000000000003,1.2000000000000002,94.31
2020-10-28 07:30:00,133,54,117,26.0,1.4,89.95
2020-10-28 08:00:00,324,467,131,26.8,1.6,85.36
2020-10-28 08:30:00,347,240,223,27.4,1.6,82.51
2020-10-28 09:00:00,477,374,249,27.9,1.6,77.39
2020-10-28 09:30:00,429,141,331,28.3,1.4,75.62
2020-10-28 10:00:00,623,380,334,28.700000000000003,1.1,70.94
2020-10-28 10:30:00,531,148,409,28.9,1.1,70.06
2020-10-28 11:00:00,484,81,415,29.1,1.0,67.26
2020-10-28 11:30:00,499,80,429,29.3,1.1,66.43
2020-10-28 12:00:00,533,99,445,29.5,1.1,65.66
2020-10-28 12:30:00,700,302,434,29.700000000000003,1.2000000000000002,64.85
2020-10-28 13:00:00,493,85,420,29.8,1.3,64.87
2020-10-28 13:30:00,602,236,408,29.9,1.3,64.43
2020-10-28 14:00:00,613,342,350,30.0,1.4,64.69
2020-10-28 14:30:00,471,193,336,30.0,1.3,64.62
2020-10-28 15:00:00,389,162,289,30.0,1.3,65.99
2020-10-28 15:30:00,387,327,215,29.9,1.2000000000000002,66.37
2020-10-28 16:00:00,201,62,174,29.9,1.1,67.99
2020-10-28 16:30:00,215,338,109,29.4,1.1,69.97
2020-10-28 17:00:00,112,213,70,28.9,1.0,72.79
2020-10-28 17:30:00,35,80,29,28.3,0.9,75.44
2020-10-29 06:30:00,18,0,18,24.0,1.4,98.78
2020-10-29 07:00:00,61,0,61,24.5,1.5,97.9
2020-10-29 07:30:00,74,0,74,24.700000000000003,1.6,96.74
2020-10-29 08:00:00,68,0,68,25.0,1.7000000000000002,96.32
2020-10-29 08:30:00,139,0,139,25.200000000000003,1.8,95.18
2020-10-29 09:00:00,302,62,264,25.4,1.9,95.44
2020-10-29 09:30:00,226,10,220,25.6,2.0,94.31
2020-10-29 10:00:00,215,7,209,25.8,2.2,93.94
2020-10-29 10:30:00,203,7,197,25.9,2.4000000000000004,93.3
2020-10-29 11:00:00,448,60,397,26.0,2.5,92.95
2020-10-29 11:30:00,551,120,446,26.1,2.6,92.32
2020-10-29 12:00:00,582,142,456,26.200000000000003,2.6,91.71
2020-10-29 12:30:00,490,74,425,26.3,2.6,91.09
2020-10-29 13:00:00,471,72,410,26.4,2.6,90.85
2020-10-29 13:30:00,450,75,389,26.4,2.6,90.76
2020-10-29 14:00:00,415,75,358,26.5,2.6,90.72
2020-10-29 14:30:00,257,16,246,26.5,2.5,90.63
2020-10-29 15:00:00,248,23,233,26.5,2.4000000000000004,91.15
2020-10-29 15:30:00,296,119,234,26.4,2.2,91.69
2020-10-29 16:00:00,269,224,175,26.3,2.0,93.19
2020-10-29 16:30:00,202,278,115,26.0,1.6,94.95
2020-10-29 17:00:00,116,251,67,25.700000000000003,1.3,97.09
2020-10-29 17:30:00,36,116,27,25.4,1.1,98.83
2020-10-30 06:30:00,20,0,20,24.0,1.5,98.31
2020-10-30 07:00:00,69,24,65,25.1,2.4000000000000004,96.86
2020-10-30 07:30:00,137,67,117,25.700000000000003,2.6,93.48
2020-10-30 08:00:00,200,75,169,26.4,2.7,92.56
2020-10-30 08:30:00,203,22,192,27.0,2.8000000000000003,89.37
2020-10-30 09:00:00,185,4,182,27.6,2.9000000000000004,87.0
2020-10-30 09:30:00,322,44,292,28.1,2.9000000000000004,84.51
2020-10-30 10:00:00,164,2,163,28.5,2.9000000000000004,83.14
2020-10-30 10:30:00,812,849,123,28.8,2.9000000000000004,81.71000000000001
2020-10-30 11:00:00,383,34,355,29.1,2.9000000000000004,80.96000000000001
2020-10-30 11:30:00,178,5,173,29.3,2.8000000000000003,80.04
2020-10-30 12:00:00,184,6,179,29.5,2.7,79.39
2020-10-30 12:30:00,84,0,84,29.6,2.7,78.94
2020-10-30 13:00:00,853,817,155,29.700000000000003,2.6,78.37
2020-10-30 13:30:00,807,803,152,29.6,2.6,78.82000000000001
2020-10-30 14:00:00,573,275,364,29.5,2.6,79.10000000000001
2020-10-30 14:30:00,546,345,306,29.3,2.5,80.02
2020-10-30 15:00:00,173,1,172,29.1,2.4000000000000004,81.60000000000001
2020-10-30 15:30:00,97,0,97,28.8,2.3000000000000003,83.02
2020-10-30 16:00:00,69,0,69,28.5,2.2,85.64
2020-10-30 16:30:00,12,0,12,28.0,2.0,88.16
2020-10-31 06:30:00,31,152,22,24.700000000000003,1.2000000000000002,99.67
2020-10-31 07:00:00,125,408,51,25.9,1.7000000000000002,97.35
2020-10-31 07:30:00,238,564,70,26.5,1.8,93.98
2020-10-31 08:00:00,162,23,153,27.1,1.8,92.66
2020-10-31 08:30:00,269,91,223,27.700000000000003,1.9,89.47
2020-10-31 09:00:00,83,0,83,28.3,1.9,87.57000000000001
2020-10-31 09:30:00,667,816,109,28.8,2.0,85.07000000000001
2020-10-31 10:00:00,343,37,315,29.200000000000003,2.1,83.88
2020-10-31 10:30:00,401,50,361,29.5,2.1,82.44
2020-10-31 11:00:00,478,80,410,29.8,2.1,81.33
2020-10-31 11:30:00,867,786,180,30.0,2.0,80.41
2020-10-31 12:00:00,880,798,175,30.1,2.0,79.77
2020-10-31 12:30:00,871,795,174,30.200000000000003,1.8,79.31
2020-10-31 13:00:00,384,34,355,30.3,1.7000000000000002,78.83
2020-10-31 13:30:00,585,220,406,30.3,1.5,78.83
2020-10-31 14:00:00,255,13,245,30.200000000000003,1.3,79.63
2020-10-31 14:30:00,503,258,324,30.200000000000003,1.1,79.63
2020-10-31 15:00:00,59,0,59,30.1,0.9,81.33
2020-10-31 15:30:00,62,0,62,29.9,0.8,82.27
2020-10-31 16:00:00,18,0,18,29.700000000000003,0.8,82.2
2020-10-31 16:30:00,20,0,20,29.3,0.7000000000000001,84.11
2020-10-31 17:00:00,12,0,12,28.9,0.6000000000000001,88.16
2020-11-01 06:30:00,19,0,19,25.200000000000003,1.3,99.68
2020-11-01 07:00:00,71,36,65,25.8,2.1,97.92
2020-11-01 07:30:00,122,34,112,26.1,2.5,96.3
2020-11-01 08:00:00,269,263,162,26.4,2.8000000000000003,94.52
2020-11-01 08:30:00,280,109,224,26.8,3.0,92.42
2020-11-01 09:00:00,297,61,261,27.200000000000003,3.2,90.31
2020-11-01 09:30:00,443,170,327,27.700000000000003,3.3000000000000003,87.72
2020-11-01 10:00:00,533,223,366,28.3,3.3000000000000003,85.25
2020-11-01 10:30:00,326,24,307,28.6,3.2,83.79
2020-11-01 11:00:00,555,148,430,29.0,3.1,82.82000000000001
2020-11-01 11:30:00,486,75,420,29.3,2.9000000000000004,81.41
2020-11-01 12:00:00,697,299,433,29.5,2.8000000000000003,81.29
2020-11-01 12:30:00,658,249,440,29.700000000000003,2.6,80.36
2020-11-01 13:00:00,283,14,271,29.8,2.5,80.36
2020-11-01 13:30:00,345,28,322,29.9,2.5,79.82000000000001
2020-11-01 14:00:00,234,10,226,30.0,2.4000000000000004,79.62
2020-11-01 14:30:00,385,91,322,29.9,2.3000000000000003,80.08
2020-11-01 15:00:00,469,349,256,29.9,2.2,80.92
2020-11-01 15:30:00,391,362,204,29.700000000000003,2.1,81.85000000000001
2020-11-01 16:00:00,245,165,176,29.5,1.9,84.36
2020-11-01 16:30:00,239,492,89,29.1,1.7000000000000002,86.32000000000001
2020-11-01 17:00:00,127,320,66,28.6,1.5,89.59
2020-11-01 17:30:00,35,105,27,28.1,1.3,92.31
2020-11-02 06:30:00,20,0,20,24.8,1.7000000000000002,99.83
2020-11-02 07:00:00,105,251,60,25.6,2.5,96.49
2020-11-02 07:30:00,198,331,101,26.0,2.8000000000000003,94.24
2020-11-02 08:00:00,282,317,154,26.4,3.1,90.7
2020-11-02 08:30:00,384,372,196,26.8,3.3000000000000003,88.60000000000001
2020-11-02 09:00:00,468,374,245,27.200000000000003,3.6,83.87
2020-11-02 09:30:00,542,368,292,27.6,3.6,81.94
2020-11-02 10:00:00,578,306,349,27.9,3.6,79.27
2020-11-02 10:30:00,630,308,382,28.3,3.4000000000000004,77.45
2020-11-02 11:00:00,736,465,344,28.6,3.3000000000000003,76.27
2020-11-02 11:30:00,693,312,422,28.9,3.2,74.89
2020-11-02 12:00:00,753,425,380,29.200000000000003,3.0,74.60000000000001
2020-11-02 12:30:00,735,395,392,29.5,2.9000000000000004,73.25
2020-11-02 13:00:00,844,793,172,29.700000000000003,2.8000000000000003,73.49
2020-11-02 13:30:00,644,326,380,29.8,2.7,72.99
2020-11-02 14:00:00,622,387,330,29.9,2.6,73.52
2020-11-02 14:30:00,653,714,162,29.8,2.5,73.94
2020-11-02 15:00:00,445,294,267,29.6,2.4000000000000004,75.34
2020-11-02 15:30:00,456,608,143,29.3,2.2,76.65
2020-11-02 16:00:00,346,534,125,28.9,2.1,79.32000000000001
2020-11-02 16:30:00,232,429,102,28.3,2.0,82.19
2020-11-02 17:00:00,124,284,70,27.700000000000003,1.9,85.32000000000001
2020-11-02 17:30:00,33,89,26,27.0,1.8,88.88
2020-11-03 06:30:00,26,75,22,23.6,1.8,99.38
2020-11-03 07:00:00,114,283,65,24.6,2.6,95.11
2020-11-03 07:30:00,224,436,96,25.200000000000003,3.0,91.87
2020-11-03 08:00:00,340,560,115,25.700000000000003,3.4000000000000004,87.4
2020-11-03 08:30:00,452,637,131,26.3,3.7,84.36
2020-11-03 09:00:00,560,704,140,26.9,3.9,80.99
2020-11-03 09:30:00,654,745,149,27.6,4.0,77.75
2020-11-03 10:00:00,736,783,152,28.200000000000003,4.1000000000000005,76.01
2020-11-03 10:30:00,801,804,157,28.700000000000003,4.1000000000000005,73.84
2020-11-03 11:00:00,852,823,159,29.200000000000003,4.0,72.96000000000001
2020-11-03 11:30:00,881,831,161,29.5,4.0,71.71000000000001
2020-11-03 12:00:00,892,835,162,29.8,3.9,71.51
2020-11-03 12:30:00,881,831,160,30.0,3.8,70.63
2020-11-03 13:00:00,860,853,140,30.200000000000003,3.7,70.49
2020-11-03 13:30:00,814,840,137,30.200000000000003,3.5,70.42
2020-11-03 14:00:00,748,812,137,30.200000000000003,3.4000000000000004,70.66
2020-11-03 14:30:00,668,785,131,30.1,3.1,71.06
2020-11-03 15:00:00,573,738,127,30.0,2.9000000000000004,71.94
2020-11-03 15:30:00,282,107,227,29.700000000000003,2.7,73.19
2020-11-03 16:00:00,73,0,73,29.4,2.4000000000000004,75.28
2020-11-03 16:30:00,195,279,111,28.8,2.1,78.0
2020-11-03 17:00:00,103,191,67,28.1,1.8,83.05
2020-11-03 17:30:00,27,41,24,27.4,1.5,86.5
2020-11-04 06:30:00,19,0,19,22.9,2.2,99.76
2020-11-04 07:00:00,109,229,69,24.0,2.9000000000000004,93.47
2020-11-04 07:30:00,174,221,110,24.5,3.2,90.72
2020-11-04 08:00:00,328,484,135,25.0,3.6,86.60000000000001
2020-11-04 08:30:00,439,564,156,25.700000000000003,3.6,83.08
2020-11-04 09:00:00,487,442,225,26.3,3.6,81.5
2020-11-04 09:30:00,544,383,285,26.9,3.5,78.68
2020-11-04 10:00:00,610,384,324,27.6,3.3000000000000003,77.8
2020-11-04 10:30:00,772,702,211,28.200000000000003,3.1,75.06
2020-11-04 11:00:00,817,706,224,28.700000000000003,2.8000000000000003,75.25
2020-11-04 11:30:00,845,716,227,29.1,2.6,73.46000000000001
2020-11-04 12:00:00,703,323,422,29.5,2.4000000000000004,73.2
2020-11-04 12:30:00,683,300,424,29.6,2.3000000000000003,72.78
2020-11-04 13:00:00,655,289,412,29.700000000000003,2.2,72.69
2020-11-04 13:30:00,483,109,396,29.700000000000003,2.1,72.69
2020-11-04 14:00:00,561,271,358,29.700000000000003,2.0,72.53
2020-11-04 14:30:00,465,204,326,29.5,2.0,73.36
2020-11-04 15:00:00,454,325,258,29.3,1.9,74.4
2020-11-04 15:30:00,288,119,227,28.9,1.8,76.13
2020-11-04 16:00:00,123,0,123,28.6,1.6,79.42
2020-11-04 16:30:00,105,2,105,28.1,1.6,81.75
2020-11-04 17:00:00,94,141,68,27.5,1.5,85.13
2020-11-04 17:30:00,17,0,17,27.0,1.3,87.65
2020-11-05 06:30:00,18,0,18,23.4,1.9,99.22
2020-11-05 07:00:00,84,120,63,24.200000000000003,2.5,95.34
2020-11-05 07:30:00,211,356,109,24.9,2.5,91.53
2020-11-05 08:00:00,262,260,159,25.6,2.5,87.68
2020-11-05 08:30:00,376,361,195,26.4,2.5,83.65
2020-11-05 09:00:00,480,424,229,27.1,2.4000000000000004,80.09
2020-11-05 09:30:00,557,423,273,27.700000000000003,2.4000000000000004,77.34
2020-11-05 10:00:00,592,349,333,28.4,2.3000000000000003,74.66
2020-11-05 10:30:00,770,707,207,28.9,2.3000000000000003,72.47
2020-11-05 11:00:00,697,370,388,29.3,2.3000000000000003,71.93
2020-11-05 11:30:00,724,383,394,29.6,2.4000000000000004,70.63
2020-11-05 12:00:00,566,139,444,30.0,2.4000000000000004,70.08
2020-11-05 12:30:00,739,424,374,30.1,2.4000000000000004,69.61
2020-11-05 13:00:00,719,431,357,30.3,2.4000000000000004,69.51
2020-11-05 13:30:00,686,443,331,30.3,2.4000000000000004,69.44
2020-11-05 14:00:00,607,368,332,30.4,2.4000000000000004,69.32000000000001
2020-11-05 14:30:00,433,156,327,30.3,2.4000000000000004,69.65
2020-11-05 15:00:00,287,52,256,30.1,2.3000000000000003,70.73
2020-11-05 15:30:00,349,257,218,29.9,2.1,71.55
2020-11-05 16:00:00,298,365,149,29.6,1.9,74.57000000000001
2020-11-05 16:30:00,227,415,103,29.0,1.8,77.19
2020-11-05 17:00:00,103,206,65,28.5,1.6,80.59
2020-11-05 17:30:00,29,70,25,27.700000000000003,1.4,84.42
2020-11-06 06:30:00,24,83,20,22.8,1.5,100.0
2020-11-06 07:00:00,111,298,60,24.200000000000003,2.2,94.38
2020-11-06 07:30:00,220,455,90,25.0,2.4000000000000004,89.99
2020-11-06 08:00:00,334,566,110,25.700000000000003,2.6,87.44
2020-11-06 08:30:00,445,642,125,26.5,2.7,83.42
2020-11-06 09:00:00,549,698,137,27.200000000000003,2.8000000000000003,80.39
2020-11-06 09:30:00,642,738,146,27.9,2.8000000000000003,77.18
2020-11-06 10:00:00,722,767,156,28.5,2.9000000000000004,75.10000000000001
2020-11-06 10:30:00,786,788,161,29.0,2.9000000000000004,72.97
2020-11-06 11:00:00,833,800,166,29.4,2.9000000000000004,72.02
2020-11-06 11:30:00,862,808,168,29.700000000000003,2.8000000000000003,70.79
2020-11-06 12:00:00,298,15,284,30.1,2.8000000000000003,70.0
2020-11-06 12:30:00,566,148,439,30.200000000000003,2.8000000000000003,69.60000000000001
2020-11-06 13:00:00,554,154,425,30.4,2.9000000000000004,69.51
2020-11-06 13:30:00,410,58,364,30.4,2.9000000000000004,69.51
2020-11-06 14:00:00,138,0,138,30.4,2.9000000000000004,70.05
2020-11-06 14:30:00,307,38,281,30.3,2.9000000000000004,70.45
2020-11-06 15:00:00,360,138,277,30.1,2.8000000000000003,72.2
2020-11-06 15:30:00,312,170,226,29.8,2.7,73.45
2020-11-06 16:00:00,161,22,152,29.4,2.6,76.45
2020-11-06 16:30:00,225,407,104,28.700000000000003,2.4000000000000004,79.59
2020-11-06 17:00:00,102,202,65,28.0,2.2,84.17
2020-11-06 17:30:00,26,39,23,27.3,2.0,87.67
2020-11-07 06:30:00,25,106,20,23.6,2.3000000000000003,98.38
2020-11-07 07:00:00,32,0,32,24.200000000000003,2.8000000000000003,96.06
2020-11-07 07:30:00,221,506,77,24.8,3.2,92.68
2020-11-07 08:00:00,335,609,95,25.4,3.5,89.27
2020-11-07 08:30:00,446,683,108,26.0,3.8,86.17
2020-11-07 09:00:00,142,0,142,26.700000000000003,4.1000000000000005,82.81
2020-11-07 09:30:00,197,5,194,27.200000000000003,4.2,80.43
2020-11-07 10:00:00,183,4,181,27.8,4.2,79.4
2020-11-07 10:30:00,138,0,138,28.200000000000003,4.2,77.5
2020-11-07 11:00:00,826,795,166,28.6,4.2,77.66
2020-11-07 11:30:00,855,803,168,28.8,4.2,76.7
2020-11-07 12:00:00,867,813,164,29.0,4.2,77.28
2020-11-07 12:30:00,396,36,364,29.1,4.1000000000000005,76.76
2020-11-07 13:00:00,842,849,133,29.200000000000003,4.1000000000000005,77.59
2020-11-07 13:30:00,279,15,267,29.200000000000003,4.0,77.52
2020-11-07 14:00:00,171,2,169,29.200000000000003,3.9,78.53
2020-11-07 14:30:00,195,5,192,29.1,3.8,78.98
2020-11-07 15:00:00,147,0,147,28.9,3.7,81.01
2020-11-07 15:30:00,90,0,90,28.6,3.5,82.42
2020-11-07 16:00:00,146,8,142,28.3,3.3000000000000003,85.33
2020-11-07 16:30:00,81,0,81,27.8,3.0,87.84
2020-11-07 17:00:00,40,0,40,27.3,2.6,91.71
2020-11-07 17:30:00,11,0,11,26.8,2.6,94.43
2020-11-08 06:30:00,15,0,15,23.5,2.2,97.88
2020-11-08 07:00:00,74,76,61,23.700000000000003,3.0,95.79
2020-11-08 07:30:00,154,152,111,24.0,3.4000000000000004,94.08
2020-11-08 08:00:00,243,210,161,24.3,3.7,90.57
2020-11-08 08:30:00,318,207,215,24.700000000000003,4.0,88.44
2020-11-08 09:00:00,427,295,255,25.1,4.2,84.58
2020-11-08 09:30:00,536,385,280,25.6,4.2,82.12
2020-11-08 10:00:00,535,249,352,26.1,4.2,80.14
2020-11-08 10:30:00,465,102,385,26.6,4.1000000000000005,77.74
2020-11-08 11:00:00,424,55,379,27.200000000000003,4.0,76.29
2020-11-08 11:30:00,442,56,393,27.6,3.9,74.53
2020-11-08 12:00:00,665,273,429,28.1,3.8,73.62
2020-11-08 12:30:00,711,365,398,28.4,3.7,72.35000000000001
2020-11-08 13:00:00,700,389,376,28.700000000000003,3.6,72.16
2020-11-08 13:30:00,220,8,213,28.8,3.5,71.75
2020-11-08 14:00:00,452,122,361,29.0,3.5,71.86
2020-11-08 14:30:00,493,269,312,29.0,3.4000000000000004,71.86
2020-11-08 15:00:00,366,151,276,28.9,3.4000000000000004,73.21000000000001
2020-11-08 15:30:00,429,485,184,28.6,3.1,74.49
2020-11-08 16:00:00,321,400,160,28.4,2.9000000000000004,76.98
2020-11-08 16:30:00,212,299,124,27.700000000000003,2.5,80.17
2020-11-08 17:00:00,108,174,76,27.1,2.2,85.65
2020-11-08 17:30:00,23,38,20,26.4,2.0,89.24
2020-11-09 06:30:00,19,51,17,22.1,2.2,97.48
2020-11-09 07:00:00,102,229,64,23.0,2.9000000000000004,92.59
2020-11-09 07:30:00,208,380,101,23.6,3.4000000000000004,89.31
2020-11-09 08:00:00,319,488,128,24.200000000000003,3.9,83.84
2020-11-09 08:30:00,428,568,149,24.9,4.2,80.42
2020-11-09 09:00:00,531,631,164,25.6,4.5,76.71000000000001
2020-11-09 09:30:00,623,675,176,26.200000000000003,4.5,74.04
2020-11-09 10:00:00,696,665,210,26.9,4.5,72.87
2020-11-09 10:30:00,760,689,218,27.4,4.4,70.71000000000001
2020-11-09 11:00:00,809,716,218,28.0,4.2,70.66
2020-11-09 11:30:00,838,725,221,28.4,4.1000000000000005,68.97
2020-11-09 12:00:00,850,737,217,28.8,3.9,69.4
2020-11-09 12:30:00,842,734,216,29.0,3.8,68.54
2020-11-09 13:00:00,809,696,231,29.3,3.7,68.85000000000001
2020-11-09 13:30:00,764,680,226,29.4,3.6,68.39
2020-11-09 14:00:00,700,648,222,29.4,3.5,69.41
2020-11-09 14:30:00,623,614,211,29.3,3.4000000000000004,69.81
2020-11-09 15:00:00,531,561,199,29.200000000000003,3.4000000000000004,71.18
2020-11-09 15:30:00,431,500,180,28.9,3.1,72.42
2020-11-09 16:00:00,322,405,159,28.5,2.9000000000000004,75.64
2020-11-09 16:30:00,212,301,124,27.8,2.6,78.77
2020-11-09 17:00:00,107,168,77,27.200000000000003,2.2,84.60000000000001
2020-11-09 17:30:00,20,0,20,26.4,2.0,88.74
2020-11-10 06:30:00,15,0,15,21.0,1.9,97.83
2020-11-10 07:00:00,79,115,60,22.3,2.7,90.26
2020-11-10 07:30:00,174,254,103,23.0,3.2,86.60000000000001
2020-11-10 08:00:00,234,190,161,23.700000000000003,3.6,78.68
2020-11-10 08:30:00,223,46,200,24.4,3.8,75.45
2020-11-10 09:00:00,450,365,238,25.0,4.1000000000000005,71.05
2020-11-10 09:30:00,496,299,299,25.6,4.1000000000000005,68.57000000000001
2020-11-10 10:00:00,605,402,312,26.200000000000003,4.1000000000000005,67.68
2020-11-10 10:30:00,686,487,304,26.700000000000003,4.0,65.66
2020-11-10 11:00:00,710,446,343,27.3,4.0,65.99
2020-11-10 11:30:00,858,815,167,27.700000000000003,3.8,64.41
2020-11-10 12:00:00,868,809,174,28.0,3.7,65.84
2020-11-10 12:30:00,859,807,173,28.3,3.6,64.65
2020-11-10 13:00:00,828,785,179,28.5,3.5,65.86
2020-11-10 13:30:00,699,505,301,28.6,3.4000000000000004,65.48
2020-11-10 14:00:00,719,748,168,28.700000000000003,3.3000000000000003,66.57000000000001
2020-11-10 14:30:00,600,576,214,28.6,3.3000000000000003,66.89
2020-11-10 15:00:00,549,675,150,28.5,3.2,68.60000000000001
2020-11-10 15:30:00,446,617,137,28.200000000000003,3.1,69.8
2020-11-10 16:00:00,335,531,123,27.9,3.0,72.88
2020-11-10 16:30:00,222,423,99,27.200000000000003,2.6,75.92
2020-11-10 17:00:00,114,266,67,26.5,2.3000000000000003,82.62
2020-11-10 17:30:00,27,72,22,25.700000000000003,2.2,86.69
2020-11-11 06:30:00,12,0,12,21.200000000000003,2.6,92.98
2020-11-11 07:00:00,60,20,57,21.5,3.1,90.84
2020-11-11 07:30:00,129,75,109,21.8,3.4000000000000004,89.19
2020-11-11 08:00:00,37,0,37,22.1,3.7,86.42
2020-11-11 08:30:00,249,81,210,22.4,3.9,84.87
2020-11-11 09:00:00,337,124,265,22.700000000000003,4.1000000000000005,83.67
2020-11-11 09:30:00,404,138,313,23.0,4.1000000000000005,82.17
2020-11-11 10:00:00,507,211,353,23.200000000000003,4.1000000000000005,82.89
2020-11-11 10:30:00,590,271,378,23.4,4.0,81.89
2020-11-11 11:00:00,307,18,292,23.700000000000003,4.0,82.53
2020-11-11 11:30:00,697,356,396,24.1,3.9,80.49
2020-11-11 12:00:00,339,22,320,24.4,3.9,81.14
2020-11-11 12:30:00,646,263,423,24.9,3.9,78.69
2020-11-11 13:00:00,652,308,398,25.3,3.9,79.13
2020-11-11 13:30:00,670,431,331,25.700000000000003,3.8,77.28
2020-11-11 14:00:00,611,404,314,26.1,3.8,77.84
2020-11-11 14:30:00,469,231,315,26.4,3.7,76.48
2020-11-11 15:00:00,394,209,270,26.6,3.6,78.05
2020-11-11 15:30:00,317,195,220,26.5,3.4000000000000004,78.51
2020-11-11 16:00:00,329,508,126,26.4,3.1,81.67
2020-11-11 16:30:00,92,0,92,25.9,2.8000000000000003,84.10000000000001
2020-11-11 17:00:00,44,0,44,25.4,2.5,88.49
2020-11-11 17:30:00,26,65,22,24.9,2.6,91.25
2020-11-12 07:00:00,11,0,11,20.1,3.3000000000000003,96.76
2020-11-12 07:30:00,22,0,22,20.5,3.4000000000000004,94.5
2020-11-12 08:00:00,63,0,63,20.8,3.6,94.11
2020-11-12 08:30:00,186,17,178,21.3,3.6,91.28
2020-11-12 09:00:00,141,0,141,21.9,3.6,91.27
2020-11-12 09:30:00,65,0,65,22.6,3.7,87.48
2020-11-12 10:00:00,177,3,175,23.4,3.7,87.83
2020-11-12 10:30:00,299,19,284,24.1,3.8,84.22
2020-11-12 11:00:00,69,0,69,24.9,3.9,84.85000000000001
2020-11-12 11:30:00,113,0,113,25.5,3.9,81.89
2020-11-12 12:00:00,196,7,191,26.0,3.8,83.18
2020-11-12 12:30:00,209,8,202,26.4,3.7,81.25
2020-11-12 13:00:00,142,0,142,26.700000000000003,3.5,82.58
2020-11-12 13:30:00,217,8,211,26.8,3.3000000000000003,82.09
2020-11-12 14:00:00,61,0,61,27.0,3.1,83.25
2020-11-12 14:30:00,72,0,72,26.9,2.9000000000000004,83.66
2020-11-12 15:00:00,46,0,46,26.9,2.7,85.31
2020-11-12 15:30:00,66,0,66,26.700000000000003,2.6,86.32000000000001
2020-11-12 16:00:00,258,245,161,26.5,2.5,88.78
2020-11-12 16:30:00,166,184,113,26.1,2.3000000000000003,90.99
2020-11-12 17:00:00,84,105,65,25.700000000000003,2.2,93.88
2020-11-12 17:30:00,20,0,20,25.3,2.4000000000000004,96.13
2020-11-13 06:30:00,19,74,15,20.8,1.9,99.09
2020-11-13 07:00:00,73,96,58,21.9,2.7,92.55
2020-11-13 07:30:00,208,470,80,22.5,3.0,89.34
2020-11-13 08:00:00,321,586,98,23.200000000000003,3.3000000000000003,83.05
2020-11-13 08:30:00,432,663,112,23.9,3.4000000000000004,79.63
2020-11-13 09:00:00,537,724,122,24.5,3.6,75.06
2020-11-13 09:30:00,629,764,130,25.200000000000003,3.6,72.0
2020-11-13 10:00:00,703,762,153,25.8,3.6,68.75
2020-11-13 10:30:00,767,785,159,26.4,3.6,66.3
2020-11-13 11:00:00,817,807,158,26.9,3.5,64.87
2020-11-13 11:30:00,845,816,159,27.3,3.5,63.31
2020-11-13 12:00:00,856,821,159,27.8,3.4000000000000004,62.55
2020-11-13 12:30:00,849,819,160,28.0,3.3000000000000003,61.77
2020-11-13 13:00:00,817,789,170,28.3,3.1,61.8
2020-11-13 13:30:00,773,775,166,28.4,3.0,61.38
2020-11-13 14:00:00,710,755,158,28.5,2.9000000000000004,61.95
2020-11-13 14:30:00,632,725,151,28.5,2.7,61.95
2020-11-13 15:00:00,542,687,140,28.4,2.6,63.42
2020-11-13 15:30:00,441,631,128,28.200000000000003,2.4000000000000004,64.15
2020-11-13 16:00:00,333,563,110,27.9,2.2,66.93
2020-11-13 16:30:00,221,455,89,27.1,2.0,70.12
2020-11-13 17:00:00,114,310,60,26.4,1.8,77.51
2020-11-13 17:30:00,26,94,21,25.4,1.7000000000000002,82.3
2020-11-14 06:30:00,19,82,15,20.0,1.8,97.69
2020-11-14 07:00:00,103,348,49,21.4,2.5,91.66
2020-11-14 07:30:00,212,518,72,22.3,2.9000000000000004,86.86
2020-11-14 08:00:00,329,643,85,23.200000000000003,3.3000000000000003,80.47
2020-11-14 08:30:00,441,717,97,24.0,3.6,76.7
2020-11-14 09:00:00,546,774,104,24.8,3.9,71.39
2020-11-14 09:30:00,640,812,111,25.5,3.9,68.49
2020-11-14 10:00:00,719,831,121,26.1,3.9,66.11
2020-11-14 10:30:00,783,850,125,26.700000000000003,3.8,63.82
2020-11-14 11:00:00,831,864,128,27.200000000000003,3.7,63.29
2020-11-14 11:30:00,860,872,130,27.700000000000003,3.6,61.47
2020-11-14 12:00:00,870,873,131,28.1,3.5,62.45
2020-11-14 12:30:00,862,871,130,28.4,3.4000000000000004,61.31
2020-11-14 13:00:00,831,842,142,28.700000000000003,3.4000000000000004,62.81
2020-11-14 13:30:00,785,827,139,28.8,3.3000000000000003,62.39
2020-11-14 14:00:00,722,806,135,28.9,3.3000000000000003,64.26
2020-11-14 14:30:00,644,777,129,28.8,3.2,64.63
2020-11-14 15:00:00,553,738,122,28.700000000000003,3.2,67.14
2020-11-14 15:30:00,449,685,111,28.5,3.0,67.92
2020-11-14 16:00:00,339,614,97,28.200000000000003,2.8000000000000003,71.51
2020-11-14 16:30:00,226,508,80,27.5,2.3000000000000003,74.48
2020-11-14 17:00:00,118,357,55,26.700000000000003,1.8,82.76
2020-11-14 17:30:00,28,122,21,25.8,1.6,87.26
2020-11-15 06:30:00,19,99,15,20.4,1.7000000000000002,96.69
2020-11-15 07:00:00,103,361,47,21.6,2.3000000000000003,90.85
2020-11-15 07:30:00,212,528,70,22.5,2.4000000000000004,86.10000000000001
2020-11-15 08:00:00,327,649,83,23.4,2.5,81.36
2020-11-15 08:30:00,438,722,94,24.4,2.6,76.64
2020-11-15 09:00:00,543,777,102,25.3,2.7,73.18
2020-11-15 09:30:00,636,813,109,26.1,2.7,69.8
2020-11-15 10:00:00,710,809,130,26.8,2.7,69.01
2020-11-15 10:30:00,774,829,134,27.5,2.6,66.18
2020-11-15 11:00:00,819,835,142,28.1,2.6,66.89
2020-11-15 11:30:00,849,844,144,28.6,2.5,64.92
2020-11-15 12:00:00,858,838,150,29.0,2.4000000000000004,66.34
2020-11-15 12:30:00,850,836,149,29.3,2.3000000000000003,65.21000000000001
2020-11-15 13:00:00,815,795,166,29.6,2.2,66.38
2020-11-15 13:30:00,770,780,162,29.700000000000003,2.1,66.0
2020-11-15 14:00:00,708,751,162,29.9,2.1,67.24
2020-11-15 14:30:00,631,720,155,29.8,2.1,67.63
2020-11-15 15:00:00,538,669,148,29.700000000000003,2.1,69.54
2020-11-15 15:30:00,437,612,135,29.5,1.9,70.34
2020-11-15 16:00:00,328,516,125,29.200000000000003,1.8,73.85000000000001
2020-11-15 16:30:00,217,407,101,28.5,1.6,76.97
2020-11-15 17:00:00,111,245,68,27.9,1.5,82.72
2020-11-15 17:30:00,25,59,22,27.1,1.4,86.66
2020-11-16 06:30:00,16,56,14,23.3,1.3,99.06
2020-11-16 07:00:00,95,276,53,24.200000000000003,2.1,94.52
2020-11-16 07:30:00,200,444,82,24.9,2.2,90.75
2020-11-16 08:00:00,312,561,102,25.6,2.4000000000000004,86.81
2020-11-16 08:30:00,421,641,117,26.4,2.6,82.82000000000001
2020-11-16 09:00:00,524,693,132,27.3,2.7,79.55
2020-11-16 09:30:00,616,736,141,28.0,2.7,76.38
2020-11-16 10:00:00,694,759,153,28.6,2.7,75.31
2020-11-16 10:30:00,759,781,158,29.1,2.6,73.17
2020-11-16 11:00:00,806,795,163,29.5,2.5,73.18
2020-11-16 11:30:00,835,804,165,29.8,2.4000000000000004,71.86
2020-11-16 12:00:00,846,807,166,30.1,2.3000000000000003,71.78
2020-11-16 12:30:00,839,805,165,30.3,2.2,70.97
2020-11-16 13:00:00,811,792,166,30.4,2.1,71.36
2020-11-16 13:30:00,767,778,163,30.5,2.1,70.95
2020-11-16 14:00:00,704,748,162,30.5,2.0,71.15
2020-11-16 14:30:00,627,717,155,30.4,1.9,71.56
2020-11-16 15:00:00,537,666,150,30.3,1.8,72.23
2020-11-16 15:30:00,436,609,137,30.0,1.6,73.48
2020-11-16 16:00:00,326,509,126,29.8,1.4,76.21000000000001
2020-11-16 16:30:00,216,401,101,29.200000000000003,1.3,78.87
2020-11-16 17:00:00,109,237,68,28.6,1.2000000000000002,83.14
2020-11-16 17:30:00,24,57,21,27.9,1.1,86.58
2020-11-17 06:30:00,17,74,14,23.1,1.6,99.42
2020-11-17 07:00:00,98,326,49,24.200000000000003,2.4000000000000004,93.97
2020-11-17 07:30:00,205,498,74,25.0,2.4000000000000004,89.69
2020-11-17 08:00:00,319,620,89,25.8,2.3000000000000003,88.12
2020-11-17 08:30:00,430,697,101,27.0,2.4000000000000004,82.12
2020-11-17 09:00:00,535,755,109,28.200000000000003,2.5,78.63
2020-11-17 09:30:00,628,794,117,28.9,2.5,75.52
2020-11-17 10:00:00,705,809,129,29.700000000000003,2.5,74.4
2020-11-17 10:30:00,769,831,133,30.200000000000003,2.3000000000000003,72.23
2020-11-17 11:00:00,816,838,140,30.6,2.1,72.60000000000001
2020-11-17 11:30:00,846,846,143,30.9,1.9,71.3
2020-11-17 12:00:00,476,81,408,31.1,1.8,71.39
2020-11-17 12:30:00,461,74,400,31.200000000000003,1.6,70.91
2020-11-17 13:00:00,414,54,370,31.3,1.5,70.82000000000001
2020-11-17 13:30:00,501,147,387,31.3,1.3,70.82000000000001
2020-11-17 14:00:00,586,369,320,31.4,1.2000000000000002,70.18
2020-11-17 14:30:00,150,0,150,31.3,1.1,70.58
2020-11-17 15:00:00,402,242,262,31.200000000000003,1.1,70.81
2020-11-17 15:30:00,436,616,134,30.9,1.0,72.03
2020-11-17 16:00:00,204,101,165,30.700000000000003,0.9,74.91
2020-11-17 16:30:00,191,318,100,30.200000000000003,0.8,77.08
2020-11-17 17:00:00,99,224,60,29.700000000000003,0.8,80.56
2020-11-17 17:30:00,23,37,21,29.0,0.7000000000000001,83.86
2020-11-18 06:30:00,15,57,13,23.700000000000003,1.1,100.0
2020-11-18 07:00:00,95,301,50,25.1,1.8,94.99
2020-11-18 07:30:00,201,474,77,26.0,1.7000000000000002,90.07000000000001
2020-11-18 08:00:00,315,604,92,26.8,1.6,88.60000000000001
2020-11-18 08:30:00,427,684,106,28.0,1.6,82.62
2020-11-18 09:00:00,533,748,113,29.200000000000003,1.6,78.61
2020-11-18 09:30:00,627,788,122,29.8,1.6,75.95
2020-11-18 10:00:00,703,796,138,30.5,1.6,73.99
2020-11-18 10:30:00,768,818,143,30.8,1.5,72.74
2020-11-18 11:00:00,815,831,148,31.200000000000003,1.4,71.53
2020-11-18 11:30:00,844,838,150,31.5,1.3,70.33
2020-11-18 12:00:00,169,3,166,31.8,1.2000000000000002,68.95
2020-11-18 12:30:00,848,838,151,31.9,1.0,68.56
2020-11-18 13:00:00,817,813,158,32.1,0.9,67.09
2020-11-18 13:30:00,772,799,155,32.1,0.9,67.09
2020-11-18 14:00:00,711,772,154,32.2,0.8,65.57000000000001
2020-11-18 14:30:00,408,143,314,32.0,0.8,66.31
2020-11-18 15:00:00,337,122,267,31.9,0.8,65.98
2020-11-18 15:30:00,345,285,205,31.8,0.8,66.36
2020-11-18 16:00:00,268,295,152,31.700000000000003,0.7000000000000001,67.69
2020-11-18 16:30:00,199,371,94,31.200000000000003,0.7000000000000001,69.63
2020-11-18 17:00:00,103,262,58,30.700000000000003,0.7000000000000001,71.68
2020-11-18 17:30:00,25,61,21,30.0,0.6000000000000001,74.60000000000001
2020-11-19 06:30:00,13,54,12,24.200000000000003,1.2000000000000002,97.75
2020-11-19 07:00:00,91,288,49,25.4,1.8,93.01
2020-11-19 07:30:00,196,460,77,26.1,1.8,89.24
2020-11-19 08:00:00,308,584,94,26.8,1.7000000000000002,87.98
2020-11-19 08:30:00,419,664,108,28.0,1.8,82.03
2020-11-19 09:00:00,523,726,117,29.1,1.9,78.17
2020-11-19 09:30:00,615,768,125,29.9,2.0,74.66
2020-11-19 10:00:00,696,798,132,30.700000000000003,2.1,72.21000000000001
2020-11-19 10:30:00,762,820,138,31.1,2.0,70.52
2020-11-19 11:00:00,808,830,143,31.5,2.0,69.84
2020-11-19 11:30:00,838,839,145,31.700000000000003,1.9,68.99
2020-11-19 12:00:00,848,836,150,32.0,1.8,68.12
2020-11-19 12:30:00,842,834,151,32.1,1.7000000000000002,67.67
2020-11-19 13:00:00,816,825,149,32.2,1.6,67.29
2020-11-19 13:30:00,772,812,146,32.2,1.5,67.22
2020-11-19 14:00:00,710,783,146,32.1,1.4,67.24
2020-11-19 14:30:00,634,754,140,32.0,1.3,67.62
2020-11-19 15:00:00,542,708,134,31.9,1.2000000000000002,68.04
2020-11-19 15:30:00,441,653,122,31.8,1.0,68.42
2020-11-19 16:00:00,335,590,105,31.700000000000003,0.9,69.35000000000001
2020-11-19 16:30:00,223,483,86,31.200000000000003,0.9,71.41
2020-11-19 17:00:00,115,322,60,30.6,0.8,74.45
2020-11-19 17:30:00,27,102,21,30.0,0.7000000000000001,77.05
2020-11-20 06:30:00,12,49,11,24.9,0.8,97.63
2020-11-20 07:00:00,88,271,49,26.0,1.3,94.06
2020-11-20 07:30:00,191,439,78,26.8,1.4,89.75
2020-11-20 08:00:00,302,565,96,27.6,1.4,87.11
2020-11-20 08:30:00,411,645,111,28.5,1.5,82.67
2020-11-20 09:00:00,516,719,117,29.4,1.7000000000000002,80.05
2020-11-20 09:30:00,609,760,126,29.9,1.8,77.79
2020-11-20 10:00:00,672,714,169,30.5,2.0,76.17
2020-11-20 10:30:00,736,739,175,30.8,2.0,74.81
2020-11-20 11:00:00,464,93,390,31.1,2.0,73.77
2020-11-20 11:30:00,331,23,312,31.3,2.0,72.87
2020-11-20 12:00:00,602,214,424,31.5,2.0,71.71000000000001
2020-11-20 12:30:00,525,129,419,31.6,1.9,71.24
2020-11-20 13:00:00,441,72,383,31.700000000000003,1.8,70.53
2020-11-20 13:30:00,645,392,344,31.700000000000003,1.7000000000000002,70.46000000000001
2020-11-20 14:00:00,546,290,337,31.700000000000003,1.6,70.13
2020-11-20 14:30:00,40,0,40,31.6,1.5,70.53
2020-11-20 15:00:00,41,0,41,31.5,1.3,71.18
2020-11-20 15:30:00,181,13,175,31.3,1.2000000000000002,71.99
2020-11-20 16:00:00,219,138,165,31.200000000000003,1.0,73.56
2020-11-20 16:30:00,186,301,101,30.6,1.0,76.10000000000001
2020-11-20 17:00:00,98,224,60,30.0,1.0,79.78
2020-11-20 17:30:00,23,60,20,29.5,0.9,82.10000000000001
2020-11-21 06:30:00,10,30,9,25.200000000000003,0.6000000000000001,98.11
2020-11-21 07:00:00,81,223,50,26.200000000000003,1.0,96.44
2020-11-21 07:30:00,181,387,83,27.200000000000003,1.1,90.95
2020-11-21 08:00:00,291,507,107,28.200000000000003,1.2000000000000002,87.71000000000001
2020-11-21 08:30:00,398,590,125,28.8,1.5,84.8
2020-11-21 09:00:00,498,646,141,29.4,1.7000000000000002,80.74
2020-11-21 09:30:00,591,691,153,29.700000000000003,1.8,79.36
2020-11-21 10:00:00,651,641,201,30.0,1.9,77.66
2020-11-21 10:30:00,700,586,257,30.1,1.9,77.22
2020-11-21 11:00:00,452,84,385,30.200000000000003,1.9,76.64
2020-11-21 11:30:00,553,164,418,30.200000000000003,1.9,76.64
2020-11-21 12:00:00,267,13,257,30.1,1.9,77.38
2020-11-21 12:30:00,63,0,63,29.9,1.9,78.19
2020-11-21 13:00:00,180,4,176,29.700000000000003,1.8,79.65
2020-11-21 13:30:00,98,0,98,29.4,1.7000000000000002,81.03
2020-11-21 14:00:00,234,10,227,29.1,1.6,82.89
2020-11-21 14:30:00,355,84,301,28.8,1.5,84.33
2020-11-21 15:00:00,278,54,246,28.5,1.3,86.77
2020-11-21 15:30:00,253,85,212,28.200000000000003,1.2000000000000002,88.29
2020-11-21 16:00:00,261,275,154,28.0,1.1,89.75
2020-11-21 16:30:00,196,251,125,27.700000000000003,1.0,91.42
2020-11-21 17:00:00,98,145,73,27.4,0.9,92.93
2020-11-21 17:30:00,18,27,16,27.1,0.8,94.57
2020-11-22 08:00:00,18,0,18,26.1,0.9,95.78
2020-11-22 08:30:00,96,0,96,26.6,0.9,93.01
2020-11-22 09:00:00,166,0,166,27.1,0.9,90.75
2020-11-22 09:30:00,301,49,271,27.5,1.1,88.66
2020-11-22 10:00:00,342,51,307,28.0,1.3,86.57000000000001
2020-11-22 10:30:00,411,75,354,28.200000000000003,1.3,85.49
2020-11-22 11:00:00,578,230,396,28.4,1.4,83.92
2020-11-22 11:30:00,651,313,395,28.6,1.4,82.95
2020-11-22 12:00:00,687,361,387,28.700000000000003,1.4,82.08
2020-11-22 12:30:00,676,352,386,28.8,1.3,81.61
2020-11-22 13:00:00,658,356,372,28.9,1.3,81.24
2020-11-22 13:30:00,472,122,379,28.9,1.2000000000000002,81.24
2020-11-22 14:00:00,680,707,175,28.9,1.2000000000000002,81.53
2020-11-22 14:30:00,371,102,305,28.8,1.2000000000000002,82.0
2020-11-22 15:00:00,470,438,218,28.6,1.2000000000000002,84.10000000000001
2020-11-22 15:30:00,301,178,215,28.4,1.2000000000000002,85.07000000000001
2020-11-22 16:00:00,158,25,148,28.200000000000003,1.1,87.10000000000001
2020-11-22 16:30:00,206,366,102,27.8,1.0,89.14
2020-11-22 17:00:00,91,170,62,27.5,0.8,92.48
2020-11-22 17:30:00,22,51,19,27.1,0.7000000000000001,94.67
2020-11-23 07:00:00,10,0,10,24.9,1.6,98.73
2020-11-23 07:30:00,17,0,17,25.200000000000003,1.7000000000000002,97.08
2020-11-23 08:00:00,14,0,14,25.5,1.8,96.26
2020-11-23 08:30:00,23,0,23,25.8,1.8,94.57
2020-11-23 09:00:00,227,26,213,26.200000000000003,1.8,93.48
2020-11-23 09:30:00,441,236,292,26.6,1.9,91.31
2020-11-23 10:00:00,552,346,311,27.0,1.9,90.09
2020-11-23 10:30:00,628,398,328,27.5,1.9,87.5
2020-11-23 11:00:00,680,440,332,27.9,1.8,85.92
2020-11-23 11:30:00,742,524,313,28.3,1.8,83.95
2020-11-23 12:00:00,754,526,319,28.700000000000003,1.8,82.37
2020-11-23 12:30:00,797,690,230,29.0,1.8,80.96000000000001
2020-11-23 13:00:00,782,728,200,29.3,1.9,79.52
2020-11-23 13:30:00,530,194,381,29.4,1.9,79.06
2020-11-23 14:00:00,435,123,347,29.6,2.0,77.86
2020-11-23 14:30:00,569,534,222,29.6,2.0,77.86
2020-11-23 15:00:00,527,668,144,29.700000000000003,2.0,77.72
2020-11-23 15:30:00,307,191,214,29.5,1.9,78.61
2020-11-23 16:00:00,265,295,151,29.3,1.9,79.75
2020-11-23 16:30:00,183,288,102,28.700000000000003,1.6,82.64
2020-11-23 17:00:00,112,313,58,28.1,1.4,87.2
2020-11-23 17:30:00,26,97,20,27.5,1.3,90.29
2020-11-24 06:30:00,12,85,10,23.5,1.9,99.69
2020-11-24 07:00:00,90,368,40,24.5,2.7,96.16
2020-11-24 07:30:00,196,547,60,25.3,2.9000000000000004,91.78
2020-11-24 08:00:00,309,662,73,26.0,3.1,90.02
2020-11-24 08:30:00,419,737,83,26.8,3.3000000000000003,85.88
2020-11-24 09:00:00,524,794,90,27.700000000000003,3.4000000000000004,82.05
2020-11-24 09:30:00,618,831,97,28.4,3.4000000000000004,78.79
2020-11-24 10:00:00,689,821,119,29.1,3.4000000000000004,75.64
2020-11-24 10:30:00,754,842,124,29.6,3.3000000000000003,73.49
2020-11-24 11:00:00,804,858,127,30.1,3.2,71.78
2020-11-24 11:30:00,835,867,129,30.4,3.1,70.56
2020-11-24 12:00:00,848,870,130,30.700000000000003,3.0,69.92
2020-11-24 12:30:00,841,868,130,30.9,2.9000000000000004,69.13
2020-11-24 13:00:00,811,843,137,31.0,2.7,69.09
2020-11-24 13:30:00,769,830,135,31.0,2.7,69.09
2020-11-24 14:00:00,707,801,136,31.0,2.6,69.14
2020-11-24 14:30:00,442,206,308,30.8,2.5,69.86
2020-11-24 15:00:00,412,278,253,30.6,2.4000000000000004,71.32000000000001
2020-11-24 15:30:00,402,500,160,30.3,2.3000000000000003,72.55
2020-11-24 16:00:00,289,396,136,29.9,2.1,75.78
2020-11-24 16:30:00,197,370,93,29.200000000000003,1.9,78.96000000000001
2020-11-24 17:00:00,105,285,56,28.5,1.7000000000000002,84.4
2020-11-24 17:30:00,27,96,21,27.8,1.6,87.89
2020-11-25 06:30:00,11,58,10,23.5,2.3000000000000003,99.4
2020-11-25 07:00:00,86,330,42,24.700000000000003,3.1,94.8
2020-11-25 07:30:00,192,514,65,25.5,3.3000000000000003,90.41
2020-11-25 08:00:00,172,78,145,26.4,3.5,88.04
2020-11-25 08:30:00,417,721,90,27.3,3.7,83.52
2020-11-25 09:00:00,522,784,95,28.200000000000003,4.0,79.75
2020-11-25 09:30:00,616,823,102,28.8,4.0,77.03
2020-11-25 10:00:00,686,803,131,29.5,4.0,74.12
2020-11-25 10:30:00,751,824,136,29.9,3.9,72.44
2020-11-25 11:00:00,800,842,137,30.4,3.8,70.53
2020-11-25 11:30:00,831,851,139,30.6,3.6,69.74
2020-11-25 12:00:00,844,855,140,30.9,3.5,68.8
2020-11-25 12:30:00,836,852,139,31.0,3.4000000000000004,68.41
2020-11-25 13:00:00,806,818,154,31.1,3.2,68.13
2020-11-25 13:30:00,528,195,380,31.0,3.1,68.52
2020-11-25 14:00:00,702,780,147,31.0,2.9000000000000004,68.53
2020-11-25 14:30:00,626,750,140,30.8,2.8000000000000003,69.25
2020-11-25 15:00:00,537,711,131,30.700000000000003,2.7,70.10000000000001
2020-11-25 15:30:00,437,654,120,30.3,2.5,71.72
2020-11-25 16:00:00,259,272,154,30.0,2.2,74.47
2020-11-25 16:30:00,188,314,99,29.3,2.0,77.52
2020-11-25 17:00:00,114,329,58,28.6,1.7000000000000002,83.58
2020-11-25 17:30:00,23,34,21,27.8,1.6,87.54
2020-11-26 07:00:00,85,333,41,24.6,2.9000000000000004,94.62
2020-11-26 07:30:00,189,519,63,25.4,3.1,90.23
2020-11-26 08:00:00,304,658,73,26.200000000000003,3.4000000000000004,86.93
2020-11-26 08:30:00,415,735,84,26.9,3.6,83.51
2020-11-26 09:00:00,521,800,88,27.6,3.7,79.41
2020-11-26 09:30:00,614,838,94,28.200000000000003,3.8,76.69
2020-11-26 10:00:00,695,868,97,28.700000000000003,3.9,74.39
2020-11-26 10:30:00,761,887,100,29.1,3.9,72.62
2020-11-26 11:00:00,809,900,103,29.5,3.9,71.63
2020-11-26 11:30:00,839,906,104,29.8,3.8,70.34
2020-11-26 12:00:00,851,907,107,30.1,3.8,70.15
2020-11-26 12:30:00,846,905,107,30.200000000000003,3.7,69.69
2020-11-26 13:00:00,815,873,120,30.4,3.7,69.48
2020-11-26 13:30:00,773,861,118,30.4,3.7,69.48
2020-11-26 14:00:00,710,827,122,30.4,3.6,69.77
2020-11-26 14:30:00,635,801,117,30.3,3.5,70.10000000000001
2020-11-26 15:00:00,302,81,256,30.200000000000003,3.5,71.09
2020-11-26 15:30:00,443,696,106,29.8,3.2,72.74
2020-11-26 16:00:00,257,264,154,29.4,2.9000000000000004,76.02
2020-11-26 16:30:00,101,5,100,28.700000000000003,2.5,79.23
2020-11-26 17:00:00,49,0,49,28.0,2.0,85.91
2020-11-26 17:30:00,12,0,12,27.4,1.9,89.05
2020-11-27 07:00:00,83,330,40,23.8,3.2,94.24
2020-11-27 07:30:00,187,517,62,24.6,3.5,89.93
2020-11-27 08:00:00,264,439,112,25.4,3.9,86.68
2020-11-27 08:30:00,354,443,155,26.200000000000003,4.0,82.68
2020-11-27 09:00:00,430,415,206,27.0,4.2,79.7
2020-11-27 09:30:00,606,819,99,27.700000000000003,4.2,76.51
2020-11-27 10:00:00,677,799,128,28.4,4.3,74.29
2020-11-27 10:30:00,742,821,133,28.9,4.2,72.17
2020-11-27 11:00:00,789,832,137,29.4,4.2,70.53
2020-11-27 11:30:00,820,842,139,29.700000000000003,4.2,69.26
2020-11-27 12:00:00,832,845,140,29.9,4.2,68.33
2020-11-27 12:30:00,826,843,140,30.0,4.2,67.88
2020-11-27 13:00:00,396,50,356,30.1,4.1000000000000005,66.86
2020-11-27 13:30:00,396,62,349,30.1,4.1000000000000005,66.79
2020-11-27 14:00:00,600,431,294,30.0,4.1000000000000005,66.57000000000001
2020-11-27 14:30:00,218,9,212,29.8,4.0,67.33
2020-11-27 15:00:00,533,705,131,29.6,3.9,67.63
2020-11-27 15:30:00,435,650,121,29.200000000000003,3.6,69.2
2020-11-27 16:00:00,154,22,146,28.8,3.3000000000000003,72.03
2020-11-27 16:30:00,100,2,99,28.0,2.8000000000000003,75.44
2020-11-27 17:00:00,66,26,61,27.200000000000003,2.3000000000000003,82.84
2020-11-27 17:30:00,15,0,15,26.5,2.2,86.31
2020-11-28 07:00:00,83,337,40,22.9,3.4000000000000004,92.54
2020-11-28 07:30:00,187,525,62,23.700000000000003,3.8,88.28
2020-11-28 08:00:00,299,644,77,24.5,4.2,83.68
2020-11-28 08:30:00,410,722,88,25.3,4.4,79.8
2020-11-28 09:00:00,514,778,97,26.1,4.5,77.19
2020-11-28 09:30:00,607,817,103,26.8,4.5,74.08
2020-11-28 10:00:00,687,842,110,27.6,4.5,72.31
2020-11-28 10:30:00,753,863,114,28.1,4.4,70.17
2020-11-28 11:00:00,802,878,117,28.700000000000003,4.3,69.18
2020-11-28 11:30:00,833,885,119,29.1,4.1000000000000005,67.54
2020-11-28 12:00:00,846,888,119,29.5,4.0,67.12
2020-11-28 12:30:00,841,887,120,29.8,3.9,65.91
2020-11-28 13:00:00,806,830,148,30.0,3.7,65.95
2020-11-28 13:30:00,764,817,145,30.0,3.6,65.89
2020-11-28 14:00:00,702,786,145,30.1,3.5,66.09
2020-11-28 14:30:00,627,757,139,30.0,3.4000000000000004,66.41
2020-11-28 15:00:00,537,707,135,29.9,3.3000000000000003,67.35
2020-11-28 15:30:00,438,652,123,29.5,3.1,68.91
2020-11-28 16:00:00,338,636,93,29.200000000000003,2.9000000000000004,71.68
2020-11-28 16:30:00,227,531,77,28.4,2.4000000000000004,75.14
2020-11-28 17:00:00,118,357,57,27.6,2.0,82.33
2020-11-28 17:30:00,30,120,23,26.700000000000003,1.9,86.77
2020-11-29 07:00:00,69,219,42,23.200000000000003,3.0,91.8
2020-11-29 07:30:00,126,148,91,23.8,3.5,88.55
2020-11-29 08:00:00,214,223,137,24.4,4.0,82.77
2020-11-29 08:30:00,340,404,161,25.1,4.3,79.4
2020-11-29 09:00:00,500,725,112,25.700000000000003,4.5,74.33
2020-11-29 09:30:00,472,336,266,26.200000000000003,4.6000000000000005,72.18
2020-11-29 10:00:00,583,463,267,26.8,4.7,69.54
2020-11-29 10:30:00,644,489,283,27.3,4.7,67.53
2020-11-29 11:00:00,702,529,290,27.700000000000003,4.6000000000000005,66.93
2020-11-29 11:30:00,685,410,355,28.1,4.6000000000000005,65.39
2020-11-29 12:00:00,680,372,377,28.4,4.5,65.51
2020-11-29 12:30:00,659,340,384,28.6,4.4,64.76
2020-11-29 13:00:00,644,348,369,28.8,4.3,65.15
2020-11-29 13:30:00,617,360,344,28.8,4.2,65.08
2020-11-29 14:00:00,591,412,300,28.8,4.2,66.03
2020-11-29 14:30:00,505,347,281,28.700000000000003,4.0,66.41
2020-11-29 15:00:00,313,96,258,28.6,3.9,67.6
2020-11-29 15:30:00,292,160,214,28.200000000000003,3.6,69.18
2020-11-29 16:00:00,215,134,164,27.9,3.4000000000000004,72.43
2020-11-29 16:30:00,159,171,111,27.200000000000003,2.9000000000000004,75.44
2020-11-29 17:00:00,82,109,64,26.4,2.5,82.56
2020-11-29 17:30:00,22,13,21,25.700000000000003,2.4000000000000004,86.12
2020-11-30 07:00:00,40,0,40,22.0,3.2,88.82000000000001
2020-11-30 07:30:00,100,47,89,22.4,3.6,86.69
2020-11-30 08:00:00,287,598,83,22.8,4.0,82.47
2020-11-30 08:30:00,159,8,155,23.3,4.2,80.10000000000001
2020-11-30 09:00:00,209,19,199,23.8,4.4,77.05
2020-11-30 09:30:00,442,268,278,24.200000000000003,4.4,75.23
2020-11-30 10:00:00,670,802,124,24.6,4.4,74.01
2020-11-30 10:30:00,578,322,341,25.1,4.4,71.78
2020-11-30 11:00:00,783,842,130,25.5,4.4,71.36
2020-11-30 11:30:00,816,852,132,25.9,4.4,69.62
2020-11-30 12:00:00,657,330,388,26.4,4.4,69.21000000000001
2020-11-30 12:30:00,635,297,394,26.8,4.4,67.54
2020-11-30 13:00:00,542,181,399,27.200000000000003,4.4,67.76
2020-11-30 13:30:00,761,849,120,27.5,4.4,66.58
2020-11-30 14:00:00,530,278,334,27.9,4.3,66.76
2020-11-30 14:30:00,630,807,110,28.0,4.2,66.37
2020-11-30 15:00:00,543,775,103,28.1,4.1000000000000005,67.44
2020-11-30 15:30:00,445,726,94,27.8,3.9,68.62
2020-11-30 16:00:00,338,660,83,27.6,3.6,71.68
2020-11-30 16:30:00,227,559,70,26.9,3.1,74.67
2020-11-30 17:00:00,120,407,50,26.1,2.5,82.47
2020-11-30 17:30:00,31,164,21,25.3,2.4000000000000004,86.55
2020-12-01 07:00:00,22,0,22,21.3,2.9000000000000004,88.29
2020-12-01 07:30:00,54,0,54,21.700000000000003,3.1,86.16
2020-12-01 08:00:00,204,196,137,22.0,3.3000000000000003,82.75
2020-12-01 08:30:00,233,100,189,22.5,3.5,80.28
2020-12-01 09:00:00,502,782,88,23.0,3.7,77.63
2020-12-01 09:30:00,332,88,279,23.5,3.8,75.33
2020-12-01 10:00:00,368,79,314,24.0,3.8,74.71000000000001
2020-12-01 10:30:00,430,103,355,24.5,3.9,72.52
2020-12-01 11:00:00,356,37,328,25.1,4.0,72.4
2020-12-01 11:30:00,513,136,404,25.6,4.1000000000000005,70.29
2020-12-01 12:00:00,656,332,387,26.200000000000003,4.2,70.36
2020-12-01 12:30:00,587,222,408,26.6,4.2,68.73
2020-12-01 13:00:00,645,353,366,27.0,4.3,69.25
2020-12-01 13:30:00,757,837,126,27.200000000000003,4.3,68.38
2020-12-01 14:00:00,697,808,127,27.4,4.2,69.21000000000001
2020-12-01 14:30:00,472,275,296,27.3,4.1000000000000005,69.61
2020-12-01 15:00:00,311,94,258,27.200000000000003,3.9,71.13
2020-12-01 15:30:00,177,11,171,26.9,3.6,72.39
2020-12-01 16:00:00,152,20,145,26.6,3.3000000000000003,75.69
2020-12-01 16:30:00,50,0,50,25.9,2.8000000000000003,78.87
2020-12-01 17:00:00,25,0,25,25.200000000000003,2.3000000000000003,85.94
2020-12-02 07:00:00,72,282,39,22.200000000000003,2.5,91.84
2020-12-02 07:30:00,173,476,63,22.700000000000003,2.8000000000000003,89.10000000000001
2020-12-02 08:00:00,281,588,83,23.200000000000003,3.0,85.15
2020-12-02 08:30:00,390,672,96,23.700000000000003,3.3000000000000003,82.63
2020-12-02 09:00:00,489,717,111,24.200000000000003,3.5,79.8
2020-12-02 09:30:00,582,760,120,24.700000000000003,3.5,77.45
2020-12-02 10:00:00,657,769,137,25.200000000000003,3.6,76.83
2020-12-02 10:30:00,722,793,142,25.700000000000003,3.5,74.59
2020-12-02 11:00:00,369,43,336,26.200000000000003,3.4000000000000004,74.92
2020-12-02 11:30:00,334,26,314,26.6,3.3000000000000003,73.18
2020-12-02 12:00:00,327,23,309,27.1,3.2,73.84
2020-12-02 12:30:00,255,11,246,27.4,3.2,72.49
2020-12-02 13:00:00,380,44,345,27.8,3.1,73.3
2020-12-02 13:30:00,325,29,303,28.0,3.1,72.38
2020-12-02 14:00:00,459,160,346,28.200000000000003,3.1,73.06
2020-12-02 14:30:00,470,271,296,28.200000000000003,3.0,73.06
2020-12-02 15:00:00,237,26,222,28.200000000000003,3.0,74.01
2020-12-02 15:30:00,258,96,212,27.9,2.8000000000000003,75.31
2020-12-02 16:00:00,241,209,161,27.700000000000003,2.6,77.77
2020-12-02 16:30:00,222,496,81,27.1,2.1,80.62
2020-12-02 17:00:00,79,83,64,26.5,1.7000000000000002,87.10000000000001
2020-12-02 17:30:00,19,0,19,25.8,1.6,90.76
2020-12-03 07:00:00,28,0,28,22.5,3.0,91.03
2020-12-03 07:30:00,72,0,72,23.1,3.5,87.8
2020-12-03 08:00:00,105,0,105,23.700000000000003,3.9,82.41
2020-12-03 08:30:00,182,29,169,24.4,4.2,79.11
2020-12-03 09:00:00,244,47,219,25.1,4.5,75.71000000000001
2020-12-03 09:30:00,586,788,109,25.8,4.6000000000000005,72.64
2020-12-03 10:00:00,666,815,117,26.5,4.7,70.84
2020-12-03 10:30:00,732,837,121,27.0,4.6000000000000005,68.8
2020-12-03 11:00:00,434,84,370,27.5,4.5,68.12
2020-12-03 11:30:00,812,857,128,27.9,4.4,66.49
2020-12-03 12:00:00,825,855,133,28.200000000000003,4.3,66.59
2020-12-03 12:30:00,820,854,132,28.4,4.1000000000000005,65.76
2020-12-03 13:00:00,794,833,139,28.700000000000003,4.0,65.58
2020-12-03 13:30:00,754,821,136,28.700000000000003,3.9,65.51
2020-12-03 14:00:00,694,790,138,28.8,3.8,65.63
2020-12-03 14:30:00,622,763,132,28.6,3.8,66.39
2020-12-03 15:00:00,534,717,127,28.5,3.7,66.99
2020-12-03 15:30:00,437,664,117,28.1,3.4000000000000004,68.56
2020-12-03 16:00:00,330,576,107,27.8,3.0,71.3
2020-12-03 16:30:00,158,160,113,27.0,2.5,74.71000000000001
2020-12-03 17:00:00,117,318,61,26.200000000000003,2.0,82.51
2020-12-03 17:30:00,30,103,23,25.5,1.9,86.07000000000001
2020-12-04 07:00:00,45,44,40,20.5,3.5,89.47
2020-12-04 07:30:00,167,426,71,21.200000000000003,4.0,85.79
2020-12-04 08:00:00,277,562,91,21.9,4.6000000000000005,78.71000000000001
2020-12-04 08:30:00,386,649,106,22.6,4.7,75.44
2020-12-04 09:00:00,490,716,115,23.4,4.9,71.49
2020-12-04 09:30:00,583,761,124,24.200000000000003,4.800000000000001,68.15
2020-12-04 10:00:00,661,776,140,24.9,4.7,66.31
2020-12-04 10:30:00,727,799,145,25.5,4.6000000000000005,63.93
2020-12-04 11:00:00,775,814,149,26.0,4.5,63.36
2020-12-04 11:30:00,808,824,152,26.4,4.3,61.82
2020-12-04 12:00:00,821,826,153,26.8,4.2,61.7
2020-12-04 12:30:00,816,824,153,27.1,4.1000000000000005,60.57
2020-12-04 13:00:00,789,799,161,27.3,3.9,60.88
2020-12-04 13:30:00,749,786,158,27.4,3.9,60.47
2020-12-04 14:00:00,690,760,155,27.4,3.8,61.11
2020-12-04 14:30:00,617,730,148,27.3,3.7,61.46
2020-12-04 15:00:00,531,689,140,27.200000000000003,3.6,62.18
2020-12-04 15:30:00,434,634,128,26.8,3.4000000000000004,63.65
2020-12-04 16:00:00,329,563,111,26.5,3.2,65.92
2020-12-04 16:30:00,221,458,91,25.6,2.7,69.51
2020-12-04 17:00:00,117,314,62,24.700000000000003,2.2,78.37
2020-12-04 17:30:00,30,105,24,23.9,2.1,82.2
2020-12-05 07:00:00,67,234,41,18.9,3.4000000000000004,86.09
2020-12-05 07:30:00,167,426,72,19.6,3.8,82.43
2020-12-05 08:00:00,277,564,91,20.3,4.2,76.59
2020-12-05 08:30:00,387,653,107,21.200000000000003,4.2,72.47
2020-12-05 09:00:00,492,722,116,22.0,4.3,69.63
2020-12-05 09:30:00,586,767,125,22.8,4.1000000000000005,66.34
2020-12-05 10:00:00,668,802,130,23.6,4.0,64.81
2020-12-05 10:30:00,735,826,135,24.200000000000003,3.8,62.46
2020-12-05 11:00:00,785,843,139,24.9,3.7,61.71
2020-12-05 11:30:00,818,853,141,25.3,3.5,60.21
2020-12-05 12:00:00,833,856,142,25.8,3.4000000000000004,60.05
2020-12-05 12:30:00,827,854,141,26.1,3.3000000000000003,58.93
2020-12-05 13:00:00,805,851,137,26.3,3.3000000000000003,59.4
2020-12-05 13:30:00,764,839,134,26.4,3.2,59.05
2020-12-05 14:00:00,707,821,130,26.6,3.2,59.15
2020-12-05 14:30:00,634,794,124,26.5,3.2,59.5
2020-12-05 15:00:00,547,760,116,26.4,3.2,60.63
2020-12-05 15:30:00,449,709,106,26.1,3.1,61.7
2020-12-05 16:00:00,344,650,92,25.8,2.9000000000000004,64.36
2020-12-05 16:30:00,233,550,76,24.8,2.5,68.28
2020-12-05 17:00:00,124,404,54,23.9,2.0,78.06
2020-12-05 17:30:00,34,169,23,23.0,2.0,82.47
2020-12-06 07:00:00,67,262,38,19.0,3.1,89.28
2020-12-06 07:30:00,167,459,66,20.0,3.4000000000000004,83.92
2020-12-06 08:00:00,204,230,129,20.9,3.7,77.95
2020-12-06 08:30:00,331,423,150,22.0,3.7,72.96000000000001
2020-12-06 09:00:00,416,430,193,23.0,3.7,69.64
2020-12-06 09:30:00,504,462,227,23.9,3.6,65.98
2020-12-06 10:00:00,612,611,205,24.8,3.4000000000000004,64.46000000000001
2020-12-06 10:30:00,672,605,234,25.4,3.3000000000000003,62.2
2020-12-06 11:00:00,679,506,292,26.1,3.1,61.58
2020-12-06 11:30:00,683,436,337,26.5,3.0,60.09
2020-12-06 12:00:00,691,423,350,26.9,3.0,60.05
2020-12-06 12:30:00,705,474,324,27.200000000000003,2.9000000000000004,59.01
2020-12-06 13:00:00,701,512,300,27.4,2.9000000000000004,59.17
2020-12-06 13:30:00,664,505,284,27.5,2.9000000000000004,58.82
2020-12-06 14:00:00,604,463,278,27.5,2.9000000000000004,59.370000000000005
2020-12-06 14:30:00,503,347,280,27.4,2.8000000000000003,59.72
2020-12-06 15:00:00,433,339,240,27.3,2.8000000000000003,60.71
2020-12-06 15:30:00,361,351,192,26.9,2.7,62.14
2020-12-06 16:00:00,303,453,127,26.6,2.5,65.11
2020-12-06 16:30:00,202,380,94,25.6,2.1,69.06
2020-12-06 17:00:00,111,302,58,24.6,1.7000000000000002,79.09
2020-12-06 17:30:00,32,133,24,23.6,1.7000000000000002,83.96000000000001
2020-12-07 07:00:00,67,296,35,18.9,2.5,89.13
2020-12-07 07:30:00,93,47,83,19.9,2.6,83.86
2020-12-07 08:00:00,282,633,76,21.0,2.6,81.26
2020-12-07 08:30:00,394,717,89,22.200000000000003,2.8000000000000003,75.53
2020-12-07 09:00:00,499,780,97,23.5,3.1,73.43
2020-12-07 09:30:00,596,823,104,24.6,3.1,68.76
2020-12-07 10:00:00,672,825,122,25.700000000000003,3.1,66.87
2020-12-07 10:30:00,740,849,127,26.4,3.0,64.11
2020-12-07 11:00:00,792,867,129,27.200000000000003,2.9000000000000004,62.52
2020-12-07 11:30:00,645,348,370,27.6,2.8000000000000003,61.02
2020-12-07 12:00:00,840,882,131,28.0,2.7,60.57
2020-12-07 12:30:00,837,881,131,28.3,2.6,59.47
2020-12-07 13:00:00,584,250,388,28.5,2.5,59.49
2020-12-07 13:30:00,531,212,372,28.6,2.5,59.08
2020-12-07 14:00:00,711,815,138,28.700000000000003,2.5,59.33
2020-12-07 14:30:00,638,788,132,28.5,2.5,60.02
2020-12-07 15:00:00,551,752,123,28.4,2.5,61.05
2020-12-07 15:30:00,344,295,202,28.1,2.3000000000000003,62.18
2020-12-07 16:00:00,345,630,99,27.700000000000003,2.2,65.66
2020-12-07 16:30:00,126,49,112,26.700000000000003,1.9,69.61
2020-12-07 17:00:00,63,4,62,25.700000000000003,1.7000000000000002,78.64
2020-12-07 17:30:00,17,0,17,24.700000000000003,1.7000000000000002,83.52
2020-12-08 07:00:00,63,254,36,20.5,3.1,90.25
2020-12-08 07:30:00,162,454,64,21.5,3.4000000000000004,84.89
2020-12-08 08:00:00,130,24,122,22.5,3.7,80.22
2020-12-08 08:30:00,382,676,96,23.5,3.9,75.52
2020-12-08 09:00:00,486,742,104,24.5,4.0,72.16
2020-12-08 09:30:00,581,787,113,25.3,3.9,68.81
2020-12-08 10:00:00,655,781,136,26.200000000000003,3.7,67.19
2020-12-08 10:30:00,722,806,142,26.9,3.5,64.43
2020-12-08 11:00:00,773,824,144,27.700000000000003,3.3000000000000003,63.52
2020-12-08 11:30:00,806,835,147,28.1,3.1,62.0
2020-12-08 12:00:00,822,839,148,28.6,2.9000000000000004,61.81
2020-12-08 12:30:00,818,838,148,28.9,2.8000000000000003,60.69
2020-12-08 13:00:00,546,194,395,29.1,2.7,60.93
2020-12-08 13:30:00,462,122,370,29.1,2.7,60.93
2020-12-08 14:00:00,325,39,297,29.200000000000003,2.7,61.35
2020-12-08 14:30:00,290,37,266,29.1,2.7,61.7
2020-12-08 15:00:00,534,686,144,29.0,2.7,62.78
2020-12-08 15:30:00,129,0,129,28.6,2.5,64.24
2020-12-08 16:00:00,169,38,154,28.200000000000003,2.3000000000000003,67.36
2020-12-08 16:30:00,85,0,85,27.3,2.0,70.98
2020-12-08 17:00:00,119,276,69,26.4,1.6,79.32000000000001
2020-12-08 17:30:00,32,85,26,25.6,1.6,83.15
2020-12-09 07:00:00,58,174,40,21.0,3.3000000000000003,90.3
2020-12-09 07:30:00,155,363,78,21.9,3.4000000000000004,85.48
2020-12-09 08:00:00,265,509,101,22.8,3.6,79.96000000000001
2020-12-09 08:30:00,374,603,120,23.700000000000003,3.6,75.75
2020-12-09 09:00:00,479,681,130,24.700000000000003,3.6,71.32000000000001
2020-12-09 09:30:00,573,729,141,25.5,3.5,68.01
2020-12-09 10:00:00,657,775,144,26.3,3.4000000000000004,66.5
2020-12-09 10:30:00,725,800,150,26.9,3.2,64.14
2020-12-09 11:00:00,776,814,156,27.5,3.1,63.31
2020-12-09 11:30:00,810,825,159,27.9,3.0,61.8
2020-12-09 12:00:00,825,826,163,28.3,3.0,61.28
2020-12-09 12:30:00,822,825,162,28.4,2.9000000000000004,60.86
2020-12-09 13:00:00,793,785,180,28.6,2.9000000000000004,60.52
2020-12-09 13:30:00,755,773,176,28.6,2.8000000000000003,60.52
2020-12-09 14:00:00,697,748,172,28.700000000000003,2.8000000000000003,60.19
2020-12-09 14:30:00,625,718,165,28.5,2.7,60.89
2020-12-09 15:00:00,539,674,155,28.4,2.6,61.35
2020-12-09 15:30:00,442,618,142,28.0,2.4000000000000004,62.78
2020-12-09 16:00:00,334,526,129,27.700000000000003,2.2,65.04
2020-12-09 16:30:00,226,421,104,26.8,1.9,68.55
2020-12-09 17:00:00,121,268,73,25.9,1.5,77.56
2020-12-09 17:30:00,32,84,26,25.1,1.5,81.39
2020-12-10 07:00:00,63,254,37,19.5,2.4000000000000004,91.21
2020-12-10 07:30:00,165,462,67,20.5,2.2,85.83
2020-12-10 08:00:00,278,601,87,21.4,2.1,84.35000000000001
2020-12-10 08:30:00,390,691,101,23.0,2.3000000000000003,76.55
2020-12-10 09:00:00,497,759,111,24.6,2.6,70.35000000000001
2020-12-10 09:30:00,595,804,120,25.700000000000003,2.6,65.9
2020-12-10 10:00:00,671,803,141,26.9,2.7,61.56
2020-12-10 10:30:00,740,828,147,27.4,2.6,59.79
2020-12-10 11:00:00,790,840,152,28.0,2.5,58.7
2020-12-10 11:30:00,825,851,155,28.3,2.5,57.63
2020-12-10 12:00:00,839,852,157,28.700000000000003,2.4000000000000004,57.09
2020-12-10 12:30:00,836,851,157,28.9,2.3000000000000003,56.38
2020-12-10 13:00:00,808,822,166,29.0,2.2,56.55
2020-12-10 13:30:00,767,807,162,29.1,2.2,56.23
2020-12-10 14:00:00,710,786,158,29.1,2.1,56.69
2020-12-10 14:30:00,635,755,150,28.9,2.1,57.34
2020-12-10 15:00:00,549,717,141,28.8,2.0,58.24
2020-12-10 15:30:00,450,661,129,28.5,1.9,59.25
2020-12-10 16:00:00,343,590,112,28.200000000000003,1.7000000000000002,61.78
2020-12-10 16:30:00,233,487,92,27.200000000000003,1.5,65.48
2020-12-10 17:00:00,126,345,64,26.200000000000003,1.3,74.92
2020-12-10 17:30:00,35,133,26,25.200000000000003,1.3,79.47
2020-12-11 07:00:00,56,235,33,21.200000000000003,2.2,88.46000000000001
2020-12-11 07:30:00,93,65,80,22.1,2.2,83.82000000000001
2020-12-11 08:00:00,145,58,126,23.1,2.2,80.51
2020-12-11 08:30:00,217,94,178,24.5,2.5,74.03
2020-12-11 09:00:00,255,69,220,25.9,2.7,69.09
2020-12-11 09:30:00,401,219,272,26.9,2.8000000000000003,65.15
2020-12-11 10:00:00,635,749,141,27.9,2.9000000000000004,62.75
2020-12-11 10:30:00,703,775,149,28.5,2.9000000000000004,60.61
2020-12-11 11:00:00,752,786,156,29.0,2.8000000000000003,60.76
2020-12-11 11:30:00,786,797,159,29.4,2.7,59.38
2020-12-11 12:00:00,801,796,164,29.700000000000003,2.6,60.34
2020-12-11 12:30:00,798,795,164,29.9,2.5,59.65
2020-12-11 13:00:00,773,766,175,30.1,2.4000000000000004,60.33
2020-12-11 13:30:00,734,752,171,30.1,2.3000000000000003,60.33
2020-12-11 14:00:00,679,721,172,30.1,2.2,61.28
2020-12-11 14:30:00,608,691,165,29.9,2.1,61.99
2020-12-11 15:00:00,525,650,155,29.8,1.9,63.38
2020-12-11 15:30:00,430,595,141,29.5,1.7000000000000002,64.48
2020-12-11 16:00:00,327,513,125,29.200000000000003,1.5,67.92
2020-12-11 16:30:00,221,411,102,28.4,1.3,71.13
2020-12-11 17:00:00,119,271,69,27.6,1.1,79.35000000000001
2020-12-11 17:30:00,32,90,26,26.8,1.0,83.23
2020-12-12 07:00:00,52,174,35,22.9,1.9,91.01
2020-12-12 07:30:00,145,365,69,23.700000000000003,1.9,86.82000000000001
2020-12-12 08:00:00,251,504,93,24.5,1.8,84.15
2020-12-12 08:30:00,357,597,110,25.700000000000003,1.7000000000000002,78.37
2020-12-12 09:00:00,460,668,122,27.0,1.7000000000000002,74.12
2020-12-12 09:30:00,552,716,132,28.0,1.7000000000000002,69.92
2020-12-12 10:00:00,633,751,140,29.1,1.7000000000000002,67.51
2020-12-12 10:30:00,699,776,146,29.700000000000003,1.5,65.22
2020-12-12 11:00:00,750,787,155,30.200000000000003,1.4,65.28
2020-12-12 11:30:00,784,798,157,30.5,1.3,64.18
2020-12-12 12:00:00,798,794,164,30.8,1.1,64.25
2020-12-12 12:30:00,798,793,165,30.9,1.0,63.89
2020-12-12 13:00:00,778,787,164,31.0,0.8,63.82
2020-12-12 13:30:00,278,17,265,31.0,0.8,63.76
2020-12-12 14:00:00,681,735,165,30.9,0.7000000000000001,64.05
2020-12-12 14:30:00,80,0,80,30.8,0.6000000000000001,64.41
2020-12-12 15:00:00,146,0,146,30.6,0.6000000000000001,65.17
2020-12-12 15:30:00,430,588,144,30.4,0.5,65.91
2020-12-12 16:00:00,324,472,138,30.1,0.5,68.99
2020-12-12 16:30:00,219,371,111,29.6,0.5,70.99
2020-12-12 17:00:00,37,0,37,29.1,0.5,75.52
2020-12-12 17:30:00,31,63,26,28.6,0.5,77.73
2020-12-13 07:00:00,45,89,36,24.6,1.5,93.57
2020-12-13 07:30:00,134,237,85,25.200000000000003,1.6,90.29
2020-12-13 08:00:00,237,372,121,25.700000000000003,1.7000000000000002,87.36
2020-12-13 08:30:00,341,467,149,26.4,1.7000000000000002,83.83
2020-12-13 09:00:00,442,546,167,27.1,1.7000000000000002,81.2
2020-12-13 09:30:00,533,600,182,27.8,1.7000000000000002,77.95
2020-12-13 10:00:00,610,622,203,28.4,1.6,76.32000000000001
2020-12-13 10:30:00,676,652,212,28.9,1.5,74.14
2020-12-13 11:00:00,727,682,211,29.4,1.4,73.07000000000001
2020-12-13 11:30:00,381,45,346,29.700000000000003,1.2000000000000002,71.82000000000001
2020-12-13 12:00:00,778,698,221,30.0,1.0,70.93
2020-12-13 12:30:00,204,6,199,30.0,0.8,70.93
2020-12-13 13:00:00,153,0,152,30.1,0.6000000000000001,70.11
2020-12-13 13:30:00,161,1,160,30.1,0.4,70.11
2020-12-13 14:00:00,60,0,60,30.1,0.3,69.92
2020-12-13 14:30:00,125,0,125,29.9,0.3,70.73
2020-12-13 15:00:00,45,0,45,29.8,0.2,71.78
2020-12-13 15:30:00,247,73,211,29.6,0.3,72.61
2020-12-13 16:00:00,17,0,17,29.4,0.3,75.13
2020-12-13 16:30:00,10,0,10,29.0,0.3,76.88
2020-12-14 07:00:00,43,103,34,24.9,0.8,94.92
2020-12-14 07:30:00,132,262,79,25.4,0.8,92.23
2020-12-14 08:00:00,234,392,113,26.0,0.8,89.41
2020-12-14 08:30:00,165,22,156,26.8,0.7000000000000001,85.31
2020-12-14 09:00:00,224,39,204,27.6,0.6000000000000001,83.06
2020-12-14 09:30:00,529,611,172,28.1,0.7000000000000001,80.69
2020-12-14 10:00:00,516,351,287,28.6,0.7000000000000001,79.59
2020-12-14 10:30:00,576,365,317,29.0,0.8,77.7
2020-12-14 11:00:00,525,197,377,29.3,0.9,76.84
2020-12-14 11:30:00,346,31,322,29.5,1.0,75.89
2020-12-14 12:00:00,358,33,332,29.700000000000003,1.1,75.24
2020-12-14 12:30:00,325,23,307,29.700000000000003,1.1,75.16
2020-12-14 13:00:00,628,332,368,29.8,1.1,74.77
2020-12-14 13:30:00,82,0,82,29.8,1.1,74.7
2020-12-14 14:00:00,553,328,322,29.8,1.1,74.88
2020-12-14 14:30:00,58,0,58,29.700000000000003,1.0,75.31
2020-12-14 15:00:00,244,30,227,29.5,1.0,77.22
2020-12-14 15:30:00,91,0,91,29.4,0.9,77.66
2020-12-14 16:00:00,138,3,137,29.200000000000003,0.8,80.2
2020-12-14 16:30:00,39,0,39,28.8,0.7000000000000001,82.15
2020-12-14 17:00:00,22,0,22,28.3,0.6000000000000001,87.55
2020-12-14 17:30:00,10,0,10,28.0,0.6000000000000001,89.09
2020-12-15 07:00:00,20,0,20,25.0,1.8,96.29
2020-12-15 07:30:00,60,0,60,25.4,2.0,94.04
2020-12-15 08:00:00,114,9,112,25.9,2.2,92.68
2020-12-15 08:30:00,171,29,159,26.6,2.3000000000000003,88.94
2020-12-15 09:00:00,232,48,208,27.3,2.4000000000000004,85.88
2020-12-15 09:30:00,433,305,255,27.8,2.6,83.42
2020-12-15 10:00:00,606,646,185,28.3,2.7,80.38
2020-12-15 10:30:00,535,279,337,28.6,2.7,79.0
2020-12-15 11:00:00,727,701,199,28.9,2.7,77.89
2020-12-15 11:30:00,331,26,310,29.0,2.6,77.37
2020-12-15 12:00:00,403,52,362,29.1,2.6,77.22
2020-12-15 12:30:00,202,6,197,29.1,2.5,77.14
2020-12-15 13:00:00,344,31,320,29.1,2.3000000000000003,77.41
2020-12-15 13:30:00,414,78,355,28.9,2.3000000000000003,78.23
2020-12-15 14:00:00,508,239,340,28.8,2.2,78.88
2020-12-15 14:30:00,494,317,289,28.6,2.1,79.79
2020-12-15 15:00:00,299,76,256,28.4,2.0,81.39
2020-12-15 15:30:00,299,163,219,28.1,1.9,82.81
2020-12-15 16:00:00,228,147,170,27.8,1.8,85.52
2020-12-15 16:30:00,218,350,115,27.3,1.6,88.05
2020-12-15 17:00:00,119,232,75,26.8,1.4,91.88
2020-12-15 17:30:00,33,73,28,26.5,1.5,93.51
2020-12-16 07:00:00,45,141,33,23.9,2.7,94.58
2020-12-16 07:30:00,51,0,51,24.1,3.1,93.45
2020-12-16 08:00:00,241,477,95,24.4,3.5,88.05
2020-12-16 08:30:00,346,574,113,24.9,3.7,85.47
2020-12-16 09:00:00,189,14,182,25.3,3.9,79.55
2020-12-16 09:30:00,57,0,57,25.9,3.8,76.78
2020-12-16 10:00:00,442,201,311,26.5,3.8,73.45
2020-12-16 10:30:00,680,704,181,26.8,3.6,72.10000000000001
2020-12-16 11:00:00,470,129,373,27.1,3.4000000000000004,71.8
2020-12-16 11:30:00,129,0,129,27.3,3.3000000000000003,70.97
2020-12-16 12:00:00,505,130,402,27.4,3.2,71.7
2020-12-16 12:30:00,244,10,236,27.5,3.0,71.29
2020-12-16 13:00:00,340,30,317,27.6,2.9000000000000004,71.95
2020-12-16 13:30:00,340,35,314,27.700000000000003,2.8000000000000003,71.53
2020-12-16 14:00:00,604,456,283,27.8,2.7,72.11
2020-12-16 14:30:00,524,392,271,27.9,2.6,71.69
2020-12-16 15:00:00,354,152,267,28.0,2.5,72.56
2020-12-16 15:30:00,228,49,204,27.9,2.3000000000000003,72.98
2020-12-16 16:00:00,188,60,164,27.8,2.1,75.56
2020-12-16 16:30:00,194,286,110,27.4,1.7000000000000002,77.34
2020-12-16 17:00:00,107,202,68,26.9,1.3,83.92
2020-12-16 17:30:00,33,63,28,26.6,1.2000000000000002,85.41
2020-12-17 07:00:00,48,240,28,22.700000000000003,2.8000000000000003,87.17
2020-12-17 07:30:00,143,459,52,23.3,3.1,84.08
2020-12-17 08:00:00,251,600,69,23.9,3.5,78.05
2020-12-17 08:30:00,360,690,81,24.700000000000003,3.5,74.42
2020-12-17 09:00:00,464,754,90,25.5,3.6,70.51
2020-12-17 09:30:00,559,798,97,26.3,3.5,67.27
2020-12-17 10:00:00,636,801,116,27.1,3.4000000000000004,65.49
2020-12-17 10:30:00,705,826,121,27.700000000000003,3.3000000000000003,63.17
2020-12-17 11:00:00,756,840,125,28.4,3.1,62.34
2020-12-17 11:30:00,792,850,128,28.9,2.9000000000000004,60.56
2020-12-17 12:00:00,807,850,131,29.4,2.7,60.33
2020-12-17 12:30:00,724,531,301,29.6,2.6,59.58
2020-12-17 13:00:00,702,521,296,29.9,2.4000000000000004,59.76
2020-12-17 13:30:00,648,458,305,29.9,2.2,59.76
2020-12-17 14:00:00,224,9,218,29.9,2.0,60.53
2020-12-17 14:30:00,403,144,310,29.5,1.9,61.93
2020-12-17 15:00:00,297,72,256,29.1,1.8,64.49
2020-12-17 15:30:00,117,0,117,28.700000000000003,1.7000000000000002,65.99
2020-12-17 16:00:00,68,0,68,28.200000000000003,1.6,69.84
2020-12-17 16:30:00,186,238,115,27.6,1.5,72.32000000000001
2020-12-17 17:00:00,101,159,71,27.0,1.4,79.01
2020-12-17 17:30:00,31,39,28,26.4,1.3,81.92
2020-12-18 07:00:00,46,203,29,22.6,2.9000000000000004,86.99
2020-12-18 07:30:00,139,419,57,23.1,3.3000000000000003,84.4
2020-12-18 08:00:00,246,567,75,23.700000000000003,3.7,77.85000000000001
2020-12-18 08:30:00,354,660,88,24.4,3.7,74.66
2020-12-18 09:00:00,459,730,97,25.200000000000003,3.7,70.56
2020-12-18 09:30:00,554,777,105,26.0,3.6,67.3
2020-12-18 10:00:00,630,778,126,26.8,3.4000000000000004,65.56
2020-12-18 10:30:00,698,804,130,27.6,3.3000000000000003,62.57
2020-12-18 11:00:00,752,829,130,28.3,3.2,61.77
2020-12-18 11:30:00,788,840,133,28.9,3.1,59.67
2020-12-18 12:00:00,808,851,131,29.4,3.0,59.36
2020-12-18 12:30:00,807,851,131,29.700000000000003,2.9000000000000004,58.29
2020-12-18 13:00:00,786,832,137,30.0,2.8000000000000003,58.42
2020-12-18 13:30:00,749,820,134,30.1,2.8000000000000003,58.03
2020-12-18 14:00:00,697,807,128,30.200000000000003,2.8000000000000003,58.5
2020-12-18 14:30:00,628,781,123,30.0,2.7,59.17
2020-12-18 15:00:00,546,750,115,29.9,2.7,59.93
2020-12-18 15:30:00,452,702,106,29.4,2.5,61.67
2020-12-18 16:00:00,350,642,93,29.0,2.4000000000000004,64.69
2020-12-18 16:30:00,241,547,77,28.1,2.1,68.14
2020-12-18 17:00:00,136,416,56,27.200000000000003,1.8,75.84
2020-12-18 17:30:00,44,198,28,26.5,1.7000000000000002,79.01
2020-12-19 07:00:00,46,230,28,21.3,3.4000000000000004,83.38
2020-12-19 07:30:00,141,452,53,21.9,3.7,80.39
2020-12-19 08:00:00,249,595,70,22.6,4.1000000000000005,73.58
2020-12-19 08:30:00,358,687,83,23.5,4.1000000000000005,69.69
2020-12-19 09:00:00,462,749,92,24.4,4.1000000000000005,65.65
2020-12-19 09:30:00,557,795,100,25.200000000000003,4.0,62.61
2020-12-19 10:00:00,640,827,105,26.0,3.9,61.03
2020-12-19 10:30:00,709,850,110,26.700000000000003,3.8,58.57
2020-12-19 11:00:00,762,864,114,27.3,3.7,58.26
2020-12-19 11:30:00,798,874,117,27.8,3.5,56.59
2020-12-19 12:00:00,815,875,119,28.3,3.4000000000000004,56.53
2020-12-19 12:30:00,815,875,119,28.6,3.3000000000000003,55.56
2020-12-19 13:00:00,795,861,124,28.8,3.3000000000000003,56.02
2020-12-19 13:30:00,759,850,122,28.9,3.2,55.7
2020-12-19 14:00:00,705,833,118,28.9,3.2,56.44
2020-12-19 14:30:00,548,444,260,28.8,3.1,56.77
2020-12-19 15:00:00,537,685,142,28.700000000000003,3.1,57.6
2020-12-19 15:30:00,383,389,191,28.3,3.0,58.95
2020-12-19 16:00:00,318,466,131,28.0,2.9000000000000004,61.09
2020-12-19 16:30:00,228,453,91,27.0,2.5,64.75
2020-12-19 17:00:00,124,312,64,26.1,2.1,73.18
2020-12-19 17:30:00,46,218,28,25.200000000000003,2.0,77.17
2020-12-20 07:00:00,33,59,28,18.7,3.6,80.31
2020-12-20 07:30:00,106,191,70,19.6,4.1000000000000005,75.94
2020-12-20 08:00:00,189,254,114,20.4,4.5,70.43
2020-12-20 08:30:00,351,619,103,21.4,4.6000000000000005,66.24
2020-12-20 09:00:00,455,693,115,22.3,4.7,63.41
2020-12-20 09:30:00,551,743,124,23.200000000000003,4.6000000000000005,60.05
2020-12-20 10:00:00,633,772,135,24.1,4.5,58.85
2020-12-20 10:30:00,630,546,246,24.8,4.4,56.39
2020-12-20 11:00:00,755,813,146,25.5,4.3,56.2
2020-12-20 11:30:00,791,823,149,26.0,4.3,54.51
2020-12-20 12:00:00,809,827,152,26.5,4.2,54.93
2020-12-20 12:30:00,745,577,286,26.9,4.1000000000000005,53.61
2020-12-20 13:00:00,746,624,260,27.200000000000003,4.1000000000000005,54.23
2020-12-20 13:30:00,753,803,150,27.3,4.1000000000000005,53.91
2020-12-20 14:00:00,701,791,142,27.4,4.0,54.75
2020-12-20 14:30:00,607,659,181,27.3,4.0,55.07
2020-12-20 15:00:00,537,682,143,27.200000000000003,3.9,56.18
2020-12-20 15:30:00,424,543,155,26.9,3.8,57.18
2020-12-20 16:00:00,331,518,122,26.5,3.7,59.42
2020-12-20 16:30:00,212,351,105,25.6,3.2,62.65
2020-12-20 17:00:00,141,407,61,24.700000000000003,2.7,70.21000000000001
2020-12-20 17:30:00,47,197,31,23.8,2.6,74.08
2020-12-21 07:00:00,41,138,30,17.3,3.6,77.36
2020-12-21 07:30:00,132,335,69,18.1,4.1000000000000005,73.64
2020-12-21 08:00:00,239,474,98,18.9,4.6000000000000005,67.09
2020-12-21 08:30:00,348,576,119,19.9,4.7,63.06
2020-12-21 09:00:00,452,646,135,20.8,4.800000000000001,61.03
2020-12-21 09:30:00,547,699,146,21.700000000000003,4.800000000000001,57.76
2020-12-21 10:00:00,629,734,157,22.6,4.7,57.61
2020-12-21 10:30:00,700,763,164,23.4,4.7,54.84
2020-12-21 11:00:00,753,779,171,24.1,4.6000000000000005,55.35
2020-12-21 11:30:00,791,792,174,24.700000000000003,4.6000000000000005,53.35
2020-12-21 12:00:00,811,795,180,25.200000000000003,4.5,54.1
2020-12-21 12:30:00,810,795,178,25.6,4.5,52.78
2020-12-21 13:00:00,804,844,145,26.0,4.4,53.22
2020-12-21 13:30:00,768,833,143,26.1,4.4,52.91
2020-12-21 14:00:00,714,811,141,26.200000000000003,4.3,53.68
2020-12-21 14:30:00,645,785,135,26.1,4.3,54.0
2020-12-21 15:00:00,472,424,227,26.1,4.2,54.620000000000005
2020-12-21 15:30:00,440,620,132,25.700000000000003,4.1000000000000005,55.93
2020-12-21 16:00:00,345,582,109,25.4,4.0,57.65
2020-12-21 16:30:00,253,550,85,24.4,3.4000000000000004,61.18
2020-12-21 17:00:00,144,407,64,23.5,2.8000000000000003,69.01
2020-12-21 17:30:00,49,199,32,22.5,2.6,73.29
2020-12-22 07:00:00,40,153,29,16.7,3.1,82.81
2020-12-22 07:30:00,120,314,61,17.8,3.3000000000000003,77.34
2020-12-22 08:00:00,222,452,89,18.9,3.5,69.21000000000001
2020-12-22 08:30:00,304,426,136,20.0,3.6,64.65
2020-12-22 09:00:00,365,344,197,21.200000000000003,3.7,60.15
2020-12-22 09:30:00,455,393,231,22.200000000000003,3.8,56.6
2020-12-22 10:00:00,637,750,154,23.3,3.9,55.36
2020-12-22 10:30:00,708,779,161,24.1,3.9,52.72
2020-12-22 11:00:00,763,804,162,25.0,4.0,52.7
2020-12-22 11:30:00,801,817,165,25.6,4.1000000000000005,50.81
2020-12-22 12:00:00,821,831,161,26.200000000000003,4.1000000000000005,51.45
2020-12-22 12:30:00,822,831,161,26.6,4.1000000000000005,50.21
2020-12-22 13:00:00,808,838,154,27.0,4.1000000000000005,51.09
2020-12-22 13:30:00,770,824,151,27.1,4.0,50.8
2020-12-22 14:00:00,717,808,145,27.3,3.9,51.870000000000005
2020-12-22 14:30:00,648,782,139,27.200000000000003,3.7,52.17
2020-12-22 15:00:00,564,748,130,27.200000000000003,3.6,53.32
2020-12-22 15:30:00,469,699,120,26.8,3.4000000000000004,54.58
2020-12-22 16:00:00,363,633,106,26.4,3.1,58.09
2020-12-22 16:30:00,254,538,89,25.3,2.5,61.98
2020-12-22 17:00:00,145,406,64,24.1,2.0,72.86
2020-12-22 17:30:00,49,201,32,23.1,1.9,77.37
2020-12-23 07:00:00,33,80,27,18.1,2.6,87.9
2020-12-23 07:30:00,102,185,68,19.200000000000003,2.7,82.08
2020-12-23 08:00:00,183,240,112,20.4,2.8000000000000003,77.41
2020-12-23 08:30:00,286,352,147,21.700000000000003,2.9000000000000004,71.49
2020-12-23 09:00:00,354,313,201,23.0,3.1,67.99
2020-12-23 09:30:00,435,337,243,24.3,3.2,62.89
2020-12-23 10:00:00,536,431,259,25.5,3.4000000000000004,59.1
2020-12-23 10:30:00,599,446,286,26.3,3.5,56.38
2020-12-23 11:00:00,659,500,286,27.200000000000003,3.6,54.47
2020-12-23 11:30:00,689,495,305,27.700000000000003,3.6,52.91
2020-12-23 12:00:00,703,486,317,28.3,3.6,52.56
2020-12-23 12:30:00,677,399,359,28.6,3.6,51.61
2020-12-23 13:00:00,667,412,345,28.9,3.5,52.27
2020-12-23 13:30:00,609,346,348,29.0,3.4000000000000004,51.92
2020-12-23 14:00:00,585,387,310,29.200000000000003,3.3000000000000003,52.72
2020-12-23 14:30:00,473,258,306,29.1,3.2,53.02
2020-12-23 15:00:00,415,260,263,29.0,3.1,54.36
2020-12-23 15:30:00,357,289,212,28.6,2.9000000000000004,55.63
2020-12-23 16:00:00,202,74,172,28.200000000000003,2.7,59.06
2020-12-23 16:30:00,100,0,100,27.1,2.2,63.03
2020-12-23 17:00:00,55,0,55,25.9,1.7000000000000002,73.77
2020-12-23 17:30:00,22,0,22,24.9,1.6,78.27
2020-12-24 07:00:00,18,0,18,20.200000000000003,2.7,89.01
2020-12-24 07:30:00,64,0,64,21.0,2.8000000000000003,84.74
2020-12-24 08:00:00,76,0,76,21.700000000000003,2.9000000000000004,82.51
2020-12-24 08:30:00,228,154,168,22.700000000000003,3.2,77.65
2020-12-24 09:00:00,318,214,214,23.8,3.5,73.88
2020-12-24 09:30:00,545,757,114,24.9,3.6,69.19
2020-12-24 10:00:00,622,761,134,25.9,3.8,66.54
2020-12-24 10:30:00,692,788,140,26.700000000000003,3.8,63.48
2020-12-24 11:00:00,580,300,356,27.5,3.8,61.84
2020-12-24 11:30:00,558,215,391,28.1,3.8,59.72
2020-12-24 12:00:00,802,824,147,28.700000000000003,3.7,59.02
2020-12-24 12:30:00,509,134,402,29.0,3.6,57.95
2020-12-24 13:00:00,539,183,396,29.4,3.4000000000000004,57.93
2020-12-24 13:30:00,549,233,373,29.5,3.3000000000000003,57.54
2020-12-24 14:00:00,438,128,348,29.700000000000003,3.1,58.14
2020-12-24 14:30:00,629,750,140,29.6,3.0,58.47
2020-12-24 15:00:00,332,107,270,29.5,2.8000000000000003,59.8
2020-12-24 15:30:00,198,19,189,29.1,2.7,61.19
2020-12-24 16:00:00,90,0,90,28.8,2.5,63.98
2020-12-24 16:30:00,18,0,18,27.9,2.0,67.46000000000001
2020-12-24 17:00:00,10,0,10,26.9,1.6,76.57000000000001
2020-12-24 17:30:00,50,185,33,26.1,1.6,80.25
2020-12-25 07:00:00,30,58,26,22.4,2.8000000000000003,88.64
2020-12-25 07:30:00,96,154,68,23.200000000000003,3.2,84.46000000000001
2020-12-25 08:00:00,16,0,16,24.1,3.6,78.53
2020-12-25 08:30:00,32,0,32,24.700000000000003,3.7,75.84
2020-12-25 09:00:00,35,0,35,25.4,3.8,71.37
2020-12-25 09:30:00,44,0,44,25.6,3.8,70.54
2020-12-25 10:00:00,209,7,205,25.8,3.8,69.95
2020-12-25 10:30:00,205,6,201,25.8,3.8,69.95
2020-12-25 11:00:00,277,16,264,25.700000000000003,3.7,71.22
2020-12-25 11:30:00,109,0,109,25.6,3.7,71.64
2020-12-25 12:00:00,162,2,161,25.5,3.6,73.05
2020-12-25 12:30:00,292,17,279,25.5,3.5,73.05
2020-12-25 13:00:00,230,9,223,25.4,3.4000000000000004,74.56
2020-12-25 13:30:00,618,363,344,25.4,3.4000000000000004,74.56
2020-12-25 14:00:00,515,240,345,25.4,3.4000000000000004,75.44
2020-12-25 14:30:00,629,745,142,25.3,3.4000000000000004,75.81
2020-12-25 15:00:00,482,438,227,25.200000000000003,3.4000000000000004,77.0
2020-12-25 15:30:00,428,523,165,24.9,3.2,78.39
2020-12-25 16:00:00,291,314,162,24.6,3.0,80.72
2020-12-25 16:30:00,251,531,86,24.200000000000003,2.6,82.67
2020-12-25 17:00:00,120,220,74,23.700000000000003,2.1,87.69
2020-12-25 17:30:00,43,99,33,23.3,1.9,89.91
2020-12-26 07:00:00,25,7,25,22.9,2.6,88.78
2020-12-26 07:30:00,91,127,68,23.9,2.9000000000000004,83.60000000000001
2020-12-26 08:00:00,175,220,112,25.0,3.1,78.2
2020-12-26 08:30:00,341,653,86,26.1,3.2,73.28
2020-12-26 09:00:00,446,725,95,27.200000000000003,3.2,69.36
2020-12-26 09:30:00,542,773,103,28.1,3.1,65.82000000000001
2020-12-26 10:00:00,620,773,125,29.0,2.9000000000000004,63.64
2020-12-26 10:30:00,690,800,130,29.6,2.8000000000000003,61.48
2020-12-26 11:00:00,744,807,142,30.200000000000003,2.6,60.72
2020-12-26 11:30:00,782,820,144,30.6,2.4000000000000004,59.35
2020-12-26 12:00:00,800,818,150,30.9,2.2,59.44
2020-12-26 12:30:00,803,819,151,31.1,2.0,58.77
2020-12-26 13:00:00,438,79,376,31.200000000000003,1.8,59.05
2020-12-26 13:30:00,397,63,350,31.3,1.6,58.71
2020-12-26 14:00:00,700,770,152,31.3,1.5,58.88
2020-12-26 14:30:00,633,744,146,31.200000000000003,1.4,59.22
2020-12-26 15:00:00,305,73,263,31.1,1.3,59.620000000000005
2020-12-26 15:30:00,255,71,220,30.700000000000003,1.2000000000000002,60.99
2020-12-26 16:00:00,355,561,123,30.3,1.2000000000000002,63.8
2020-12-26 16:30:00,143,56,125,29.6,1.0,66.41
2020-12-26 17:00:00,69,0,69,28.8,0.8,74.95
2020-12-26 17:30:00,24,0,24,28.1,0.8,78.05
2020-12-27 07:00:00,33,136,24,24.200000000000003,1.2000000000000002,90.41
2020-12-27 07:30:00,121,354,58,25.3,1.2000000000000002,84.69
2020-12-27 08:00:00,227,511,81,26.4,1.3,79.14
2020-12-27 08:30:00,335,612,97,27.8,1.4,72.99
2020-12-27 09:00:00,441,687,109,29.1,1.6,67.89
2020-12-27 09:30:00,538,738,120,29.9,1.7000000000000002,64.78
2020-12-27 10:00:00,608,706,157,30.6,1.7000000000000002,62.43
2020-12-27 10:30:00,679,736,165,31.1,1.7000000000000002,60.68
2020-12-27 11:00:00,734,751,174,31.6,1.7000000000000002,59.120000000000005
2020-12-27 11:30:00,772,764,178,31.9,1.6,58.13
2020-12-27 12:00:00,483,109,396,32.2,1.5,57.08
2020-12-27 12:30:00,605,262,397,32.300000000000004,1.4,56.76
2020-12-27 13:00:00,70,0,70,32.4,1.3,56.07
2020-12-27 13:30:00,81,0,81,32.4,1.2000000000000002,56.07
2020-12-27 14:00:00,542,285,339,32.300000000000004,1.0,55.94
2020-12-27 14:30:00,623,674,180,32.1,0.9,56.57
2020-12-27 15:00:00,539,609,181,31.9,0.8,57.06
2020-12-27 15:30:00,77,0,77,31.5,0.7000000000000001,58.36
2020-12-27 16:00:00,28,0,28,31.200000000000003,0.7000000000000001,60.22
2020-12-27 16:30:00,221,345,112,30.6,0.6000000000000001,62.3
2020-12-27 17:00:00,136,215,91,30.0,0.6000000000000001,68.44
2020-12-27 17:30:00,46,79,38,29.4,0.6000000000000001,70.9
2020-12-28 07:00:00,27,73,22,24.6,0.9,91.95
2020-12-28 07:30:00,111,248,67,25.8,1.0,85.63
2020-12-28 08:00:00,214,399,100,26.9,1.1,79.82000000000001
2020-12-28 08:30:00,320,504,125,28.0,1.4,74.94
2020-12-28 09:00:00,424,585,142,29.200000000000003,1.6,69.96000000000001
2020-12-28 09:30:00,521,641,158,29.9,1.7000000000000002,67.21000000000001
2020-12-28 10:00:00,607,690,166,30.700000000000003,1.8,64.4
2020-12-28 10:30:00,295,26,276,31.200000000000003,1.8,62.54
2020-12-28 11:00:00,345,38,317,31.700000000000003,1.8,60.43
2020-12-28 11:30:00,300,19,285,32.0,1.6,59.36
2020-12-28 12:00:00,244,10,236,32.300000000000004,1.5,57.7
2020-12-28 12:30:00,313,20,296,32.4,1.4,57.32
2020-12-28 13:00:00,620,307,379,32.5,1.2000000000000002,56.47
2020-12-28 13:30:00,589,297,364,32.4,1.0,56.73
2020-12-28 14:00:00,167,1,166,32.300000000000004,0.9,56.870000000000005
2020-12-28 14:30:00,499,300,302,32.0,0.8,57.84
2020-12-28 15:00:00,392,197,276,31.8,0.7000000000000001,58.59
2020-12-28 15:30:00,351,251,223,31.4,0.6000000000000001,59.93
2020-12-28 16:00:00,333,332,194,31.1,0.6000000000000001,62.14
2020-12-28 16:30:00,231,247,153,30.6,0.6000000000000001,64.0
2020-12-28 17:00:00,128,138,99,30.1,0.6000000000000001,68.35000000000001
2020-12-28 17:30:00,39,42,34,29.5,0.6000000000000001,70.74
2020-12-29 07:00:00,26,68,21,24.9,1.3,92.39
2020-12-29 07:30:00,110,236,68,26.1,1.1,86.06
2020-12-29 08:00:00,214,390,103,27.200000000000003,1.0,80.23
2020-12-29 08:30:00,266,295,152,28.6,0.9,73.97
2020-12-29 09:00:00,426,582,146,30.0,0.8,67.34
2020-12-29 09:30:00,522,639,161,30.700000000000003,1.0,64.71000000000001
2020-12-29 10:00:00,591,598,209,31.4,1.2000000000000002,61.49
2020-12-29 10:30:00,596,445,286,31.9,1.3,59.72
2020-12-29 11:00:00,647,464,301,32.4,1.4,57.19
2020-12-29 11:30:00,695,507,300,32.7,1.4,56.18
2020-12-29 12:00:00,626,300,387,33.0,1.5,54.27
2020-12-29 12:30:00,439,72,381,33.2,1.5,53.620000000000005
2020-12-29 13:00:00,618,301,381,33.4,1.5,52.19
2020-12-29 13:30:00,558,240,375,33.4,1.5,52.19
2020-12-29 14:00:00,576,350,325,33.4,1.5,51.64
2020-12-29 14:30:00,323,51,289,33.2,1.5,52.22
2020-12-29 15:00:00,431,279,266,33.0,1.5,52.47
2020-12-29 15:30:00,338,215,228,32.6,1.4,53.65
2020-12-29 16:00:00,318,393,153,32.2,1.3,55.96
2020-12-29 16:30:00,240,321,137,31.200000000000003,1.1,59.27
2020-12-29 17:00:00,137,211,92,30.200000000000003,0.8,71.12
2020-12-29 17:30:00,46,82,37,29.5,0.8,74.03
2020-12-30 07:00:00,27,83,22,23.9,2.9000000000000004,86.64
2020-12-30 07:30:00,112,266,65,24.9,3.0,81.62
2020-12-30 08:00:00,217,428,95,25.9,3.1,76.89
2020-12-30 08:30:00,325,534,119,27.3,3.6,70.83
2020-12-30 09:00:00,434,632,131,28.6,4.1000000000000005,64.36
2020-12-30 09:30:00,530,687,142,29.5,4.5,61.11
2020-12-30 10:00:00,623,764,136,30.4,4.9,56.1
2020-12-30 10:30:00,697,794,142,30.9,5.1000000000000005,54.53
2020-12-30 11:00:00,759,838,135,31.4,5.4,51.94
2020-12-30 11:30:00,800,850,138,31.6,5.4,51.3
2020-12-30 12:00:00,825,869,133,31.9,5.4,50.44
2020-12-30 12:30:00,829,870,134,31.9,5.300000000000001,50.39
2020-12-30 13:00:00,809,844,145,32.0,5.300000000000001,50.41
2020-12-30 13:30:00,775,834,142,31.9,5.2,50.64
2020-12-30 14:00:00,725,818,138,31.700000000000003,5.1000000000000005,51.41
2020-12-30 14:30:00,658,793,134,31.5,5.1000000000000005,51.99
2020-12-30 15:00:00,576,757,128,31.200000000000003,5.0,52.85
2020-12-30 15:30:00,483,710,120,30.700000000000003,4.7,54.370000000000005
2020-12-30 16:00:00,374,603,120,30.200000000000003,4.5,56.31
2020-12-30 16:30:00,265,509,101,29.3,3.8,59.29
2020-12-30 17:00:00,156,355,80,28.3,3.2,64.69
2020-12-30 17:30:00,59,171,41,27.4,3.0,68.23
2020-12-31 07:00:00,20,0,20,18.3,4.0,74.64
2020-12-31 07:30:00,118,283,69,19.3,4.5,70.14
2020-12-31 08:00:00,225,432,103,20.200000000000003,4.9,65.12
2020-12-31 08:30:00,334,539,127,21.3,5.0,60.870000000000005
2020-12-31 09:00:00,441,618,145,22.4,5.1000000000000005,57.870000000000005
2020-12-31 09:30:00,537,675,157,23.4,5.1000000000000005,54.48
2020-12-31 10:00:00,631,753,152,24.4,5.1000000000000005,53.01
2020-12-31 10:30:00,705,783,159,25.200000000000003,5.0,50.49
2020-12-31 11:00:00,762,801,165,26.0,5.0,49.58
2020-12-31 11:30:00,803,815,169,26.6,4.9,47.81
2020-12-31 12:00:00,826,823,170,27.200000000000003,4.9,47.24
2020-12-31 12:30:00,828,824,169,27.5,4.800000000000001,46.38
2020-12-31 13:00:00,815,828,163,27.8,4.800000000000001,46.23
2020-12-31 13:30:00,782,818,160,27.9,4.800000000000001,45.97
2020-12-31 14:00:00,732,808,152,28.0,4.7,46.03
2020-12-31 14:30:00,665,783,146,27.8,4.7,46.52
2020-12-31 15:00:00,583,756,134,27.700000000000003,4.7,46.79
2020-12-31 15:30:00,488,708,124,27.200000000000003,4.5,48.17
2020-12-31 16:00:00,385,650,110,26.700000000000003,4.4,50.41
2020-12-31 16:30:00,275,560,93,25.6,3.8,53.78
2020-12-31 17:00:00,165,436,70,24.5,3.2,61.13
2020-12-31 17:30:00,65,241,39,23.5,2.9000000000000004,64.96000000000001
